{
"type": "FeatureCollection",
"name": "edges_drive",
"crs": { "type": "name", "properties": { "name": "urn:ogc:def:crs:OGC:1.3:CRS84" } },
"features": [
{ "type": "Feature", "properties": { "u": 8083272, "v": 11206920, "key": 0, "osmid": "23407038", "highway": "primary", "lanes": "5", "maxspeed": "50", "name": "Anckelmannsplatz", "oneway": true, "ref": "B 75", "reversed": "False", "length": 56.346748818103315, "bridge": "", "width": "", "tunnel": "", "access": "" }, "geometry": { "type": "LineString", "coordinates": [ [ 10.0256509, 53.551817 ], [ 10.0258977, 53.5514704 ], [ 10.0259832, 53.5513503 ] ] } },
{ "type": "Feature", "properties": { "u": 8083272, "v": 570105755, "key": 0, "osmid": [ 143586356, 1451101727 ], "highway": "primary", "lanes": "4", "maxspeed": "50", "name": "Spaldingstraße", "oneway": true, "ref": "", "reversed": "False", "length": 44.201483119075775, "bridge": "", "width": "", "tunnel": "", "access": "" }, "geometry": { "type": "LineString", "coordinates": [ [ 10.0256509, 53.551817 ], [ 10.0254509, 53.5517589 ], [ 10.0250461, 53.551647 ] ] } },
{ "type": "Feature", "properties": { "u": 8083276, "v": 150401477, "key": 0, "osmid": "15665063", "highway": "secondary", "lanes": "3", "maxspeed": "50", "name": "Lübeckertordamm", "oneway": true, "ref": "", "reversed": "False", "length": 35.897874284879975, "bridge": "", "width": "", "tunnel": "", "access": "" }, "geometry": { "type": "LineString", "coordinates": [ [ 10.0232732, 53.5582728 ], [ 10.0236176, 53.5583684 ], [ 10.0237658, 53.5584092 ] ] } },
{ "type": "Feature", "properties": { "u": 8083276, "v": 150404413, "key": 0, "osmid": [ 24339489, 190417292, 15214359 ], "highway": "primary", "lanes": [ "4", "3", "2" ], "maxspeed": "50", "name": "Wallstraße", "oneway": true, "ref": "", "reversed": "False", "length": 252.01580062221592, "bridge": "", "width": "", "tunnel": "", "access": "" }, "geometry": { "type": "LineString", "coordinates": [ [ 10.0232732, 53.5582728 ], [ 10.0236563, 53.5581703 ], [ 10.0237672, 53.5581156 ], [ 10.0239575, 53.558009 ], [ 10.0247817, 53.5575368 ], [ 10.0248699, 53.557483 ], [ 10.025159, 53.5573163 ], [ 10.0255481, 53.5570751 ], [ 10.0257561, 53.5569478 ], [ 10.0258147, 53.556912 ], [ 10.0260725, 53.5567543 ] ] } },
{ "type": "Feature", "properties": { "u": 11206074, "v": 93182144, "key": 0, "osmid": "40273559", "highway": "secondary", "lanes": "2", "maxspeed": "50", "name": "Kurt-Schumacher-Allee", "oneway": true, "ref": "", "reversed": "False", "length": 123.47908974656087, "bridge": "", "width": "", "tunnel": "", "access": "" }, "geometry": { "type": "LineString", "coordinates": [ [ 10.0158346, 53.5518519 ], [ 10.0161076, 53.5518848 ], [ 10.0162431, 53.5519074 ], [ 10.0168933, 53.5520307 ], [ 10.0172769, 53.5521079 ], [ 10.0176173, 53.5521817 ] ] } },
{ "type": "Feature", "properties": { "u": 11206074, "v": 257680429, "key": 0, "osmid": "1116549938", "highway": "tertiary", "lanes": "2", "maxspeed": "50", "name": "Nagelsweg", "oneway": true, "ref": "", "reversed": "False", "length": 20.699508544434487, "bridge": "", "width": "", "tunnel": "", "access": "" }, "geometry": { "type": "LineString", "coordinates": [ [ 10.0158346, 53.5518519 ], [ 10.0158444, 53.5517883 ], [ 10.0158522, 53.55176 ], [ 10.0159193, 53.5516753 ] ] } },
{ "type": "Feature", "properties": { "u": 11206076, "v": 1571348041, "key": 0, "osmid": [ 25485673, 143586308, 21594797 ], "highway": "tertiary", "lanes": [ "3", "2" ], "maxspeed": "50", "name": "Hammerbrookstraße", "oneway": false, "ref": "", "reversed": "False", "length": 175.88148001345269, "bridge": "yes", "width": "", "tunnel": "", "access": "" }, "geometry": { "type": "LineString", "coordinates": [ [ 10.0239244, 53.5465357 ], [ 10.0234896, 53.5470947 ], [ 10.0234278, 53.5471745 ], [ 10.0232352, 53.5474238 ], [ 10.0231705, 53.5475065 ], [ 10.0230538, 53.5476557 ], [ 10.0230255, 53.5476918 ], [ 10.0229488, 53.5477898 ], [ 10.0228068, 53.5479713 ] ] } },
{ "type": "Feature", "properties": { "u": 11206076, "v": 14469666, "key": 0, "osmid": "788438005", "highway": "tertiary", "lanes": "", "maxspeed": "50", "name": "Wendenstraße", "oneway": false, "ref": "", "reversed": "False", "length": 223.19564827879506, "bridge": "", "width": "", "tunnel": "", "access": "" }, "geometry": { "type": "LineString", "coordinates": [ [ 10.0239244, 53.5465357 ], [ 10.0253456, 53.5469239 ], [ 10.0260631, 53.5471199 ], [ 10.0266227, 53.5472752 ], [ 10.0269933, 53.5473748 ] ] } },
{ "type": "Feature", "properties": { "u": 11206916, "v": 11206923, "key": 0, "osmid": "143586328", "highway": "tertiary", "lanes": "4", "maxspeed": "50", "name": "Nagelsweg", "oneway": false, "ref": "", "reversed": "True", "length": 53.388712037784408, "bridge": "", "width": "", "tunnel": "", "access": "" }, "geometry": { "type": "LineString", "coordinates": [ [ 10.0178934, 53.5491079 ], [ 10.0177973, 53.5492348 ], [ 10.0176674, 53.549406 ], [ 10.0176304, 53.549455 ], [ 10.0175616, 53.5495457 ] ] } },
{ "type": "Feature", "properties": { "u": 11206916, "v": 98870252, "key": 0, "osmid": "190581794", "highway": "tertiary", "lanes": "4", "maxspeed": "50", "name": "Nagelsweg", "oneway": false, "ref": "", "reversed": "False", "length": 53.573432691790003, "bridge": "", "width": "", "tunnel": "", "access": "" }, "geometry": { "type": "LineString", "coordinates": [ [ 10.0178934, 53.5491079 ], [ 10.0179791, 53.5489949 ], [ 10.0180319, 53.5489252 ], [ 10.0182264, 53.5486686 ] ] } },
{ "type": "Feature", "properties": { "u": 11206916, "v": 33324488, "key": 0, "osmid": [ 44964352, 190581799 ], "highway": "primary", "lanes": [ "4", "3" ], "maxspeed": "50", "name": "Nordkanalstraße", "oneway": true, "ref": "", "reversed": "False", "length": 237.53858111746339, "bridge": "", "width": "", "tunnel": "", "access": "" }, "geometry": { "type": "LineString", "coordinates": [ [ 10.0178934, 53.5491079 ], [ 10.0180534, 53.5491514 ], [ 10.018254, 53.549206 ], [ 10.0192461, 53.5494759 ], [ 10.0202765, 53.5497561 ], [ 10.0208265, 53.5499114 ], [ 10.0209551, 53.5499477 ], [ 10.0211568, 53.5500046 ] ] } },
{ "type": "Feature", "properties": { "u": 11206920, "v": 570105756, "key": 0, "osmid": "85345205", "highway": "primary", "lanes": "2", "maxspeed": "50", "name": "Anckelmannsplatz", "oneway": true, "ref": "", "reversed": "False", "length": 53.666941185225618, "bridge": "", "width": "", "tunnel": "", "access": "" }, "geometry": { "type": "LineString", "coordinates": [ [ 10.0259832, 53.5513503 ], [ 10.0261181, 53.5514479 ], [ 10.0262551, 53.5515051 ], [ 10.0263086, 53.5515372 ], [ 10.02633, 53.5515658 ], [ 10.0263406, 53.5515877 ], [ 10.0263394, 53.5516227 ], [ 10.026332, 53.5516614 ], [ 10.026279, 53.5517389 ] ] } },
{ "type": "Feature", "properties": { "u": 11206920, "v": 14473318, "key": 0, "osmid": "85345209", "highway": "primary", "lanes": "3", "maxspeed": "50", "name": "Anckelmannsplatz", "oneway": true, "ref": "", "reversed": "False", "length": 39.335050780239293, "bridge": "", "width": "", "tunnel": "", "access": "" }, "geometry": { "type": "LineString", "coordinates": [ [ 10.0259832, 53.5513503 ], [ 10.0260465, 53.5513663 ], [ 10.0263149, 53.5514342 ], [ 10.0265311, 53.5514888 ] ] } },
{ "type": "Feature", "properties": { "u": 11206920, "v": 35138370, "key": 0, "osmid": [ 763469904, 190417267, 190417268, 143586316 ], "highway": "primary", "lanes": [ "4", "5" ], "maxspeed": "50", "name": "Heidenkampsweg", "oneway": true, "ref": "B 75", "reversed": "False", "length": 168.71982996587096, "bridge": "", "width": "", "tunnel": "", "access": "" }, "geometry": { "type": "LineString", "coordinates": [ [ 10.0259832, 53.5513503 ], [ 10.0260627, 53.5512201 ], [ 10.0265323, 53.5505641 ], [ 10.0266065, 53.5504104 ], [ 10.0266987, 53.5502252 ], [ 10.0268514, 53.5499257 ] ] } },
{ "type": "Feature", "properties": { "u": 11206923, "v": 11206916, "key": 0, "osmid": "143586328", "highway": "tertiary", "lanes": "4", "maxspeed": "50", "name": "Nagelsweg", "oneway": false, "ref": "", "reversed": "False", "length": 53.388712037784408, "bridge": "", "width": "", "tunnel": "", "access": "" }, "geometry": { "type": "LineString", "coordinates": [ [ 10.0175616, 53.5495457 ], [ 10.0176304, 53.549455 ], [ 10.0176674, 53.549406 ], [ 10.0177973, 53.5492348 ], [ 10.0178934, 53.5491079 ] ] } },
{ "type": "Feature", "properties": { "u": 11206923, "v": 35138375, "key": 0, "osmid": [ 333891036, 195634366 ], "highway": "primary", "lanes": "3", "maxspeed": "50", "name": "Spaldingstraße", "oneway": true, "ref": "", "reversed": "False", "length": 164.22526381539859, "bridge": "", "width": "", "tunnel": "", "access": "" }, "geometry": { "type": "LineString", "coordinates": [ [ 10.0175616, 53.5495457 ], [ 10.0173612, 53.5494913 ], [ 10.0169239, 53.5493725 ], [ 10.0166852, 53.5493076 ], [ 10.0159239, 53.5491007 ], [ 10.015301, 53.5489314 ] ] } },
{ "type": "Feature", "properties": { "u": 13870878, "v": 13870880, "key": 0, "osmid": [ 143586317, 991669262 ], "highway": "unclassified", "lanes": "", "maxspeed": "50", "name": "Heidi-Kabel-Platz", "oneway": false, "ref": "", "reversed": "True", "length": 67.743366528009105, "bridge": "", "width": "", "tunnel": "", "access": "" }, "geometry": { "type": "LineString", "coordinates": [ [ 10.0069912, 53.5543374 ], [ 10.0069072, 53.5543567 ], [ 10.0066199, 53.5545233 ], [ 10.0064227, 53.5546641 ], [ 10.0063959, 53.5547169 ], [ 10.0063794, 53.5547952 ] ] } },
{ "type": "Feature", "properties": { "u": 13870880, "v": 16808413, "key": 0, "osmid": [ 38610040, 38610039 ], "highway": "tertiary", "lanes": [ "4", "3" ], "maxspeed": "50", "name": "Ernst-Merck-Straße", "oneway": false, "ref": "", "reversed": "False", "length": 103.80475254184574, "bridge": "", "width": "", "tunnel": "", "access": "" }, "geometry": { "type": "LineString", "coordinates": [ [ 10.0063794, 53.5547952 ], [ 10.0065583, 53.554816 ], [ 10.0068722, 53.5548621 ], [ 10.0076778, 53.5549626 ], [ 10.0077456, 53.5549704 ], [ 10.007916, 53.5549901 ] ] } },
{ "type": "Feature", "properties": { "u": 13870880, "v": 13870878, "key": 0, "osmid": [ 143586317, 991669262 ], "highway": "unclassified", "lanes": "", "maxspeed": "50", "name": "Heidi-Kabel-Platz", "oneway": false, "ref": "", "reversed": "False", "length": 67.743366528009105, "bridge": "", "width": "", "tunnel": "", "access": "" }, "geometry": { "type": "LineString", "coordinates": [ [ 10.0063794, 53.5547952 ], [ 10.0063959, 53.5547169 ], [ 10.0064227, 53.5546641 ], [ 10.0066199, 53.5545233 ], [ 10.0069072, 53.5543567 ], [ 10.0069912, 53.5543374 ] ] } },
{ "type": "Feature", "properties": { "u": 13879914, "v": 1677782599, "key": 0, "osmid": "78797055", "highway": "tertiary", "lanes": "1", "maxspeed": "50", "name": "Kirchenallee", "oneway": true, "ref": "", "reversed": "False", "length": 11.960092229990575, "bridge": "", "width": "", "tunnel": "", "access": "" }, "geometry": { "type": "LineString", "coordinates": [ [ 10.0088528, 53.5520479 ], [ 10.0088765, 53.5521215 ], [ 10.0088813, 53.552154 ] ] } },
{ "type": "Feature", "properties": { "u": 13879914, "v": 119093863, "key": 0, "osmid": "143586365", "highway": "secondary", "lanes": "2", "maxspeed": "50", "name": "Steintorplatz", "oneway": true, "ref": "", "reversed": "False", "length": 74.362907211184918, "bridge": "", "width": "", "tunnel": "", "access": "" }, "geometry": { "type": "LineString", "coordinates": [ [ 10.0088528, 53.5520479 ], [ 10.0090174, 53.5520662 ], [ 10.0091558, 53.5520811 ], [ 10.009583, 53.5521341 ], [ 10.0097637, 53.5521593 ], [ 10.0099551, 53.5521831 ] ] } },
{ "type": "Feature", "properties": { "u": 14469666, "v": 1640544008, "key": 0, "osmid": [ 131675656, 190417294 ], "highway": "tertiary", "lanes": "3", "maxspeed": "50", "name": "Wendenstraße", "oneway": false, "ref": "", "reversed": "False", "length": 110.17381640955347, "bridge": "", "width": "", "tunnel": "", "access": "" }, "geometry": { "type": "LineString", "coordinates": [ [ 10.0269933, 53.5473748 ], [ 10.027481, 53.5475081 ], [ 10.0276163, 53.5475451 ], [ 10.028053, 53.5476645 ], [ 10.0282036, 53.5477057 ], [ 10.0283572, 53.5477477 ], [ 10.0285082, 53.547789 ] ] } },
{ "type": "Feature", "properties": { "u": 14469666, "v": 11206076, "key": 0, "osmid": "788438005", "highway": "tertiary", "lanes": "", "maxspeed": "50", "name": "Wendenstraße", "oneway": false, "ref": "", "reversed": "True", "length": 223.19564827879503, "bridge": "", "width": "", "tunnel": "", "access": "" }, "geometry": { "type": "LineString", "coordinates": [ [ 10.0269933, 53.5473748 ], [ 10.0266227, 53.5472752 ], [ 10.0260631, 53.5471199 ], [ 10.0253456, 53.5469239 ], [ 10.0239244, 53.5465357 ] ] } },
{ "type": "Feature", "properties": { "u": 14469670, "v": 305286851, "key": 0, "osmid": [ 27805061, 143586249, 60417898, 528961141, 60417879 ], "highway": "secondary", "lanes": [ "1", "3", "2" ], "maxspeed": "50", "name": [ "Berlinertordamm", "Borgfelder Straße" ], "oneway": true, "ref": "", "reversed": "False", "length": 193.45290268135273, "bridge": "yes", "width": "", "tunnel": "", "access": "" }, "geometry": { "type": "LineString", "coordinates": [ [ 10.0246577, 53.5535089 ], [ 10.0247453, 53.5535152 ], [ 10.0248583, 53.5535234 ], [ 10.0258141, 53.5536177 ], [ 10.0262178, 53.5536611 ], [ 10.0264464, 53.5536828 ], [ 10.0269491, 53.5537466 ], [ 10.0270924, 53.5537602 ], [ 10.0275223, 53.5538517 ] ] } },
{ "type": "Feature", "properties": { "u": 14469672, "v": 305286859, "key": 0, "osmid": [ 35576864, 617018971 ], "highway": "unclassified", "lanes": "2", "maxspeed": "50", "name": "Berliner Tor", "oneway": true, "ref": "", "reversed": "False", "length": 31.547164133413084, "bridge": "", "width": "", "tunnel": "", "access": "" }, "geometry": { "type": "LineString", "coordinates": [ [ 10.0242135, 53.5538715 ], [ 10.0241955, 53.5538138 ], [ 10.0242273, 53.5537611 ], [ 10.0242551, 53.5537022 ], [ 10.0243027, 53.5535981 ] ] } },
{ "type": "Feature", "properties": { "u": 14469672, "v": 296049113, "key": 0, "osmid": [ 365244737, 241578883, 1270418758, 776635595, 35576861 ], "highway": "unclassified", "lanes": [ "3", "2" ], "maxspeed": "50", "name": [ "Bei der Hauptfeuerwache", "Berliner Tor" ], "oneway": false, "ref": "", "reversed": [ false, true ], "length": 192.84284387966159, "bridge": "", "width": "", "tunnel": "", "access": "" }, "geometry": { "type": "LineString", "coordinates": [ [ 10.0242135, 53.5538715 ], [ 10.0240199, 53.5540389 ], [ 10.0239196, 53.5541692 ], [ 10.0233939, 53.5548601 ], [ 10.02339, 53.5548678 ], [ 10.0233894, 53.5548753 ], [ 10.0233906, 53.5548816 ], [ 10.0233932, 53.5548884 ], [ 10.0234018, 53.554899 ], [ 10.0234088, 53.554905 ], [ 10.0234165, 53.5549102 ], [ 10.0234522, 53.554926 ], [ 10.0235134, 53.5549468 ], [ 10.0239044, 53.555049 ], [ 10.0242015, 53.5551266 ], [ 10.0242929, 53.555152 ] ] } },
{ "type": "Feature", "properties": { "u": 14469672, "v": 7246371258, "key": 0, "osmid": [ 1270418761, 3042247 ], "highway": "unclassified", "lanes": "2", "maxspeed": "30", "name": "Westphalensweg", "oneway": false, "ref": "", "reversed": "False", "length": 59.0962508963812, "bridge": "", "width": "", "tunnel": "", "access": "" }, "geometry": { "type": "LineString", "coordinates": [ [ 10.0242135, 53.5538715 ], [ 10.0242999, 53.5539049 ], [ 10.0244598, 53.5539975 ], [ 10.0245472, 53.554063 ], [ 10.0246514, 53.5541518 ], [ 10.0247235, 53.5542163 ], [ 10.02478, 53.5542758 ] ] } },
{ "type": "Feature", "properties": { "u": 14469675, "v": 148887327, "key": 0, "osmid": "15666000", "highway": "unclassified", "lanes": "1", "maxspeed": "30", "name": "Bei der Hauptfeuerwache", "oneway": true, "ref": "", "reversed": "False", "length": 10.999338548822273, "bridge": "", "width": "", "tunnel": "", "access": "" }, "geometry": { "type": "LineString", "coordinates": [ [ 10.0253281, 53.555414 ], [ 10.025355, 53.5554096 ], [ 10.0253797, 53.5554034 ], [ 10.0254003, 53.555395 ], [ 10.0254235, 53.5553826 ], [ 10.0254368, 53.5553731 ], [ 10.025458, 53.5553567 ] ] } },
{ "type": "Feature", "properties": { "u": 14469675, "v": 7246371245, "key": 0, "osmid": "776635601", "highway": "unclassified", "lanes": "1", "maxspeed": "30", "name": "Westphalensweg", "oneway": true, "ref": "", "reversed": "False", "length": 108.42634791680032, "bridge": "", "width": "", "tunnel": "", "access": "" }, "geometry": { "type": "LineString", "coordinates": [ [ 10.0253281, 53.555414 ], [ 10.0253683, 53.5555006 ], [ 10.0254705, 53.5556879 ], [ 10.0255781, 53.5558586 ], [ 10.0257, 53.5560236 ], [ 10.0258419, 53.5561887 ], [ 10.0259605, 53.5563103 ] ] } },
{ "type": "Feature", "properties": { "u": 14473318, "v": 35835220, "key": 0, "osmid": "6068534", "highway": "primary", "lanes": "3", "maxspeed": "50", "name": "Anckelmannsplatz", "oneway": true, "ref": "", "reversed": "False", "length": 28.671869484042414, "bridge": "", "width": "", "tunnel": "", "access": "" }, "geometry": { "type": "LineString", "coordinates": [ [ 10.0265311, 53.5514888 ], [ 10.0266824, 53.5515295 ], [ 10.0269266, 53.551595 ] ] } },
{ "type": "Feature", "properties": { "u": 14473318, "v": 570105756, "key": 0, "osmid": "143586226", "highway": "primary", "lanes": "5", "maxspeed": "50", "name": "Anckelmannsplatz", "oneway": true, "ref": "B 75", "reversed": "False", "length": 32.633654041758142, "bridge": "", "width": "", "tunnel": "", "access": "" }, "geometry": { "type": "LineString", "coordinates": [ [ 10.0265311, 53.5514888 ], [ 10.0264669, 53.5515745 ], [ 10.0264104, 53.5516383 ], [ 10.0263528, 53.5516889 ], [ 10.026279, 53.5517389 ] ] } },
{ "type": "Feature", "properties": { "u": 16381642, "v": 21271913, "key": 0, "osmid": "4015587", "highway": "residential", "lanes": "", "maxspeed": "30", "name": "Bülaustraße", "oneway": false, "ref": "", "reversed": "True", "length": 80.635191323473265, "bridge": "", "width": "", "tunnel": "", "access": "" }, "geometry": { "type": "LineString", "coordinates": [ [ 10.0145246, 53.5597029 ], [ 10.0146001, 53.5596788 ], [ 10.0153864, 53.5592403 ], [ 10.0154116, 53.5592102 ] ] } },
{ "type": "Feature", "properties": { "u": 16381642, "v": 18128893, "key": 0, "osmid": [ 30371482, 1459126485, 249672022 ], "highway": "tertiary", "lanes": "1", "maxspeed": "50", "name": "Lange Reihe", "oneway": true, "ref": "", "reversed": "False", "length": 70.039451154567118, "bridge": "", "width": "", "tunnel": "", "access": "" }, "geometry": { "type": "LineString", "coordinates": [ [ 10.0145246, 53.5597029 ], [ 10.0146089, 53.5598236 ], [ 10.0147513, 53.5601122 ], [ 10.0148052, 53.5602177 ], [ 10.0148218, 53.5602501 ], [ 10.0148484, 53.5603021 ] ] } },
{ "type": "Feature", "properties": { "u": 16381692, "v": 8596185868, "key": 0, "osmid": "190163836", "highway": "primary", "lanes": "4", "maxspeed": "50", "name": "Sechslingspforte", "oneway": true, "ref": "", "reversed": "False", "length": 25.403616110746611, "bridge": "", "width": "", "tunnel": "", "access": "" }, "geometry": { "type": "LineString", "coordinates": [ [ 10.0228456, 53.5584491 ], [ 10.0230463, 53.5583604 ], [ 10.0231568, 53.5583149 ] ] } },
{ "type": "Feature", "properties": { "u": 16381692, "v": 8596101588, "key": 0, "osmid": [ 926315052, 1116898356, 15660030 ], "highway": "secondary", "lanes": "2", "maxspeed": "50", "name": "Lübeckertordamm", "oneway": true, "ref": "", "reversed": "False", "length": 211.81748930968286, "bridge": "", "width": "", "tunnel": "", "access": "" }, "geometry": { "type": "LineString", "coordinates": [ [ 10.0228456, 53.5584491 ], [ 10.0227262, 53.5584003 ], [ 10.0223397, 53.5581529 ], [ 10.0222029, 53.5580727 ], [ 10.0218585, 53.55791 ], [ 10.0212104, 53.55762 ], [ 10.0208431, 53.5574504 ], [ 10.0206423, 53.5573677 ], [ 10.0205635, 53.5573352 ], [ 10.0203601, 53.5572545 ] ] } },
{ "type": "Feature", "properties": { "u": 16382149, "v": 21271914, "key": 0, "osmid": "4062225", "highway": "residential", "lanes": "", "maxspeed": "30", "name": "Schmilinskystraße", "oneway": false, "ref": "", "reversed": "True", "length": 76.991899508302453, "bridge": "", "width": "", "tunnel": "", "access": "" }, "geometry": { "type": "LineString", "coordinates": [ [ 10.0132392, 53.5588851 ], [ 10.0133572, 53.5588077 ], [ 10.0134349, 53.5587568 ], [ 10.0139436, 53.5584374 ], [ 10.0140631, 53.5584014 ] ] } },
{ "type": "Feature", "properties": { "u": 16382149, "v": 296087525, "key": 0, "osmid": "27012562", "highway": "tertiary", "lanes": "1", "maxspeed": "50", "name": "Lange Reihe", "oneway": true, "ref": "", "reversed": "False", "length": 25.127652438445878, "bridge": "", "width": "", "tunnel": "", "access": "" }, "geometry": { "type": "LineString", "coordinates": [ [ 10.0132392, 53.5588851 ], [ 10.0134302, 53.5589441 ], [ 10.0135031, 53.5589695 ], [ 10.0135637, 53.5590011 ] ] } },
{ "type": "Feature", "properties": { "u": 16382149, "v": 49969051, "key": 0, "osmid": [ 54800476, 54800477 ], "highway": "tertiary", "lanes": "2", "maxspeed": "50", "name": "Lange Reihe", "oneway": false, "ref": "", "reversed": "True", "length": 152.53889160454722, "bridge": "", "width": "", "tunnel": "", "access": "" }, "geometry": { "type": "LineString", "coordinates": [ [ 10.0132392, 53.5588851 ], [ 10.0131005, 53.5587946 ], [ 10.0130675, 53.5587731 ], [ 10.0127251, 53.5585266 ], [ 10.0127152, 53.5585197 ], [ 10.0124923, 53.5583517 ], [ 10.0121141, 53.5580656 ], [ 10.011835, 53.5578559 ], [ 10.0117925, 53.5578166 ] ] } },
{ "type": "Feature", "properties": { "u": 16566383, "v": 18128906, "key": 0, "osmid": "4218926", "highway": "unclassified", "lanes": "1", "maxspeed": "50", "name": "An der Alster", "oneway": true, "ref": "", "reversed": "False", "length": 85.153881998741667, "bridge": "", "width": "", "tunnel": "", "access": "" }, "geometry": { "type": "LineString", "coordinates": [ [ 10.0126509, 53.5606486 ], [ 10.0129136, 53.5606428 ], [ 10.0130416, 53.5606509 ], [ 10.0132606, 53.5606992 ], [ 10.0135355, 53.5608148 ], [ 10.0136557, 53.5608865 ], [ 10.013747, 53.5609623 ] ] } },
{ "type": "Feature", "properties": { "u": 16566383, "v": 1561539048, "key": 0, "osmid": "82932009", "highway": "primary", "lanes": "4", "maxspeed": "50", "name": "An der Alster", "oneway": false, "ref": "", "reversed": "True", "length": 71.169423362217088, "bridge": "", "width": "", "tunnel": "", "access": "" }, "geometry": { "type": "LineString", "coordinates": [ [ 10.0126509, 53.5606486 ], [ 10.0125126, 53.5605764 ], [ 10.0123016, 53.560481 ], [ 10.0120232, 53.560372 ], [ 10.0117693, 53.560283 ] ] } },
{ "type": "Feature", "properties": { "u": 16566383, "v": 1490425214, "key": 0, "osmid": "82932012", "highway": "primary", "lanes": "4", "maxspeed": "50", "name": "An der Alster", "oneway": false, "ref": "", "reversed": "False", "length": 74.679253369257893, "bridge": "", "width": "", "tunnel": "", "access": "" }, "geometry": { "type": "LineString", "coordinates": [ [ 10.0126509, 53.5606486 ], [ 10.0132618, 53.5610505 ], [ 10.0134012, 53.5611509 ] ] } },
{ "type": "Feature", "properties": { "u": 16808406, "v": 1973911688, "key": 0, "osmid": "186624443", "highway": "residential", "lanes": "1", "maxspeed": "50", "name": "Barcastraße", "oneway": true, "ref": "", "reversed": "False", "length": 7.3684898517489081, "bridge": "", "width": "", "tunnel": "", "access": "" }, "geometry": { "type": "LineString", "coordinates": [ [ 10.0178189, 53.5627335 ], [ 10.017811, 53.5627996 ] ] } },
{ "type": "Feature", "properties": { "u": 16808406, "v": 330823783, "key": 0, "osmid": "1462448038", "highway": "residential", "lanes": "1", "maxspeed": "50", "name": "Graumannsweg", "oneway": true, "ref": "", "reversed": "False", "length": 18.421409743927768, "bridge": "", "width": "", "tunnel": "", "access": "" }, "geometry": { "type": "LineString", "coordinates": [ [ 10.0178189, 53.5627335 ], [ 10.0179606, 53.5627447 ], [ 10.0180171, 53.5627503 ], [ 10.0180757, 53.5627815 ] ] } },
{ "type": "Feature", "properties": { "u": 16808413, "v": 13870880, "key": 0, "osmid": [ 38610040, 38610039 ], "highway": "tertiary", "lanes": [ "4", "3" ], "maxspeed": "50", "name": "Ernst-Merck-Straße", "oneway": false, "ref": "", "reversed": "True", "length": 103.80475254184573, "bridge": "", "width": "", "tunnel": "", "access": "" }, "geometry": { "type": "LineString", "coordinates": [ [ 10.007916, 53.5549901 ], [ 10.0077456, 53.5549704 ], [ 10.0076778, 53.5549626 ], [ 10.0068722, 53.5548621 ], [ 10.0065583, 53.554816 ], [ 10.0063794, 53.5547952 ] ] } },
{ "type": "Feature", "properties": { "u": 16808413, "v": 517871424, "key": 0, "osmid": "41862250", "highway": "tertiary", "lanes": "2", "maxspeed": "50", "name": "Kirchenallee", "oneway": true, "ref": "", "reversed": "False", "length": 154.97550374621002, "bridge": "", "width": "", "tunnel": "", "access": "" }, "geometry": { "type": "LineString", "coordinates": [ [ 10.007916, 53.5549901 ], [ 10.007971, 53.5548723 ], [ 10.0080635, 53.5545813 ], [ 10.0080983, 53.5544558 ], [ 10.0081195, 53.554383 ], [ 10.008221, 53.5540347 ], [ 10.0083458, 53.5536205 ] ] } },
{ "type": "Feature", "properties": { "u": 16808413, "v": 518362046, "key": 0, "osmid": "143586274", "highway": "tertiary", "lanes": "1", "maxspeed": "50", "name": "Ernst-Merck-Straße", "oneway": true, "ref": "", "reversed": "False", "length": 19.304342251802183, "bridge": "", "width": "8.1", "tunnel": "", "access": "" }, "geometry": { "type": "LineString", "coordinates": [ [ 10.007916, 53.5549901 ], [ 10.0079502, 53.5550003 ], [ 10.0079751, 53.5550119 ], [ 10.0079967, 53.5550266 ], [ 10.0080108, 53.5550404 ], [ 10.0080218, 53.5550565 ], [ 10.0080281, 53.5550738 ], [ 10.0080539, 53.5551332 ] ] } },
{ "type": "Feature", "properties": { "u": 16808415, "v": 248728380, "key": 0, "osmid": [ 190163824, 33820523, 1462857206 ], "highway": "tertiary", "lanes": [ "3", "2" ], "maxspeed": "50", "name": "Lange Reihe", "oneway": false, "ref": "", "reversed": "False", "length": 135.81046028373913, "bridge": "", "width": "", "tunnel": "", "access": "" }, "geometry": { "type": "LineString", "coordinates": [ [ 10.0087981, 53.5556126 ], [ 10.0088604, 53.5556407 ], [ 10.0089342, 53.5556823 ], [ 10.0090028, 53.5557278 ], [ 10.0090815, 53.5557861 ], [ 10.0093919, 53.5560163 ], [ 10.0096884, 53.5562438 ], [ 10.0098775, 53.5563898 ], [ 10.0099813, 53.5564579 ], [ 10.0101297, 53.5565392 ] ] } },
{ "type": "Feature", "properties": { "u": 16808415, "v": 248728377, "key": 0, "osmid": [ 143586233, 1462857210 ], "highway": "residential", "lanes": "", "maxspeed": "30", "name": "Baumeisterstraße", "oneway": false, "ref": "", "reversed": "False", "length": 42.654580786985562, "bridge": "", "width": "", "tunnel": "", "access": "" }, "geometry": { "type": "LineString", "coordinates": [ [ 10.0087981, 53.5556126 ], [ 10.0089149, 53.555554 ], [ 10.0090484, 53.5554871 ], [ 10.0092916, 53.5553652 ] ] } },
{ "type": "Feature", "properties": { "u": 16808415, "v": 319060332, "key": 0, "osmid": "1512838904", "highway": "tertiary", "lanes": "3", "maxspeed": "50", "name": "Lange Reihe", "oneway": false, "ref": "", "reversed": "True", "length": 7.3435230020934963, "bridge": "", "width": "", "tunnel": "", "access": "" }, "geometry": { "type": "LineString", "coordinates": [ [ 10.0087981, 53.5556126 ], [ 10.0087628, 53.5556001 ], [ 10.008702, 53.5555794 ] ] } },
{ "type": "Feature", "properties": { "u": 17209203, "v": 16382149, "key": 0, "osmid": "26622832", "highway": "residential", "lanes": "1", "maxspeed": "30", "name": "Schmilinskystraße", "oneway": true, "ref": "", "reversed": "False", "length": 78.438724105539876, "bridge": "", "width": "", "tunnel": "", "access": "" }, "geometry": { "type": "LineString", "coordinates": [ [ 10.0122857, 53.5592947 ], [ 10.013095, 53.5589934 ], [ 10.0131385, 53.5589607 ], [ 10.0132392, 53.5588851 ] ] } },
{ "type": "Feature", "properties": { "u": 17209206, "v": 258109340, "key": 0, "osmid": "62091588", "highway": "residential", "lanes": "", "maxspeed": "30", "name": "Kirchenallee", "oneway": false, "ref": "", "reversed": "False", "length": 13.151955120293225, "bridge": "", "width": "4.5", "tunnel": "", "access": "" }, "geometry": { "type": "LineString", "coordinates": [ [ 10.0075999, 53.555852 ], [ 10.0077779, 53.555799 ] ] } },
{ "type": "Feature", "properties": { "u": 17209207, "v": 17209203, "key": 0, "osmid": "26622568", "highway": "residential", "lanes": "", "maxspeed": "30", "name": "Koppel", "oneway": true, "ref": "", "reversed": "False", "length": 198.06434016753542, "bridge": "", "width": "", "tunnel": "", "access": "" }, "geometry": { "type": "LineString", "coordinates": [ [ 10.0143244, 53.5605792 ], [ 10.0136639, 53.5601838 ], [ 10.0134931, 53.5600837 ], [ 10.0133144, 53.5600193 ], [ 10.0132361, 53.5599705 ], [ 10.012814, 53.5597087 ], [ 10.0127631, 53.5596686 ], [ 10.0123529, 53.5594105 ], [ 10.0122857, 53.5592947 ] ] } },
{ "type": "Feature", "properties": { "u": 17209207, "v": 18128906, "key": 0, "osmid": "87506241", "highway": "unclassified", "lanes": "2", "maxspeed": "50", "name": "Lohmühlenstraße", "oneway": false, "ref": "", "reversed": "True", "length": 57.444493747502563, "bridge": "", "width": "", "tunnel": "", "access": "" }, "geometry": { "type": "LineString", "coordinates": [ [ 10.0143244, 53.5605792 ], [ 10.013935, 53.5608012 ], [ 10.013747, 53.5609623 ] ] } },
{ "type": "Feature", "properties": { "u": 17209207, "v": 296087518, "key": 0, "osmid": [ 1459126484, 1344424709 ], "highway": "unclassified", "lanes": "2", "maxspeed": "50", "name": "Lohmühlenstraße", "oneway": false, "ref": "", "reversed": "False", "length": 37.196838603554092, "bridge": "", "width": "", "tunnel": "", "access": "" }, "geometry": { "type": "LineString", "coordinates": [ [ 10.0143244, 53.5605792 ], [ 10.0146333, 53.5604259 ], [ 10.014756, 53.5603643 ] ] } },
{ "type": "Feature", "properties": { "u": 18128893, "v": 296087518, "key": 0, "osmid": "31009398", "highway": "unclassified", "lanes": "", "maxspeed": "", "name": "Lohmühlenstraße", "oneway": false, "ref": "", "reversed": "True", "length": 9.2238486947252643, "bridge": "", "width": "", "tunnel": "", "access": "" }, "geometry": { "type": "LineString", "coordinates": [ [ 10.0148484, 53.5603021 ], [ 10.014756, 53.5603643 ] ] } },
{ "type": "Feature", "properties": { "u": 18128893, "v": 296087509, "key": 0, "osmid": "27012559", "highway": "tertiary", "lanes": "1", "maxspeed": "50", "name": "Barcastraße", "oneway": true, "ref": "", "reversed": "False", "length": 35.130004310479919, "bridge": "", "width": "", "tunnel": "", "access": "" }, "geometry": { "type": "LineString", "coordinates": [ [ 10.0148484, 53.5603021 ], [ 10.0149301, 53.560448 ], [ 10.014961, 53.5605394 ], [ 10.0149534, 53.5606082 ] ] } },
{ "type": "Feature", "properties": { "u": 18128895, "v": 248729550, "key": 0, "osmid": [ 23783865, 567396883 ], "highway": "residential", "lanes": [ "3", "2" ], "maxspeed": "30", "name": [ "Lohmühlenstraße", "Philipsstraße" ], "oneway": false, "ref": "", "reversed": "False", "length": 152.2541551338746, "bridge": "", "width": "", "tunnel": "", "access": "" }, "geometry": { "type": "LineString", "coordinates": [ [ 10.0192854, 53.557764 ], [ 10.0192161, 53.5577997 ], [ 10.0191832, 53.5578184 ], [ 10.0191574, 53.5578343 ], [ 10.019138, 53.5578504 ], [ 10.0191256, 53.5578638 ], [ 10.0191185, 53.5578771 ], [ 10.0191128, 53.5578921 ], [ 10.0191085, 53.5579072 ], [ 10.0191077, 53.5579162 ], [ 10.0191085, 53.5579259 ], [ 10.0191105, 53.5579427 ], [ 10.0191165, 53.557958 ], [ 10.0191296, 53.5579747 ], [ 10.0191467, 53.5579907 ], [ 10.0192185, 53.5580375 ], [ 10.0196885, 53.5583245 ], [ 10.0202553, 53.558676 ], [ 10.0203645, 53.5588077 ] ] } },
{ "type": "Feature", "properties": { "u": 18128895, "v": 8596101588, "key": 0, "osmid": [ 1174230710, 28643183 ], "highway": "residential", "lanes": [ "3", "2" ], "maxspeed": [ "30", "50" ], "name": "Lohmühlenstraße", "oneway": false, "ref": "", "reversed": "False", "length": 91.827387425067542, "bridge": "", "width": "", "tunnel": "", "access": "" }, "geometry": { "type": "LineString", "coordinates": [ [ 10.0192854, 53.557764 ], [ 10.0194279, 53.5576831 ], [ 10.0196459, 53.5575597 ], [ 10.0197863, 53.5574836 ], [ 10.0198404, 53.5574645 ], [ 10.0199242, 53.557445 ], [ 10.0200006, 53.5574302 ], [ 10.020061, 53.5574119 ], [ 10.0201113, 53.5573932 ], [ 10.0201847, 53.5573566 ], [ 10.0202292, 53.5573284 ], [ 10.0203601, 53.5572545 ] ] } },
{ "type": "Feature", "properties": { "u": 18128895, "v": 18128897, "key": 0, "osmid": [ 143586256, 926320062 ], "highway": "residential", "lanes": "", "maxspeed": "30", "name": "Brennerstraße", "oneway": true, "ref": "", "reversed": "False", "length": 173.67014559126835, "bridge": "", "width": "", "tunnel": "", "access": "" }, "geometry": { "type": "LineString", "coordinates": [ [ 10.0192854, 53.557764 ], [ 10.0191315, 53.5576854 ], [ 10.018874, 53.5575538 ], [ 10.018824, 53.5575265 ], [ 10.0186963, 53.5574567 ], [ 10.0179061, 53.5570499 ], [ 10.0172982, 53.5567414 ] ] } },
{ "type": "Feature", "properties": { "u": 18128897, "v": 20997915, "key": 0, "osmid": "143586256", "highway": "residential", "lanes": "", "maxspeed": "30", "name": "Brennerstraße", "oneway": true, "ref": "", "reversed": "False", "length": 129.99138481687356, "bridge": "", "width": "", "tunnel": "", "access": "" }, "geometry": { "type": "LineString", "coordinates": [ [ 10.0172982, 53.5567414 ], [ 10.0167706, 53.5564608 ], [ 10.0162932, 53.5562093 ], [ 10.0158218, 53.5559685 ] ] } },
{ "type": "Feature", "properties": { "u": 18128900, "v": 21511431, "key": 0, "osmid": "3655668", "highway": "residential", "lanes": "", "maxspeed": "30", "name": "Rostocker Straße", "oneway": false, "ref": "", "reversed": "False", "length": 139.2124549912732, "bridge": "", "width": "", "tunnel": "", "access": "" }, "geometry": { "type": "LineString", "coordinates": [ [ 10.0173577, 53.5581204 ], [ 10.0162121, 53.5574848 ], [ 10.016031, 53.5573733 ], [ 10.0158198, 53.5572648 ] ] } },
{ "type": "Feature", "properties": { "u": 18128901, "v": 21511431, "key": 0, "osmid": "26622843", "highway": "residential", "lanes": "", "maxspeed": "30", "name": "Rostocker Straße", "oneway": true, "ref": "", "reversed": "False", "length": 151.47044826282638, "bridge": "", "width": "", "tunnel": "", "access": "" }, "geometry": { "type": "LineString", "coordinates": [ [ 10.0141606, 53.5563273 ], [ 10.0142156, 53.556375 ], [ 10.0157567, 53.5572184 ], [ 10.0158198, 53.5572648 ] ] } },
{ "type": "Feature", "properties": { "u": 18128901, "v": 812872279, "key": 0, "osmid": "26622847", "highway": "residential", "lanes": "", "maxspeed": "30", "name": "Rostocker Straße", "oneway": false, "ref": "", "reversed": "False", "length": 164.58133509032814, "bridge": "", "width": "", "tunnel": "", "access": "" }, "geometry": { "type": "LineString", "coordinates": [ [ 10.0141606, 53.5563273 ], [ 10.0140819, 53.5562591 ], [ 10.0133884, 53.5557955 ], [ 10.0130814, 53.5555814 ], [ 10.0129055, 53.555492 ], [ 10.0125101, 53.5552212 ] ] } },
{ "type": "Feature", "properties": { "u": 18128901, "v": 3474147854, "key": 0, "osmid": "26627293", "highway": "residential", "lanes": "", "maxspeed": "30", "name": "Danziger Straße", "oneway": true, "ref": "", "reversed": "False", "length": 148.62877445490815, "bridge": "", "width": "", "tunnel": "", "access": "" }, "geometry": { "type": "LineString", "coordinates": [ [ 10.0141606, 53.5563273 ], [ 10.0140634, 53.5563855 ], [ 10.0133461, 53.5568178 ], [ 10.0131161, 53.5569592 ], [ 10.0128006, 53.5571598 ], [ 10.0125992, 53.5572896 ] ] } },
{ "type": "Feature", "properties": { "u": 18128903, "v": 2592319863, "key": 0, "osmid": "143586370", "highway": "residential", "lanes": "1", "maxspeed": "30", "name": "Stralsunder Straße", "oneway": false, "ref": "", "reversed": "False", "length": 9.9747419995677777, "bridge": "", "width": "", "tunnel": "", "access": "" }, "geometry": { "type": "LineString", "coordinates": [ [ 10.0135476, 53.5539968 ], [ 10.0134194, 53.5540442 ] ] } },
{ "type": "Feature", "properties": { "u": 18128903, "v": 93182154, "key": 0, "osmid": "143586335", "highway": "residential", "lanes": "1", "maxspeed": "30", "name": "Pulverteich", "oneway": true, "ref": "", "reversed": "False", "length": 69.306660164981736, "bridge": "", "width": "", "tunnel": "", "access": "" }, "geometry": { "type": "LineString", "coordinates": [ [ 10.0135476, 53.5539968 ], [ 10.0136736, 53.5539477 ], [ 10.0137527, 53.5539213 ], [ 10.0143609, 53.5536055 ] ] } },
{ "type": "Feature", "properties": { "u": 18128903, "v": 8596249383, "key": 0, "osmid": "609180636", "highway": "secondary", "lanes": "2", "maxspeed": "50", "name": "Steindamm", "oneway": true, "ref": "", "reversed": "False", "length": 100.39682698442422, "bridge": "", "width": "", "tunnel": "", "access": "" }, "geometry": { "type": "LineString", "coordinates": [ [ 10.0135476, 53.5539968 ], [ 10.0135988, 53.5540391 ], [ 10.0136526, 53.5540789 ], [ 10.0137064, 53.5541141 ], [ 10.0137655, 53.5541488 ], [ 10.0138272, 53.554181 ], [ 10.0139036, 53.5542129 ], [ 10.0147091, 53.5545725 ] ] } },
{ "type": "Feature", "properties": { "u": 18128906, "v": 1490425214, "key": 0, "osmid": [ 135763710, 3655718 ], "highway": "unclassified", "lanes": "2", "maxspeed": "50", "name": "Lohmühlenstraße", "oneway": true, "ref": "", "reversed": "False", "length": 31.115287913749441, "bridge": "", "width": "", "tunnel": "", "access": "" }, "geometry": { "type": "LineString", "coordinates": [ [ 10.013747, 53.5609623 ], [ 10.0136023, 53.5610549 ], [ 10.0135369, 53.5610914 ], [ 10.0134012, 53.5611509 ] ] } },
{ "type": "Feature", "properties": { "u": 18128906, "v": 17209207, "key": 0, "osmid": "87506241", "highway": "unclassified", "lanes": "2", "maxspeed": "50", "name": "Lohmühlenstraße", "oneway": false, "ref": "", "reversed": "False", "length": 57.444493747502563, "bridge": "", "width": "", "tunnel": "", "access": "" }, "geometry": { "type": "LineString", "coordinates": [ [ 10.013747, 53.5609623 ], [ 10.013935, 53.5608012 ], [ 10.0143244, 53.5605792 ] ] } },
{ "type": "Feature", "properties": { "u": 18128906, "v": 259597482, "key": 0, "osmid": "1453095450", "highway": "unclassified", "lanes": "1", "maxspeed": "50", "name": "An der Alster", "oneway": true, "ref": "", "reversed": "False", "length": 76.438974887379942, "bridge": "", "width": "", "tunnel": "", "access": "" }, "geometry": { "type": "LineString", "coordinates": [ [ 10.013747, 53.5609623 ], [ 10.0138111, 53.5610398 ], [ 10.0139296, 53.5611784 ], [ 10.0140101, 53.5613684 ], [ 10.0140207, 53.5614496 ], [ 10.0140242, 53.5615213 ], [ 10.0140288, 53.5616178 ] ] } },
{ "type": "Feature", "properties": { "u": 18128907, "v": 1973693001, "key": 0, "osmid": "1266104815", "highway": "primary", "lanes": "2", "maxspeed": "50", "name": "An der Alster", "oneway": true, "ref": "", "reversed": "False", "length": 129.52000235580067, "bridge": "", "width": "", "tunnel": "", "access": "" }, "geometry": { "type": "LineString", "coordinates": [ [ 10.0150994, 53.5626205 ], [ 10.0150375, 53.5625563 ], [ 10.0149694, 53.5624813 ], [ 10.0148367, 53.5623185 ], [ 10.0147298, 53.5622016 ], [ 10.0146515, 53.5621301 ], [ 10.0140528, 53.5616389 ] ] } },
{ "type": "Feature", "properties": { "u": 18699704, "v": 16381692, "key": 0, "osmid": [ 1116898355, 190163837, 186624446, 1295723871 ], "highway": "primary", "lanes": [ "4", "2" ], "maxspeed": "50", "name": "Sechslingspforte", "oneway": true, "ref": "", "reversed": "False", "length": 307.8832003205938, "bridge": "", "width": "", "tunnel": "", "access": "" }, "geometry": { "type": "LineString", "coordinates": [ [ 10.01955, 53.5603996 ], [ 10.0198649, 53.5601721 ], [ 10.0215517, 53.5592812 ], [ 10.0220821, 53.5589565 ], [ 10.0223857, 53.558747 ], [ 10.0227001, 53.5585314 ], [ 10.0227421, 53.5585036 ], [ 10.0227985, 53.5584741 ], [ 10.0228456, 53.5584491 ] ] } },
{ "type": "Feature", "properties": { "u": 18699704, "v": 34629964, "key": 0, "osmid": "216524418", "highway": "primary", "lanes": "5", "maxspeed": "50", "name": "Sechslingspforte", "oneway": false, "ref": "", "reversed": "True", "length": 44.453227955667607, "bridge": "", "width": "", "tunnel": "", "access": "" }, "geometry": { "type": "LineString", "coordinates": [ [ 10.01955, 53.5603996 ], [ 10.0192822, 53.560559 ], [ 10.0190648, 53.5606765 ] ] } },
{ "type": "Feature", "properties": { "u": 18699706, "v": 7151680450, "key": 0, "osmid": "53334014", "highway": "residential", "lanes": "2", "maxspeed": "30", "name": "Ackermannstraße", "oneway": false, "ref": "", "reversed": "True", "length": 9.133915880952566, "bridge": "", "width": "", "tunnel": "", "access": "" }, "geometry": { "type": "LineString", "coordinates": [ [ 10.018948, 53.5611027 ], [ 10.0189828, 53.5610232 ] ] } },
{ "type": "Feature", "properties": { "u": 18699706, "v": 21271850, "key": 0, "osmid": "4015575", "highway": "residential", "lanes": "", "maxspeed": "30", "name": "Ekhofstraße", "oneway": true, "ref": "", "reversed": "False", "length": 214.80127306580425, "bridge": "", "width": "6", "tunnel": "", "access": "" }, "geometry": { "type": "LineString", "coordinates": [ [ 10.018948, 53.5611027 ], [ 10.0192303, 53.5611452 ], [ 10.019415, 53.56117 ], [ 10.0195789, 53.5611943 ], [ 10.0197861, 53.5612249 ], [ 10.0200677, 53.561265 ], [ 10.0204367, 53.5613178 ], [ 10.0204996, 53.5613275 ], [ 10.0208647, 53.5613783 ], [ 10.0209485, 53.56139 ], [ 10.0210738, 53.5614069 ], [ 10.0211405, 53.5614159 ], [ 10.0221129, 53.5615472 ] ] } },
{ "type": "Feature", "properties": { "u": 18703873, "v": 18703872, "key": 0, "osmid": "62091591", "highway": "residential", "lanes": "", "maxspeed": "30", "name": "St. Georgs Kirchhof", "oneway": true, "ref": "", "reversed": "False", "length": 97.96905938597402, "bridge": "", "width": "", "tunnel": "", "access": "" }, "geometry": { "type": "LineString", "coordinates": [ [ 10.0080184, 53.5562041 ], [ 10.0078811, 53.5562439 ], [ 10.0076822, 53.5563196 ], [ 10.0067629, 53.5566721 ] ] } },
{ "type": "Feature", "properties": { "u": 18703873, "v": 1561539014, "key": 0, "osmid": "573181937", "highway": "residential", "lanes": "", "maxspeed": "30", "name": "Koppel", "oneway": false, "ref": "", "reversed": "False", "length": 53.277435233273515, "bridge": "", "width": "", "tunnel": "", "access": "" }, "geometry": { "type": "LineString", "coordinates": [ [ 10.0080184, 53.5562041 ], [ 10.0082214, 53.5564082 ], [ 10.0083134, 53.5564867 ], [ 10.0084112, 53.5565623 ], [ 10.0084679, 53.5566007 ] ] } },
{ "type": "Feature", "properties": { "u": 18703873, "v": 258109340, "key": 0, "osmid": [ 573181937, 26622860, 62091590 ], "highway": "residential", "lanes": "", "maxspeed": "30", "name": "Koppel", "oneway": false, "ref": "", "reversed": "True", "length": 48.516036163921427, "bridge": "", "width": "", "tunnel": "", "access": "" }, "geometry": { "type": "LineString", "coordinates": [ [ 10.0080184, 53.5562041 ], [ 10.0080009, 53.5561724 ], [ 10.0079848, 53.5561333 ], [ 10.0079412, 53.555977 ], [ 10.007892, 53.5558975 ], [ 10.0077779, 53.555799 ] ] } },
{ "type": "Feature", "properties": { "u": 18703876, "v": 1561539014, "key": 0, "osmid": "4005359", "highway": "residential", "lanes": "", "maxspeed": "30", "name": "St. Georgs Kirchhof", "oneway": false, "ref": "", "reversed": "True", "length": 50.714947323696215, "bridge": "", "width": "", "tunnel": "", "access": "" }, "geometry": { "type": "LineString", "coordinates": [ [ 10.0078395, 53.5567905 ], [ 10.0078624, 53.5567967 ], [ 10.0079296, 53.5568147 ], [ 10.0079665, 53.5568199 ], [ 10.0079962, 53.55682 ], [ 10.0080342, 53.5568118 ], [ 10.0080904, 53.5567878 ], [ 10.0084679, 53.5566007 ] ] } },
{ "type": "Feature", "properties": { "u": 20997905, "v": 775202877, "key": 0, "osmid": "26627309", "highway": "residential", "lanes": "", "maxspeed": "30", "name": "Brennerstraße", "oneway": false, "ref": "", "reversed": "False", "length": 193.71742088060799, "bridge": "", "width": "", "tunnel": "", "access": "" }, "geometry": { "type": "LineString", "coordinates": [ [ 10.0152394, 53.5556581 ], [ 10.0129073, 53.5546018 ] ] } },
{ "type": "Feature", "properties": { "u": 20997905, "v": 8596249380, "key": 0, "osmid": "6068524", "highway": "residential", "lanes": "", "maxspeed": "50", "name": "Danziger Straße", "oneway": false, "ref": "", "reversed": "True", "length": 67.160790238915112, "bridge": "", "width": "", "tunnel": "", "access": "" }, "geometry": { "type": "LineString", "coordinates": [ [ 10.0152394, 53.5556581 ], [ 10.0154849, 53.5555076 ], [ 10.0157893, 53.5553038 ], [ 10.0158647, 53.5552478 ], [ 10.0159109, 53.5552057 ] ] } },
{ "type": "Feature", "properties": { "u": 20997905, "v": 20997915, "key": 0, "osmid": "23049978", "highway": "residential", "lanes": "2", "maxspeed": "50", "name": "Brennerstraße", "oneway": false, "ref": "", "reversed": "True", "length": 51.686641472372443, "bridge": "", "width": "", "tunnel": "", "access": "" }, "geometry": { "type": "LineString", "coordinates": [ [ 10.0152394, 53.5556581 ], [ 10.0153746, 53.5557329 ], [ 10.0158218, 53.5559685 ] ] } },
{ "type": "Feature", "properties": { "u": 20997905, "v": 18128901, "key": 0, "osmid": "26627293", "highway": "residential", "lanes": "", "maxspeed": "30", "name": "Danziger Straße", "oneway": true, "ref": "", "reversed": "False", "length": 103.07295369779456, "bridge": "", "width": "", "tunnel": "", "access": "" }, "geometry": { "type": "LineString", "coordinates": [ [ 10.0152394, 53.5556581 ], [ 10.0150318, 53.5557978 ], [ 10.0145468, 53.5561044 ], [ 10.0145294, 53.5561154 ], [ 10.0141606, 53.5563273 ] ] } },
{ "type": "Feature", "properties": { "u": 20997906, "v": 517871429, "key": 0, "osmid": "572210293", "highway": "tertiary", "lanes": "2", "maxspeed": "50", "name": "Kirchenallee", "oneway": true, "ref": "", "reversed": "False", "length": 62.936928714183971, "bridge": "", "width": "", "tunnel": "", "access": "" }, "geometry": { "type": "LineString", "coordinates": [ [ 10.0084889, 53.5535744 ], [ 10.0083234, 53.5541318 ] ] } },
{ "type": "Feature", "properties": { "u": 20997906, "v": 517871424, "key": 0, "osmid": "137538325", "highway": "tertiary", "lanes": "1", "maxspeed": "", "name": "Kirchenallee", "oneway": true, "ref": "", "reversed": "False", "length": 11.588456870517994, "bridge": "", "width": "", "tunnel": "", "access": "" }, "geometry": { "type": "LineString", "coordinates": [ [ 10.0084889, 53.5535744 ], [ 10.0084711, 53.5535924 ], [ 10.0084459, 53.5536069 ], [ 10.008415, 53.5536168 ], [ 10.0083808, 53.5536214 ], [ 10.0083458, 53.5536205 ] ] } },
{ "type": "Feature", "properties": { "u": 20997915, "v": 8596109027, "key": 0, "osmid": "23049974", "highway": "residential", "lanes": "", "maxspeed": "50", "name": "Lindenstraße", "oneway": true, "ref": "", "reversed": "False", "length": 70.587352586429645, "bridge": "", "width": "", "tunnel": "", "access": "" }, "geometry": { "type": "LineString", "coordinates": [ [ 10.0158218, 53.5559685 ], [ 10.0163287, 53.5555584 ], [ 10.0163561, 53.5555362 ], [ 10.016454, 53.5554567 ] ] } },
{ "type": "Feature", "properties": { "u": 20997915, "v": 20997905, "key": 0, "osmid": "23049978", "highway": "residential", "lanes": "2", "maxspeed": "50", "name": "Brennerstraße", "oneway": false, "ref": "", "reversed": "False", "length": 51.686641472372443, "bridge": "", "width": "", "tunnel": "", "access": "" }, "geometry": { "type": "LineString", "coordinates": [ [ 10.0158218, 53.5559685 ], [ 10.0153746, 53.5557329 ], [ 10.0152394, 53.5556581 ] ] } },
{ "type": "Feature", "properties": { "u": 21033587, "v": 21033588, "key": 0, "osmid": "4005352", "highway": "residential", "lanes": "1", "maxspeed": "30", "name": "Gurlittstraße", "oneway": true, "ref": "", "reversed": "False", "length": 83.523914044365341, "bridge": "", "width": "", "tunnel": "", "access": "" }, "geometry": { "type": "LineString", "coordinates": [ [ 10.0102172, 53.5578435 ], [ 10.0111893, 53.5573631 ] ] } },
{ "type": "Feature", "properties": { "u": 21033587, "v": 510173229, "key": 0, "osmid": "311128872", "highway": "residential", "lanes": "", "maxspeed": "30", "name": "Koppel", "oneway": true, "ref": "", "reversed": "False", "length": 209.17445522603651, "bridge": "", "width": "", "tunnel": "", "access": "" }, "geometry": { "type": "LineString", "coordinates": [ [ 10.0102172, 53.5578435 ], [ 10.010854, 53.5583308 ], [ 10.0111086, 53.558518 ], [ 10.0114833, 53.5587958 ], [ 10.0121299, 53.5592844 ], [ 10.0121779, 53.5593207 ] ] } },
{ "type": "Feature", "properties": { "u": 21033588, "v": 49969051, "key": 0, "osmid": "190163824", "highway": "tertiary", "lanes": "2", "maxspeed": "50", "name": "Lange Reihe", "oneway": false, "ref": "", "reversed": "False", "length": 64.289314724859182, "bridge": "", "width": "", "tunnel": "", "access": "" }, "geometry": { "type": "LineString", "coordinates": [ [ 10.0111893, 53.5573631 ], [ 10.0112886, 53.557429 ], [ 10.0116819, 53.5577308 ], [ 10.0117925, 53.5578166 ] ] } },
{ "type": "Feature", "properties": { "u": 21033588, "v": 248728380, "key": 0, "osmid": "190163824", "highway": "tertiary", "lanes": "2", "maxspeed": "50", "name": "Lange Reihe", "oneway": false, "ref": "", "reversed": "True", "length": 115.6549336193239, "bridge": "", "width": "", "tunnel": "", "access": "" }, "geometry": { "type": "LineString", "coordinates": [ [ 10.0111893, 53.5573631 ], [ 10.0109733, 53.5572126 ], [ 10.0106843, 53.5570001 ], [ 10.0105467, 53.5568674 ], [ 10.0104831, 53.5567919 ], [ 10.0103113, 53.5566571 ], [ 10.0101297, 53.5565392 ] ] } },
{ "type": "Feature", "properties": { "u": 21033589, "v": 21033587, "key": 0, "osmid": "4005352", "highway": "residential", "lanes": "1", "maxspeed": "30", "name": "Gurlittstraße", "oneway": true, "ref": "", "reversed": "False", "length": 168.41803493302157, "bridge": "", "width": "", "tunnel": "", "access": "" }, "geometry": { "type": "LineString", "coordinates": [ [ 10.0083576, 53.5588778 ], [ 10.0090136, 53.5584704 ], [ 10.0099185, 53.5579988 ], [ 10.0102172, 53.5578435 ] ] } },
{ "type": "Feature", "properties": { "u": 21033589, "v": 21511430, "key": 0, "osmid": [ 668064001, 605733849 ], "highway": "residential", "lanes": "1", "maxspeed": "30", "name": "An der Alster", "oneway": true, "ref": "", "reversed": "False", "length": 193.42016946089785, "bridge": "", "width": "", "tunnel": "", "access": "" }, "geometry": { "type": "LineString", "coordinates": [ [ 10.0083576, 53.5588778 ], [ 10.0090101, 53.5591351 ], [ 10.0093875, 53.5592839 ], [ 10.0105764, 53.5597526 ], [ 10.010675, 53.5597914 ], [ 10.0107993, 53.5598381 ] ] } },
{ "type": "Feature", "properties": { "u": 21271848, "v": 21271850, "key": 0, "osmid": [ 25474257, 25474258 ], "highway": "residential", "lanes": "", "maxspeed": "30", "name": "Ifflandstraße", "oneway": true, "ref": "", "reversed": "False", "length": 108.866225300819, "bridge": "", "width": "", "tunnel": "", "access": "" }, "geometry": { "type": "LineString", "coordinates": [ [ 10.0227175, 53.5624512 ], [ 10.0224327, 53.5620811 ], [ 10.0224048, 53.5619833 ], [ 10.0222399, 53.5617797 ], [ 10.0221736, 53.5617105 ], [ 10.0221489, 53.5616467 ], [ 10.0221341, 53.5616177 ], [ 10.0221129, 53.5615472 ] ] } },
{ "type": "Feature", "properties": { "u": 21271850, "v": 21299501, "key": 0, "osmid": "25474257", "highway": "residential", "lanes": "", "maxspeed": "30", "name": "Ifflandstraße", "oneway": true, "ref": "", "reversed": "False", "length": 158.09518626897537, "bridge": "", "width": "", "tunnel": "", "access": "" }, "geometry": { "type": "LineString", "coordinates": [ [ 10.0221129, 53.5615472 ], [ 10.0221726, 53.5613233 ], [ 10.0222125, 53.5611741 ], [ 10.0222319, 53.5611013 ], [ 10.0222563, 53.5610099 ], [ 10.0222637, 53.5609888 ], [ 10.0222752, 53.5609274 ], [ 10.0222876, 53.5608864 ], [ 10.0223476, 53.5606913 ], [ 10.0223968, 53.560506 ], [ 10.022495, 53.5601438 ] ] } },
{ "type": "Feature", "properties": { "u": 21271853, "v": 4398736916, "key": 0, "osmid": "959805461", "highway": "residential", "lanes": "", "maxspeed": "50", "name": "Schweimlerstraße", "oneway": false, "ref": "", "reversed": "False", "length": 11.647027806660113, "bridge": "", "width": "", "tunnel": "", "access": "" }, "geometry": { "type": "LineString", "coordinates": [ [ 10.0181042, 53.5611756 ], [ 10.0179886, 53.5610965 ] ] } },
{ "type": "Feature", "properties": { "u": 21271853, "v": 7151680440, "key": 0, "osmid": "177430166", "highway": "primary", "lanes": "5", "maxspeed": "50", "name": "Sechslingspforte", "oneway": false, "ref": "", "reversed": "False", "length": 43.844798263821204, "bridge": "", "width": "", "tunnel": "", "access": "" }, "geometry": { "type": "LineString", "coordinates": [ [ 10.0181042, 53.5611756 ], [ 10.0183318, 53.5610382 ], [ 10.0185935, 53.5609099 ] ] } },
{ "type": "Feature", "properties": { "u": 21271853, "v": 7156549505, "key": 0, "osmid": "186624445", "highway": "primary", "lanes": "5", "maxspeed": "50", "name": "Sechslingspforte", "oneway": false, "ref": "", "reversed": "True", "length": 109.85572799141015, "bridge": "", "width": "", "tunnel": "", "access": "" }, "geometry": { "type": "LineString", "coordinates": [ [ 10.0181042, 53.5611756 ], [ 10.0175926, 53.5614956 ], [ 10.0169402, 53.5618812 ] ] } },
{ "type": "Feature", "properties": { "u": 21271913, "v": 16381642, "key": 0, "osmid": "4015587", "highway": "residential", "lanes": "", "maxspeed": "30", "name": "Bülaustraße", "oneway": false, "ref": "", "reversed": "False", "length": 80.635191323473265, "bridge": "", "width": "", "tunnel": "", "access": "" }, "geometry": { "type": "LineString", "coordinates": [ [ 10.0154116, 53.5592102 ], [ 10.0153864, 53.5592403 ], [ 10.0146001, 53.5596788 ], [ 10.0145246, 53.5597029 ] ] } },
{ "type": "Feature", "properties": { "u": 21271914, "v": 21271913, "key": 0, "osmid": "4015586", "highway": "residential", "lanes": "", "maxspeed": "30", "name": "Knorrestraße", "oneway": true, "ref": "", "reversed": "False", "length": 127.49216638984853, "bridge": "", "width": "", "tunnel": "", "access": "" }, "geometry": { "type": "LineString", "coordinates": [ [ 10.0140631, 53.5584014 ], [ 10.0147093, 53.5587626 ], [ 10.015393, 53.5591604 ], [ 10.0154116, 53.5592102 ] ] } },
{ "type": "Feature", "properties": { "u": 21271914, "v": 16382149, "key": 0, "osmid": "4062225", "highway": "residential", "lanes": "", "maxspeed": "30", "name": "Schmilinskystraße", "oneway": false, "ref": "", "reversed": "False", "length": 76.991899508302453, "bridge": "", "width": "", "tunnel": "", "access": "" }, "geometry": { "type": "LineString", "coordinates": [ [ 10.0140631, 53.5584014 ], [ 10.0139436, 53.5584374 ], [ 10.0134349, 53.5587568 ], [ 10.0133572, 53.5588077 ], [ 10.0132392, 53.5588851 ] ] } },
{ "type": "Feature", "properties": { "u": 21299489, "v": 2007741869, "key": 0, "osmid": "48832122", "highway": "secondary", "lanes": "4", "maxspeed": "50", "name": "Mühlendamm", "oneway": false, "ref": "", "reversed": "False", "length": 45.791702159026897, "bridge": "", "width": "", "tunnel": "", "access": "" }, "geometry": { "type": "LineString", "coordinates": [ [ 10.0256014, 53.559966 ], [ 10.0257071, 53.559559 ] ] } },
{ "type": "Feature", "properties": { "u": 21299489, "v": 21299502, "key": 0, "osmid": [ 1116898353, 61325837 ], "highway": "secondary", "lanes": "4", "maxspeed": "50", "name": "Mühlendamm", "oneway": false, "ref": "", "reversed": "True", "length": 63.874865276212404, "bridge": "", "width": "", "tunnel": "", "access": "" }, "geometry": { "type": "LineString", "coordinates": [ [ 10.0256014, 53.559966 ], [ 10.0254963, 53.5603559 ], [ 10.0254516, 53.5605335 ] ] } },
{ "type": "Feature", "properties": { "u": 21299489, "v": 25066464, "key": 0, "osmid": [ 142928833, 1270418607 ], "highway": "residential", "lanes": "", "maxspeed": "30", "name": "Wandsbeker Stieg", "oneway": false, "ref": "", "reversed": "False", "length": 88.22211426086271, "bridge": "", "width": "5.3", "tunnel": "", "access": "" }, "geometry": { "type": "LineString", "coordinates": [ [ 10.0256014, 53.559966 ], [ 10.0257634, 53.5599829 ], [ 10.0260388, 53.5600807 ], [ 10.0264628, 53.5602446 ], [ 10.0265789, 53.5602917 ], [ 10.0267473, 53.56036 ] ] } },
{ "type": "Feature", "properties": { "u": 21299490, "v": 3669780073, "key": 0, "osmid": "4018075", "highway": "residential", "lanes": "", "maxspeed": "30", "name": "Bozenhardweg", "oneway": false, "ref": "", "reversed": "True", "length": 125.55807421707354, "bridge": "", "width": "6.1", "tunnel": "", "access": "" }, "geometry": { "type": "LineString", "coordinates": [ [ 10.0246395, 53.5595126 ], [ 10.0244589, 53.5594735 ], [ 10.0241124, 53.5593128 ], [ 10.0240457, 53.559283 ], [ 10.0235364, 53.5590484 ], [ 10.0234327, 53.5590517 ], [ 10.0233799, 53.5590549 ], [ 10.0232928, 53.55908 ], [ 10.0232384, 53.559106 ], [ 10.0231274, 53.5592172 ] ] } },
{ "type": "Feature", "properties": { "u": 21299497, "v": 3669780073, "key": 0, "osmid": "190163821", "highway": "residential", "lanes": "2", "maxspeed": "30", "name": "Ifflandstraße", "oneway": false, "ref": "", "reversed": "False", "length": 9.5403443633665876, "bridge": "", "width": "", "tunnel": "", "access": "" }, "geometry": { "type": "LineString", "coordinates": [ [ 10.023062, 53.5592937 ], [ 10.0231274, 53.5592172 ] ] } },
{ "type": "Feature", "properties": { "u": 21299497, "v": 34629961, "key": 0, "osmid": "147756946", "highway": "residential", "lanes": "2", "maxspeed": "30", "name": "Ifflandstraße", "oneway": true, "ref": "", "reversed": "False", "length": 63.071510027078176, "bridge": "", "width": "7.1", "tunnel": "", "access": "" }, "geometry": { "type": "LineString", "coordinates": [ [ 10.023062, 53.5592937 ], [ 10.0228455, 53.5592244 ], [ 10.0225145, 53.559117 ], [ 10.0224444, 53.5590978 ], [ 10.0223948, 53.5590892 ], [ 10.0223429, 53.5590832 ], [ 10.0222903, 53.5590811 ], [ 10.022193, 53.5590832 ] ] } },
{ "type": "Feature", "properties": { "u": 21299497, "v": 21299501, "key": 0, "osmid": [ 15659104, 190163821 ], "highway": "residential", "lanes": "2", "maxspeed": "30", "name": "Ifflandstraße", "oneway": false, "ref": "", "reversed": "True", "length": 101.70939672429728, "bridge": "", "width": "", "tunnel": "", "access": "" }, "geometry": { "type": "LineString", "coordinates": [ [ 10.023062, 53.5592937 ], [ 10.0229969, 53.5593765 ], [ 10.0229345, 53.5594643 ], [ 10.0229163, 53.559489 ], [ 10.0227411, 53.5597507 ], [ 10.0225456, 53.5600597 ], [ 10.0225099, 53.56012 ], [ 10.022495, 53.5601438 ] ] } },
{ "type": "Feature", "properties": { "u": 21299501, "v": 21299502, "key": 0, "osmid": "4018073", "highway": "residential", "lanes": "", "maxspeed": "30", "name": "Schröderstraße", "oneway": false, "ref": "", "reversed": "False", "length": 200.02578792729929, "bridge": "", "width": "", "tunnel": "", "access": "" }, "geometry": { "type": "LineString", "coordinates": [ [ 10.022495, 53.5601438 ], [ 10.0226519, 53.5601645 ], [ 10.0229189, 53.5601997 ], [ 10.0229601, 53.5602051 ], [ 10.0234059, 53.5602639 ], [ 10.0236307, 53.5602935 ], [ 10.0238894, 53.5603276 ], [ 10.024, 53.5603422 ], [ 10.0241639, 53.5603638 ], [ 10.0242111, 53.56037 ], [ 10.0242935, 53.5603809 ], [ 10.0247598, 53.5604423 ], [ 10.0252207, 53.5605031 ], [ 10.0252747, 53.5605107 ], [ 10.0254516, 53.5605335 ] ] } },
{ "type": "Feature", "properties": { "u": 21299501, "v": 21299497, "key": 0, "osmid": [ 15659104, 190163821 ], "highway": "residential", "lanes": "2", "maxspeed": "30", "name": "Ifflandstraße", "oneway": false, "ref": "", "reversed": "False", "length": 101.70939672429728, "bridge": "", "width": "", "tunnel": "", "access": "" }, "geometry": { "type": "LineString", "coordinates": [ [ 10.022495, 53.5601438 ], [ 10.0225099, 53.56012 ], [ 10.0225456, 53.5600597 ], [ 10.0227411, 53.5597507 ], [ 10.0229163, 53.559489 ], [ 10.0229345, 53.5594643 ], [ 10.0229969, 53.5593765 ], [ 10.023062, 53.5592937 ] ] } },
{ "type": "Feature", "properties": { "u": 21299502, "v": 21299501, "key": 0, "osmid": "4018073", "highway": "residential", "lanes": "", "maxspeed": "30", "name": "Schröderstraße", "oneway": false, "ref": "", "reversed": "True", "length": 200.02578792729932, "bridge": "", "width": "", "tunnel": "", "access": "" }, "geometry": { "type": "LineString", "coordinates": [ [ 10.0254516, 53.5605335 ], [ 10.0252747, 53.5605107 ], [ 10.0252207, 53.5605031 ], [ 10.0247598, 53.5604423 ], [ 10.0242935, 53.5603809 ], [ 10.0242111, 53.56037 ], [ 10.0241639, 53.5603638 ], [ 10.024, 53.5603422 ], [ 10.0238894, 53.5603276 ], [ 10.0236307, 53.5602935 ], [ 10.0234059, 53.5602639 ], [ 10.0229601, 53.5602051 ], [ 10.0229189, 53.5601997 ], [ 10.0226519, 53.5601645 ], [ 10.022495, 53.5601438 ] ] } },
{ "type": "Feature", "properties": { "u": 21299502, "v": 21299489, "key": 0, "osmid": [ 1116898353, 61325837 ], "highway": "secondary", "lanes": "4", "maxspeed": "50", "name": "Mühlendamm", "oneway": false, "ref": "", "reversed": "False", "length": 63.874865276212404, "bridge": "", "width": "", "tunnel": "", "access": "" }, "geometry": { "type": "LineString", "coordinates": [ [ 10.0254516, 53.5605335 ], [ 10.0254963, 53.5603559 ], [ 10.0256014, 53.559966 ] ] } },
{ "type": "Feature", "properties": { "u": 21451603, "v": 60488325, "key": 0, "osmid": [ 265687929, 76468122 ], "highway": "primary", "lanes": [ "3", "2" ], "maxspeed": "50", "name": "Bürgerweide", "oneway": true, "ref": "", "reversed": "False", "length": 240.35271196696263, "bridge": "", "width": "", "tunnel": "", "access": "" }, "geometry": { "type": "LineString", "coordinates": [ [ 10.0277867, 53.55621 ], [ 10.0279389, 53.5562733 ], [ 10.0281456, 53.5563462 ], [ 10.0283351, 53.5563958 ], [ 10.0287345, 53.5564807 ], [ 10.0288081, 53.5564972 ], [ 10.0292073, 53.5565869 ], [ 10.0295029, 53.5566533 ], [ 10.0300016, 53.5567653 ], [ 10.0305275, 53.5568834 ], [ 10.031149, 53.557023 ] ] } },
{ "type": "Feature", "properties": { "u": 21511430, "v": 510173229, "key": 0, "osmid": "406178800", "highway": "residential", "lanes": "1", "maxspeed": "30", "name": "Schmilinskystraße", "oneway": true, "ref": "", "reversed": "False", "length": 107.70727110142734, "bridge": "", "width": "", "tunnel": "", "access": "" }, "geometry": { "type": "LineString", "coordinates": [ [ 10.0107993, 53.5598381 ], [ 10.0121779, 53.5593207 ] ] } },
{ "type": "Feature", "properties": { "u": 21511430, "v": 1561539048, "key": 0, "osmid": [ 605716888, 671042146 ], "highway": "residential", "lanes": "1", "maxspeed": [ "30", "50" ], "name": "An der Alster", "oneway": true, "ref": "", "reversed": "False", "length": 81.237440018688886, "bridge": "", "width": "", "tunnel": "", "access": "" }, "geometry": { "type": "LineString", "coordinates": [ [ 10.0107993, 53.5598381 ], [ 10.0112989, 53.5600439 ], [ 10.0115189, 53.5601341 ], [ 10.0116222, 53.560189 ], [ 10.0117693, 53.560283 ] ] } },
{ "type": "Feature", "properties": { "u": 21511431, "v": 18128900, "key": 0, "osmid": "3655668", "highway": "residential", "lanes": "", "maxspeed": "30", "name": "Rostocker Straße", "oneway": false, "ref": "", "reversed": "True", "length": 139.2124549912732, "bridge": "", "width": "", "tunnel": "", "access": "" }, "geometry": { "type": "LineString", "coordinates": [ [ 10.0158198, 53.5572648 ], [ 10.016031, 53.5573733 ], [ 10.0162121, 53.5574848 ], [ 10.0173577, 53.5581204 ] ] } },
{ "type": "Feature", "properties": { "u": 21511431, "v": 21271914, "key": 0, "osmid": "4062224", "highway": "residential", "lanes": "", "maxspeed": "30", "name": "Schmilinskystraße", "oneway": true, "ref": "", "reversed": "False", "length": 172.29078387805887, "bridge": "", "width": "", "tunnel": "", "access": "" }, "geometry": { "type": "LineString", "coordinates": [ [ 10.0158198, 53.5572648 ], [ 10.0157294, 53.5573221 ], [ 10.0155862, 53.5574132 ], [ 10.0148445, 53.557865 ], [ 10.0142379, 53.5582472 ], [ 10.0141178, 53.5583183 ], [ 10.0140631, 53.5584014 ] ] } },
{ "type": "Feature", "properties": { "u": 21654999, "v": 583203501, "key": 0, "osmid": [ 46102586, 23138318 ], "highway": "unclassified", "lanes": "", "maxspeed": "30", "name": [ "Klostertor", "Hühnerposten" ], "oneway": false, "ref": "", "reversed": "False", "length": 247.23089082532212, "bridge": "", "width": "", "tunnel": "", "access": "" }, "geometry": { "type": "LineString", "coordinates": [ [ 10.0082544, 53.548029 ], [ 10.0082525, 53.5481115 ], [ 10.0082511, 53.5481307 ], [ 10.0082416, 53.548164 ], [ 10.0082103, 53.54822 ], [ 10.0080623, 53.5483929 ], [ 10.0078972, 53.5486212 ], [ 10.0077044, 53.5490235 ], [ 10.0077224, 53.5490933 ], [ 10.0077963, 53.5491557 ], [ 10.008287, 53.549327 ], [ 10.0084003, 53.5493688 ], [ 10.0086026, 53.5494435 ], [ 10.0088149, 53.5495219 ], [ 10.009269, 53.5496822 ] ] } },
{ "type": "Feature", "properties": { "u": 22120197, "v": 305286818, "key": 0, "osmid": "39981131", "highway": "secondary", "lanes": "3", "maxspeed": "50", "name": "Kreuzweg", "oneway": true, "ref": "", "reversed": "False", "length": 15.72208895443179, "bridge": "", "width": "", "tunnel": "", "access": "" }, "geometry": { "type": "LineString", "coordinates": [ [ 10.0134866, 53.5523951 ], [ 10.0134545, 53.5525352 ] ] } },
{ "type": "Feature", "properties": { "u": 22120197, "v": 305286861, "key": 0, "osmid": [ 528961157, 39981132, 640955503, 147936499, 40273555, 147936508 ], "highway": "secondary", "lanes": [ "3", "2" ], "maxspeed": "50", "name": [ "Adenauerallee", "Nagelsweg" ], "oneway": true, "ref": "", "reversed": "False", "length": 207.14074650827226, "bridge": "", "width": "", "tunnel": "", "access": "" }, "geometry": { "type": "LineString", "coordinates": [ [ 10.0134866, 53.5523951 ], [ 10.0136912, 53.5524047 ], [ 10.0137936, 53.5524097 ], [ 10.0138672, 53.552414 ], [ 10.0154278, 53.5524938 ], [ 10.0155093, 53.5524983 ], [ 10.0155643, 53.5524983 ], [ 10.015646, 53.5524914 ], [ 10.0156729, 53.5524864 ], [ 10.0157239, 53.5524713 ], [ 10.0157512, 53.5524598 ], [ 10.0157882, 53.5524378 ], [ 10.0158097, 53.5524195 ], [ 10.0158332, 53.55238 ], [ 10.0158459, 53.552347 ], [ 10.0158526, 53.5523031 ], [ 10.0158595, 53.5521959 ], [ 10.0158599, 53.5520885 ], [ 10.0158604, 53.5520504 ], [ 10.0158495, 53.5519721 ] ] } },
{ "type": "Feature", "properties": { "u": 25066459, "v": 696803017, "key": 0, "osmid": [ 142928833, 1270418606 ], "highway": "residential", "lanes": "", "maxspeed": "30", "name": "Wandsbeker Stieg", "oneway": false, "ref": "", "reversed": "False", "length": 119.0489251952429, "bridge": "", "width": "5.3", "tunnel": "", "access": "" }, "geometry": { "type": "LineString", "coordinates": [ [ 10.0274546, 53.5606195 ], [ 10.0275723, 53.5606607 ], [ 10.0277526, 53.5607238 ], [ 10.0282404, 53.5608894 ], [ 10.0283888, 53.5609396 ], [ 10.0285432, 53.5609945 ], [ 10.0288095, 53.5610865 ], [ 10.0290083, 53.561162 ] ] } },
{ "type": "Feature", "properties": { "u": 25066459, "v": 25066464, "key": 0, "osmid": "142928833", "highway": "residential", "lanes": "", "maxspeed": "30", "name": "Wandsbeker Stieg", "oneway": false, "ref": "", "reversed": "True", "length": 54.922500270013025, "bridge": "", "width": "5.3", "tunnel": "", "access": "" }, "geometry": { "type": "LineString", "coordinates": [ [ 10.0274546, 53.5606195 ], [ 10.0272479, 53.5605432 ], [ 10.0269998, 53.5604516 ], [ 10.0267937, 53.5603799 ], [ 10.0267473, 53.56036 ] ] } },
{ "type": "Feature", "properties": { "u": 25066464, "v": 25066459, "key": 0, "osmid": "142928833", "highway": "residential", "lanes": "", "maxspeed": "30", "name": "Wandsbeker Stieg", "oneway": false, "ref": "", "reversed": "False", "length": 54.922500270013018, "bridge": "", "width": "5.3", "tunnel": "", "access": "" }, "geometry": { "type": "LineString", "coordinates": [ [ 10.0267473, 53.56036 ], [ 10.0267937, 53.5603799 ], [ 10.0269998, 53.5604516 ], [ 10.0272479, 53.5605432 ], [ 10.0274546, 53.5606195 ] ] } },
{ "type": "Feature", "properties": { "u": 25066464, "v": 21299489, "key": 0, "osmid": [ 142928833, 1270418607 ], "highway": "residential", "lanes": "", "maxspeed": "30", "name": "Wandsbeker Stieg", "oneway": false, "ref": "", "reversed": "True", "length": 88.22211426086271, "bridge": "", "width": "5.3", "tunnel": "", "access": "" }, "geometry": { "type": "LineString", "coordinates": [ [ 10.0267473, 53.56036 ], [ 10.0265789, 53.5602917 ], [ 10.0264628, 53.5602446 ], [ 10.0260388, 53.5600807 ], [ 10.0257634, 53.5599829 ], [ 10.0256014, 53.559966 ] ] } },
{ "type": "Feature", "properties": { "u": 25066464, "v": 2000132751, "key": 0, "osmid": [ 1270418608, 142928819 ], "highway": "residential", "lanes": "", "maxspeed": "30", "name": "Richardallee", "oneway": false, "ref": "", "reversed": "True", "length": 105.47368691083699, "bridge": "", "width": "", "tunnel": "", "access": "" }, "geometry": { "type": "LineString", "coordinates": [ [ 10.0267473, 53.56036 ], [ 10.0266613, 53.5606324 ], [ 10.026453, 53.5612923 ] ] } },
{ "type": "Feature", "properties": { "u": 25066467, "v": 25066469, "key": 0, "osmid": "26694646", "highway": "residential", "lanes": "", "maxspeed": "30", "name": "Wandsbeker Stieg", "oneway": true, "ref": "", "reversed": "False", "length": 78.582331384365844, "bridge": "", "width": "5.3", "tunnel": "", "access": "" }, "geometry": { "type": "LineString", "coordinates": [ [ 10.0300411, 53.5615312 ], [ 10.0308558, 53.5618517 ], [ 10.0310329, 53.5619216 ] ] } },
{ "type": "Feature", "properties": { "u": 25066467, "v": 696803017, "key": 0, "osmid": "1270418606", "highway": "residential", "lanes": "", "maxspeed": "30", "name": "Wandsbeker Stieg", "oneway": false, "ref": "", "reversed": "True", "length": 79.614671539604331, "bridge": "", "width": "5.3", "tunnel": "", "access": "" }, "geometry": { "type": "LineString", "coordinates": [ [ 10.0300411, 53.5615312 ], [ 10.0294339, 53.5613115 ], [ 10.0290083, 53.561162 ] ] } },
{ "type": "Feature", "properties": { "u": 25066469, "v": 25066472, "key": 0, "osmid": "4218099", "highway": "residential", "lanes": "", "maxspeed": "30", "name": "Hohenfelder Straße", "oneway": false, "ref": "", "reversed": "False", "length": 120.80426097994601, "bridge": "", "width": "8", "tunnel": "", "access": "" }, "geometry": { "type": "LineString", "coordinates": [ [ 10.0310329, 53.5619216 ], [ 10.030618, 53.5629797 ] ] } },
{ "type": "Feature", "properties": { "u": 25066469, "v": 8659417457, "key": 0, "osmid": [ 26694648, 1270418587 ], "highway": "residential", "lanes": "", "maxspeed": "30", "name": "Wandsbeker Stieg", "oneway": false, "ref": "", "reversed": "False", "length": 78.713190665306826, "bridge": "", "width": "5.5", "tunnel": "", "access": "" }, "geometry": { "type": "LineString", "coordinates": [ [ 10.0310329, 53.5619216 ], [ 10.0313342, 53.5620129 ], [ 10.0314752, 53.5620556 ], [ 10.0316839, 53.562071 ], [ 10.0317355, 53.5620646 ], [ 10.0318518, 53.5620264 ], [ 10.0319775, 53.5619766 ], [ 10.0320984, 53.5619256 ] ] } },
{ "type": "Feature", "properties": { "u": 25066472, "v": 25066469, "key": 0, "osmid": "4218099", "highway": "residential", "lanes": "", "maxspeed": "30", "name": "Hohenfelder Straße", "oneway": false, "ref": "", "reversed": "True", "length": 120.80426097994601, "bridge": "", "width": "8", "tunnel": "", "access": "" }, "geometry": { "type": "LineString", "coordinates": [ [ 10.030618, 53.5629797 ], [ 10.0310329, 53.5619216 ] ] } },
{ "type": "Feature", "properties": { "u": 25066472, "v": 258521470, "key": 0, "osmid": [ 4218307, 1272357316 ], "highway": "residential", "lanes": "", "maxspeed": "30", "name": "Ernst-Kabel-Stieg", "oneway": false, "ref": "", "reversed": "False", "length": 104.08101279373356, "bridge": "", "width": "5", "tunnel": "", "access": "" }, "geometry": { "type": "LineString", "coordinates": [ [ 10.030618, 53.5629797 ], [ 10.0309856, 53.5630272 ], [ 10.0311427, 53.5630456 ], [ 10.0312463, 53.5630491 ], [ 10.0314399, 53.5630562 ], [ 10.0315997, 53.5630495 ], [ 10.031865, 53.5630198 ], [ 10.0320532, 53.5629938 ], [ 10.0321717, 53.5629932 ] ] } },
{ "type": "Feature", "properties": { "u": 25677546, "v": 2471652288, "key": 0, "osmid": "149817544", "highway": "secondary", "lanes": "2", "maxspeed": "50", "name": "Borgfelder Straße", "oneway": true, "ref": "", "reversed": "False", "length": 9.7106700289747678, "bridge": "", "width": "", "tunnel": "", "access": "" }, "geometry": { "type": "LineString", "coordinates": [ [ 10.0331238, 53.554569 ], [ 10.0332708, 53.5545698 ] ] } },
{ "type": "Feature", "properties": { "u": 25677546, "v": 35835381, "key": 0, "osmid": "239372978", "highway": "secondary", "lanes": "2", "maxspeed": "50", "name": "Ausschläger Weg", "oneway": true, "ref": "", "reversed": "False", "length": 37.897898460755428, "bridge": "", "width": "", "tunnel": "", "access": "" }, "geometry": { "type": "LineString", "coordinates": [ [ 10.0331238, 53.554569 ], [ 10.0330989, 53.554495 ], [ 10.0330972, 53.5544618 ], [ 10.0331052, 53.554412 ], [ 10.0331222, 53.5543692 ], [ 10.0331414, 53.5543427 ], [ 10.0332344, 53.5542484 ] ] } },
{ "type": "Feature", "properties": { "u": 26315794, "v": 26315795, "key": 0, "osmid": "887478417", "highway": "residential", "lanes": "", "maxspeed": "30", "name": "Angerstraße", "oneway": false, "ref": "", "reversed": "False", "length": 110.83721639019109, "bridge": "", "width": "", "tunnel": "", "access": "" }, "geometry": { "type": "LineString", "coordinates": [ [ 10.0335672, 53.5604745 ], [ 10.0336378, 53.5605171 ], [ 10.0337991, 53.5605763 ], [ 10.0343715, 53.5607863 ], [ 10.0345274, 53.5608423 ], [ 10.0346251, 53.5608772 ], [ 10.0349818, 53.5610077 ] ] } },
{ "type": "Feature", "properties": { "u": 26315794, "v": 696802983, "key": 0, "osmid": [ 1346878308, 1208522476, 4275532 ], "highway": "residential", "lanes": "", "maxspeed": "30", "name": "Angerstraße", "oneway": false, "ref": "", "reversed": "True", "length": 441.49312172208755, "bridge": "", "width": "", "tunnel": "", "access": "" }, "geometry": { "type": "LineString", "coordinates": [ [ 10.0335672, 53.5604745 ], [ 10.0334984, 53.560423 ], [ 10.0334158, 53.5603848 ], [ 10.0332298, 53.5603152 ], [ 10.0325533, 53.5600622 ], [ 10.0313205, 53.5596065 ], [ 10.0310426, 53.5595213 ], [ 10.0309152, 53.5594845 ], [ 10.0306136, 53.5594065 ], [ 10.0302127, 53.5593144 ], [ 10.0293688, 53.5591471 ], [ 10.0286981, 53.5590446 ], [ 10.0284504, 53.5590091 ], [ 10.0279219, 53.558943 ], [ 10.0275176, 53.558913 ] ] } },
{ "type": "Feature", "properties": { "u": 26315795, "v": 8659417426, "key": 0, "osmid": "4327835", "highway": "residential", "lanes": "", "maxspeed": "30", "name": "Reismühle", "oneway": true, "ref": "", "reversed": "False", "length": 207.94153256016736, "bridge": "", "width": "", "tunnel": "", "access": "" }, "geometry": { "type": "LineString", "coordinates": [ [ 10.0349818, 53.5610077 ], [ 10.0347653, 53.5611748 ], [ 10.034695, 53.5612179 ], [ 10.0346237, 53.5612616 ], [ 10.0344874, 53.5613451 ], [ 10.0340446, 53.5615102 ], [ 10.0338579, 53.5615798 ], [ 10.033038, 53.561884 ], [ 10.0325704, 53.56206 ], [ 10.0324598, 53.5621013 ] ] } },
{ "type": "Feature", "properties": { "u": 26315795, "v": 26315794, "key": 0, "osmid": "887478417", "highway": "residential", "lanes": "", "maxspeed": "30", "name": "Angerstraße", "oneway": false, "ref": "", "reversed": "True", "length": 110.8372163901911, "bridge": "", "width": "", "tunnel": "", "access": "" }, "geometry": { "type": "LineString", "coordinates": [ [ 10.0349818, 53.5610077 ], [ 10.0346251, 53.5608772 ], [ 10.0345274, 53.5608423 ], [ 10.0343715, 53.5607863 ], [ 10.0337991, 53.5605763 ], [ 10.0336378, 53.5605171 ], [ 10.0335672, 53.5604745 ] ] } },
{ "type": "Feature", "properties": { "u": 26334352, "v": 150077754, "key": 0, "osmid": "39992300", "highway": "residential", "lanes": "", "maxspeed": "30", "name": "Alfredstraße", "oneway": false, "ref": "", "reversed": "True", "length": 78.416410312751552, "bridge": "", "width": "9.7", "tunnel": "", "access": "" }, "geometry": { "type": "LineString", "coordinates": [ [ 10.0320313, 53.5581364 ], [ 10.0322154, 53.5578403 ], [ 10.0323648, 53.5575999 ], [ 10.0324074, 53.5575483 ], [ 10.0324646, 53.5574805 ] ] } },
{ "type": "Feature", "properties": { "u": 26334352, "v": 150077750, "key": 0, "osmid": [ 25646585, 1270418571, 25646587 ], "highway": "residential", "lanes": "", "maxspeed": "30", "name": "Alfredstraße", "oneway": false, "ref": "", "reversed": "False", "length": 83.656838987132062, "bridge": "yes", "width": "9.7", "tunnel": "", "access": "" }, "geometry": { "type": "LineString", "coordinates": [ [ 10.0320313, 53.5581364 ], [ 10.0318574, 53.5584079 ], [ 10.0318343, 53.5584427 ], [ 10.0317652, 53.5585467 ], [ 10.0317407, 53.5585836 ], [ 10.0316325, 53.5587468 ], [ 10.0316079, 53.5587839 ], [ 10.0315651, 53.5588357 ] ] } },
{ "type": "Feature", "properties": { "u": 26678243, "v": 13056472846, "key": 0, "osmid": "5229521", "highway": "residential", "lanes": "", "maxspeed": "30", "name": "Minenstraße", "oneway": false, "ref": "", "reversed": "False", "length": 126.15804761764619, "bridge": "", "width": "", "tunnel": "", "access": "" }, "geometry": { "type": "LineString", "coordinates": [ [ 10.0202569, 53.5547413 ], [ 10.0203214, 53.5547704 ], [ 10.0217282, 53.5554039 ], [ 10.0217587, 53.555418 ], [ 10.021779, 53.5554266 ] ] } },
{ "type": "Feature", "properties": { "u": 26678243, "v": 26678244, "key": 0, "osmid": "1054202936", "highway": "residential", "lanes": "", "maxspeed": "30", "name": "Stiftstraße", "oneway": false, "ref": "", "reversed": "False", "length": 82.52873671649165, "bridge": "", "width": "", "tunnel": "", "access": "" }, "geometry": { "type": "LineString", "coordinates": [ [ 10.0202569, 53.5547413 ], [ 10.0201948, 53.5547841 ], [ 10.019424, 53.5552945 ] ] } },
{ "type": "Feature", "properties": { "u": 26678243, "v": 26678250, "key": 0, "osmid": [ 1054202936, 5229523, 1270418804, 1270418789 ], "highway": "residential", "lanes": "", "maxspeed": "30", "name": [ "Stiftstraße", "Ferdinand-Beit-Straße" ], "oneway": false, "ref": "", "reversed": "True", "length": 210.09786395795149, "bridge": "", "width": "", "tunnel": "", "access": "" }, "geometry": { "type": "LineString", "coordinates": [ [ 10.0202569, 53.5547413 ], [ 10.0206642, 53.5544715 ], [ 10.0207093, 53.5544275 ], [ 10.0206944, 53.5543724 ], [ 10.0206086, 53.5543426 ], [ 10.019845, 53.5541065 ], [ 10.0197157, 53.5540665 ], [ 10.0194752, 53.5539921 ], [ 10.0194453, 53.5539829 ], [ 10.0187326, 53.5537625 ], [ 10.0185772, 53.553714 ] ] } },
{ "type": "Feature", "properties": { "u": 26678244, "v": 257694056, "key": 0, "osmid": "5229522", "highway": "residential", "lanes": "", "maxspeed": "30", "name": "Stiftstraße", "oneway": false, "ref": "", "reversed": "False", "length": 84.864503998194365, "bridge": "", "width": "", "tunnel": "", "access": "" }, "geometry": { "type": "LineString", "coordinates": [ [ 10.019424, 53.5552945 ], [ 10.0191645, 53.5554772 ], [ 10.0189732, 53.5556108 ], [ 10.0188746, 53.5556797 ], [ 10.0188034, 53.5557258 ], [ 10.0186955, 53.5557956 ], [ 10.0185299, 53.5558185 ] ] } },
{ "type": "Feature", "properties": { "u": 26678244, "v": 789307229, "key": 0, "osmid": "232013419", "highway": "residential", "lanes": "", "maxspeed": "30", "name": "Alexanderstraße", "oneway": false, "ref": "", "reversed": "True", "length": 133.53519863963231, "bridge": "", "width": "", "tunnel": "", "access": "" }, "geometry": { "type": "LineString", "coordinates": [ [ 10.019424, 53.5552945 ], [ 10.0195123, 53.5553345 ], [ 10.020047, 53.5555781 ], [ 10.0201171, 53.5556094 ], [ 10.0204896, 53.5557756 ], [ 10.0205646, 53.5558088 ], [ 10.0210361, 53.5560191 ] ] } },
{ "type": "Feature", "properties": { "u": 26678244, "v": 500829364, "key": 0, "osmid": [ 1054202949, 232013558 ], "highway": "residential", "lanes": "", "maxspeed": "30", "name": "Alexanderstraße", "oneway": true, "ref": "", "reversed": "False", "length": 148.60634744565436, "bridge": "", "width": "", "tunnel": "", "access": "" }, "geometry": { "type": "LineString", "coordinates": [ [ 10.019424, 53.5552945 ], [ 10.0183861, 53.5548495 ], [ 10.0176028, 53.5545099 ] ] } },
{ "type": "Feature", "properties": { "u": 26678244, "v": 26678243, "key": 0, "osmid": "1054202936", "highway": "residential", "lanes": "", "maxspeed": "30", "name": "Stiftstraße", "oneway": false, "ref": "", "reversed": "True", "length": 82.52873671649165, "bridge": "", "width": "", "tunnel": "", "access": "" }, "geometry": { "type": "LineString", "coordinates": [ [ 10.019424, 53.5552945 ], [ 10.0201948, 53.5547841 ], [ 10.0202569, 53.5547413 ] ] } },
{ "type": "Feature", "properties": { "u": 26678250, "v": 305286856, "key": 0, "osmid": [ 1462406408, 42815535, 41073072, 41073071, 1324886579 ], "highway": "residential", "lanes": "2", "maxspeed": [ "30", "50" ], "name": "Lindenstraße", "oneway": false, "ref": "", "reversed": "False", "length": 120.56644394196371, "bridge": "", "width": "", "tunnel": "", "access": "" }, "geometry": { "type": "LineString", "coordinates": [ [ 10.0185772, 53.553714 ], [ 10.0187834, 53.5535543 ], [ 10.0189198, 53.5534488 ], [ 10.0190861, 53.5533134 ], [ 10.0191204, 53.5532775 ], [ 10.019137, 53.55326 ], [ 10.0191732, 53.5532098 ], [ 10.019195, 53.5531639 ], [ 10.0192107, 53.5531039 ], [ 10.0192178, 53.5530348 ], [ 10.0192191, 53.5529857 ], [ 10.0192117, 53.5528428 ], [ 10.0191875, 53.5527472 ] ] } },
{ "type": "Feature", "properties": { "u": 26678250, "v": 500829364, "key": 0, "osmid": [ 1324886731, 1324886732, 41073071 ], "highway": "residential", "lanes": "", "maxspeed": "30", "name": "Lindenstraße", "oneway": false, "ref": "", "reversed": "True", "length": 109.43594433089213, "bridge": "", "width": "", "tunnel": "", "access": "" }, "geometry": { "type": "LineString", "coordinates": [ [ 10.0185772, 53.553714 ], [ 10.0185068, 53.5537753 ], [ 10.0177274, 53.5544099 ], [ 10.0176798, 53.5544486 ], [ 10.0176028, 53.5545099 ] ] } },
{ "type": "Feature", "properties": { "u": 26678250, "v": 26678243, "key": 0, "osmid": [ 1054202936, 5229523, 1270418804, 1270418789 ], "highway": "residential", "lanes": "", "maxspeed": "30", "name": [ "Stiftstraße", "Ferdinand-Beit-Straße" ], "oneway": false, "ref": "", "reversed": "False", "length": 210.09786395795146, "bridge": "", "width": "", "tunnel": "", "access": "" }, "geometry": { "type": "LineString", "coordinates": [ [ 10.0185772, 53.553714 ], [ 10.0187326, 53.5537625 ], [ 10.0194453, 53.5539829 ], [ 10.0194752, 53.5539921 ], [ 10.0197157, 53.5540665 ], [ 10.019845, 53.5541065 ], [ 10.0206086, 53.5543426 ], [ 10.0206944, 53.5543724 ], [ 10.0207093, 53.5544275 ], [ 10.0206642, 53.5544715 ], [ 10.0202569, 53.5547413 ] ] } },
{ "type": "Feature", "properties": { "u": 26678253, "v": 305286890, "key": 0, "osmid": [ 640963267, 147936476, 147936486 ], "highway": "residential", "lanes": "1", "maxspeed": "30", "name": "Adenauerallee", "oneway": true, "ref": "", "reversed": "False", "length": 123.23761297025806, "bridge": "", "width": "", "tunnel": "", "access": "" }, "geometry": { "type": "LineString", "coordinates": [ [ 10.0158743, 53.5527928 ], [ 10.0158357, 53.5527907 ], [ 10.0156161, 53.5527795 ], [ 10.0146293, 53.5527275 ], [ 10.0142805, 53.5527092 ], [ 10.0142433, 53.55268 ], [ 10.0142057, 53.5526386 ], [ 10.0141569, 53.5525704 ] ] } },
{ "type": "Feature", "properties": { "u": 26728691, "v": 570105753, "key": 0, "osmid": [ 30997314, 31023139, 3042244, 178211910, 1116583303, 178211912, 190417255, 1117128686, 317715951 ], "highway": "primary", "lanes": [ "4", "3", "5" ], "maxspeed": "50", "name": "Bürgerweide", "oneway": true, "ref": "B 75", "reversed": "False", "length": 429.17497754202236, "bridge": "", "width": "", "tunnel": "", "access": "" }, "geometry": { "type": "LineString", "coordinates": [ [ 10.0269226, 53.5559955 ], [ 10.0267736, 53.5558083 ], [ 10.0266406, 53.5556197 ], [ 10.0263599, 53.5551327 ], [ 10.0260787, 53.554444 ], [ 10.0260445, 53.5543339 ], [ 10.0258994, 53.5539403 ], [ 10.0258589, 53.5538369 ], [ 10.0257192, 53.5535156 ], [ 10.0256515, 53.5533552 ], [ 10.0256045, 53.5532444 ], [ 10.0255479, 53.5531097 ], [ 10.0255287, 53.5530548 ], [ 10.0255042, 53.5529348 ], [ 10.0255027, 53.5529093 ], [ 10.0254978, 53.5528249 ], [ 10.0254953, 53.5527479 ], [ 10.0255001, 53.5526085 ], [ 10.0255339, 53.5522867 ], [ 10.0255363, 53.5522592 ] ] } },
{ "type": "Feature", "properties": { "u": 26728706, "v": 34629956, "key": 0, "osmid": "76905459", "highway": "primary", "lanes": "3", "maxspeed": "50", "name": "Bürgerweide", "oneway": true, "ref": "", "reversed": "False", "length": 66.065375136773028, "bridge": "", "width": "", "tunnel": "", "access": "" }, "geometry": { "type": "LineString", "coordinates": [ [ 10.0280088, 53.5564983 ], [ 10.02767, 53.5563851 ], [ 10.0274367, 53.5562893 ], [ 10.0273654, 53.5562596 ], [ 10.0272706, 53.5562159 ], [ 10.0271827, 53.5561667 ] ] } },
{ "type": "Feature", "properties": { "u": 26728706, "v": 150409440, "key": 0, "osmid": [ 15649627, 1295723595 ], "highway": "primary", "lanes": "2", "maxspeed": "50", "name": "Bürgerweide", "oneway": true, "ref": "", "reversed": "False", "length": 73.045564247969423, "bridge": "", "width": "", "tunnel": "", "access": "" }, "geometry": { "type": "LineString", "coordinates": [ [ 10.0280088, 53.5564983 ], [ 10.0277126, 53.5564717 ], [ 10.0272977, 53.5563949 ], [ 10.0272387, 53.556384 ], [ 10.0271644, 53.5563702 ], [ 10.0270909, 53.5563627 ], [ 10.0270093, 53.5563673 ], [ 10.0269386, 53.5563831 ] ] } },
{ "type": "Feature", "properties": { "u": 26729007, "v": 8083272, "key": 0, "osmid": "4925832", "highway": "primary", "lanes": "5", "maxspeed": "50", "name": "Anckelmannsplatz", "oneway": true, "ref": "", "reversed": "False", "length": 29.541175293835501, "bridge": "", "width": "", "tunnel": "", "access": "" }, "geometry": { "type": "LineString", "coordinates": [ [ 10.0260653, 53.5519167 ], [ 10.0258021, 53.5518562 ], [ 10.0256509, 53.551817 ] ] } },
{ "type": "Feature", "properties": { "u": 26729007, "v": 570105751, "key": 0, "osmid": "15215065", "highway": "primary", "lanes": "4", "maxspeed": "50", "name": "Bürgerweide", "oneway": true, "ref": "B 75", "reversed": "False", "length": 44.25357449980887, "bridge": "", "width": "", "tunnel": "", "access": "" }, "geometry": { "type": "LineString", "coordinates": [ [ 10.0260653, 53.5519167 ], [ 10.0259647, 53.5520123 ], [ 10.025886, 53.5521289 ], [ 10.0258212, 53.5522838 ] ] } },
{ "type": "Feature", "properties": { "u": 26729017, "v": 34629956, "key": 0, "osmid": "39604236", "highway": "primary", "lanes": "3", "maxspeed": "50", "name": "Bürgerweide", "oneway": true, "ref": "B 75", "reversed": "False", "length": 96.417835409837579, "bridge": "", "width": "", "tunnel": "", "access": "" }, "geometry": { "type": "LineString", "coordinates": [ [ 10.0267448, 53.5553529 ], [ 10.0268238, 53.5554971 ], [ 10.0268751, 53.5555792 ], [ 10.0271544, 53.5559618 ], [ 10.0272007, 53.5560481 ], [ 10.0272054, 53.5561115 ], [ 10.0271827, 53.5561667 ] ] } },
{ "type": "Feature", "properties": { "u": 26729017, "v": 21451603, "key": 0, "osmid": [ 143586258, 1295723378 ], "highway": "primary", "lanes": "1", "maxspeed": "50", "name": "Bürgerweide", "oneway": true, "ref": "", "reversed": "False", "length": 117.97881267834651, "bridge": "", "width": "", "tunnel": "", "access": "" }, "geometry": { "type": "LineString", "coordinates": [ [ 10.0267448, 53.5553529 ], [ 10.0271422, 53.5557365 ], [ 10.0273389, 53.5559033 ], [ 10.027476, 53.5560099 ], [ 10.0275453, 53.5560639 ], [ 10.0276598, 53.556139 ], [ 10.0277867, 53.55621 ] ] } },
{ "type": "Feature", "properties": { "u": 26729250, "v": 250282590, "key": 0, "osmid": "188228383", "highway": "primary", "lanes": "4", "maxspeed": "50", "name": "Amsinckstraße", "oneway": true, "ref": "B 4", "reversed": "False", "length": 41.336492771494434, "bridge": "", "width": "", "tunnel": "", "access": "" }, "geometry": { "type": "LineString", "coordinates": [ [ 10.0117205, 53.5480496 ], [ 10.0115726, 53.5480467 ], [ 10.0114112, 53.5480399 ], [ 10.0112526, 53.5480322 ], [ 10.0110966, 53.548023 ] ] } },
{ "type": "Feature", "properties": { "u": 26729251, "v": 91761568, "key": 0, "osmid": [ 46102577, 46102602 ], "highway": "unclassified", "lanes": "", "maxspeed": [ "30", "50" ], "name": "Schultzweg", "oneway": false, "ref": "", "reversed": "True", "length": 59.36610972464338, "bridge": "", "width": "", "tunnel": "", "access": "" }, "geometry": { "type": "LineString", "coordinates": [ [ 10.0102749, 53.5479966 ], [ 10.0102557, 53.5480745 ], [ 10.0102265, 53.548247 ], [ 10.0102139, 53.5483217 ], [ 10.0102036, 53.5484047 ], [ 10.0101714, 53.5485267 ] ] } },
{ "type": "Feature", "properties": { "u": 26729251, "v": 21654999, "key": 0, "osmid": "143586213", "highway": "secondary", "lanes": "3", "maxspeed": "50", "name": "Amsinckstraße", "oneway": true, "ref": "", "reversed": "False", "length": 133.55622149076422, "bridge": "", "width": "", "tunnel": "", "access": "" }, "geometry": { "type": "LineString", "coordinates": [ [ 10.0102749, 53.5479966 ], [ 10.0099828, 53.5479951 ], [ 10.009557, 53.5479989 ], [ 10.0092696, 53.5480056 ], [ 10.0088983, 53.5480142 ], [ 10.0082544, 53.548029 ] ] } },
{ "type": "Feature", "properties": { "u": 29547265, "v": 155475676, "key": 0, "osmid": "143586318", "highway": "secondary", "lanes": "2", "maxspeed": "50", "name": "Recha-Lübke-Damm", "oneway": true, "ref": "", "reversed": "False", "length": 97.906594881616783, "bridge": "", "width": "", "tunnel": "", "access": "" }, "geometry": { "type": "LineString", "coordinates": [ [ 10.0087446, 53.5476902 ], [ 10.0091239, 53.5476682 ], [ 10.0092553, 53.5476567 ], [ 10.0093703, 53.5476371 ], [ 10.0095585, 53.5475944 ], [ 10.0096191, 53.5475753 ], [ 10.0097268, 53.5475414 ], [ 10.0099582, 53.5474675 ], [ 10.0100048, 53.5474526 ], [ 10.0101305, 53.5474149 ] ] } },
{ "type": "Feature", "properties": { "u": 29547265, "v": 155497084, "key": 0, "osmid": "143586333", "highway": "secondary", "lanes": "1", "maxspeed": "50", "name": "Nordkanalbrücke", "oneway": true, "ref": "", "reversed": "False", "length": 75.82560141287351, "bridge": "", "width": "", "tunnel": "", "access": "" }, "geometry": { "type": "LineString", "coordinates": [ [ 10.0087446, 53.5476902 ], [ 10.0089584, 53.5477011 ], [ 10.0091393, 53.5477037 ], [ 10.0094942, 53.5476885 ], [ 10.0096954, 53.5476898 ], [ 10.0098894, 53.5477023 ] ] } },
{ "type": "Feature", "properties": { "u": 33324488, "v": 33324489, "key": 0, "osmid": "143586305", "highway": "tertiary", "lanes": "4", "maxspeed": "50", "name": "Hammerbrookstraße", "oneway": false, "ref": "", "reversed": "False", "length": 55.730695794578637, "bridge": "", "width": "", "tunnel": "", "access": "" }, "geometry": { "type": "LineString", "coordinates": [ [ 10.0211568, 53.5500046 ], [ 10.0210625, 53.5501177 ], [ 10.0210394, 53.5501455 ], [ 10.020894, 53.5503202 ], [ 10.0208713, 53.5503475 ], [ 10.020784, 53.5504542 ] ] } },
{ "type": "Feature", "properties": { "u": 33324488, "v": 11206920, "key": 0, "osmid": [ 190417282, 190581796, 763469903, 45892529, 1451101781, 44964348, 44964349 ], "highway": "primary", "lanes": [ "4", "3", "5" ], "maxspeed": "50", "name": "Nordkanalstraße", "oneway": true, "ref": "", "reversed": "False", "length": 352.21220756133255, "bridge": "", "width": "", "tunnel": "", "access": "" }, "geometry": { "type": "LineString", "coordinates": [ [ 10.0211568, 53.5500046 ], [ 10.021385, 53.5500699 ], [ 10.0216066, 53.5501333 ], [ 10.0227192, 53.5504409 ], [ 10.0229689, 53.55051 ], [ 10.0230249, 53.5505255 ], [ 10.0236774, 53.5507061 ], [ 10.0242874, 53.5508753 ], [ 10.0246333, 53.5509724 ], [ 10.0247745, 53.5510119 ], [ 10.0251154, 53.5511074 ], [ 10.025407, 53.551189 ], [ 10.0257353, 53.5512809 ], [ 10.0258122, 53.5513024 ], [ 10.0259832, 53.5513503 ] ] } },
{ "type": "Feature", "properties": { "u": 33324488, "v": 98870258, "key": 0, "osmid": "195634367", "highway": "tertiary", "lanes": "3", "maxspeed": "50", "name": "Hammerbrookstraße", "oneway": false, "ref": "", "reversed": "True", "length": 53.374074665304903, "bridge": "", "width": "", "tunnel": "", "access": "" }, "geometry": { "type": "LineString", "coordinates": [ [ 10.0211568, 53.5500046 ], [ 10.021277, 53.5498653 ], [ 10.0213096, 53.5498275 ], [ 10.0215265, 53.5495778 ] ] } },
{ "type": "Feature", "properties": { "u": 33324489, "v": 33324529, "key": 0, "osmid": [ 158595211, 143586294 ], "highway": "tertiary", "lanes": "1", "maxspeed": "50", "name": "Hammerbrookstraße", "oneway": true, "ref": "", "reversed": "False", "length": 96.734604083697604, "bridge": "", "width": "", "tunnel": "", "access": "" }, "geometry": { "type": "LineString", "coordinates": [ [ 10.020784, 53.5504542 ], [ 10.0207044, 53.5505552 ], [ 10.0206149, 53.5506686 ], [ 10.0205204, 53.5507882 ], [ 10.0204915, 53.5508248 ], [ 10.0201526, 53.5512391 ] ] } },
{ "type": "Feature", "properties": { "u": 33324489, "v": 33324488, "key": 0, "osmid": "143586305", "highway": "tertiary", "lanes": "4", "maxspeed": "50", "name": "Hammerbrookstraße", "oneway": false, "ref": "", "reversed": "True", "length": 55.730695794578644, "bridge": "", "width": "", "tunnel": "", "access": "" }, "geometry": { "type": "LineString", "coordinates": [ [ 10.020784, 53.5504542 ], [ 10.0208713, 53.5503475 ], [ 10.020894, 53.5503202 ], [ 10.0210394, 53.5501455 ], [ 10.0210625, 53.5501177 ], [ 10.0211568, 53.5500046 ] ] } },
{ "type": "Feature", "properties": { "u": 33324489, "v": 11206923, "key": 0, "osmid": [ 242351994, 458320757, 752852629 ], "highway": "primary", "lanes": [ "4", "3" ], "maxspeed": "50", "name": "Spaldingstraße", "oneway": true, "ref": "", "reversed": "False", "length": 235.63567075223398, "bridge": "", "width": "", "tunnel": "", "access": "" }, "geometry": { "type": "LineString", "coordinates": [ [ 10.020784, 53.5504542 ], [ 10.0206262, 53.5504097 ], [ 10.0205645, 53.5503923 ], [ 10.019892, 53.5502028 ], [ 10.0195082, 53.5500946 ], [ 10.01916, 53.5499965 ], [ 10.0189422, 53.5499351 ], [ 10.0189041, 53.5499244 ], [ 10.0177979, 53.5496125 ], [ 10.0176782, 53.5495788 ], [ 10.0175616, 53.5495457 ] ] } },
{ "type": "Feature", "properties": { "u": 33324490, "v": 257683269, "key": 0, "osmid": "40150595", "highway": "residential", "lanes": "", "maxspeed": "50", "name": "Norderstraße", "oneway": false, "ref": "", "reversed": "False", "length": 75.445841569200667, "bridge": "", "width": "", "tunnel": "", "access": "" }, "geometry": { "type": "LineString", "coordinates": [ [ 10.0168809, 53.5504437 ], [ 10.0179345, 53.5507055 ] ] } },
{ "type": "Feature", "properties": { "u": 33324490, "v": 279134488, "key": 0, "osmid": "143586331", "highway": "residential", "lanes": "", "maxspeed": "50", "name": "Norderstraße", "oneway": false, "ref": "", "reversed": "True", "length": 265.07456462529979, "bridge": "", "width": "", "tunnel": "", "access": "" }, "geometry": { "type": "LineString", "coordinates": [ [ 10.0168809, 53.5504437 ], [ 10.0163844, 53.5503204 ], [ 10.0159366, 53.5502092 ], [ 10.0156398, 53.5501355 ], [ 10.0154516, 53.5500988 ], [ 10.015129, 53.5500359 ], [ 10.0148506, 53.5499876 ], [ 10.014488, 53.5499248 ], [ 10.0142739, 53.5499083 ], [ 10.0138431, 53.5498752 ], [ 10.0133883, 53.5498473 ], [ 10.0131837, 53.5498437 ], [ 10.013034, 53.549841 ] ] } },
{ "type": "Feature", "properties": { "u": 33324490, "v": 11206923, "key": 0, "osmid": [ 776593838, 429244694 ], "highway": "tertiary", "lanes": "2", "maxspeed": "50", "name": "Nagelsweg", "oneway": true, "ref": "", "reversed": "False", "length": 109.51209311725151, "bridge": "", "width": "", "tunnel": "", "access": "" }, "geometry": { "type": "LineString", "coordinates": [ [ 10.0168809, 53.5504437 ], [ 10.017263, 53.5499396 ], [ 10.0174419, 53.5497036 ], [ 10.0174829, 53.5496495 ], [ 10.0175616, 53.5495457 ] ] } },
{ "type": "Feature", "properties": { "u": 33324491, "v": 4272450389, "key": 0, "osmid": [ 143586337, 636100258 ], "highway": "residential", "lanes": "", "maxspeed": "50", "name": "Repsoldstraße", "oneway": false, "ref": "", "reversed": "True", "length": 28.113188741373641, "bridge": "", "width": "7", "tunnel": "", "access": "" }, "geometry": { "type": "LineString", "coordinates": [ [ 10.0110941, 53.5509996 ], [ 10.0111091, 53.5509509 ], [ 10.0111122, 53.5509409 ], [ 10.0111409, 53.5508739 ], [ 10.0111561, 53.5508403 ], [ 10.0111811, 53.5508088 ], [ 10.0112305, 53.550763 ] ] } },
{ "type": "Feature", "properties": { "u": 33324491, "v": 257680401, "key": 0, "osmid": "640923167", "highway": "secondary", "lanes": "3", "maxspeed": "30", "name": "Kurt-Schumacher-Allee", "oneway": true, "ref": "", "reversed": "False", "length": 59.024867864718608, "bridge": "", "width": "", "tunnel": "", "access": "" }, "geometry": { "type": "LineString", "coordinates": [ [ 10.0110941, 53.5509996 ], [ 10.011313, 53.5510275 ], [ 10.0114632, 53.5510491 ], [ 10.0115839, 53.5510698 ], [ 10.0118132, 53.5511096 ], [ 10.0119555, 53.5511388 ] ] } },
{ "type": "Feature", "properties": { "u": 33324529, "v": 305286921, "key": 0, "osmid": [ 640963260, 489534550, 158595207 ], "highway": "tertiary", "lanes": [ "3", "2" ], "maxspeed": "50", "name": "Hammerbrookstraße", "oneway": true, "ref": "", "reversed": "False", "length": 167.78675156710216, "bridge": "", "width": "", "tunnel": "", "access": "" }, "geometry": { "type": "LineString", "coordinates": [ [ 10.0201526, 53.5512391 ], [ 10.0200361, 53.5513893 ], [ 10.0198521, 53.5516366 ], [ 10.0196892, 53.5518322 ], [ 10.0196594, 53.5518686 ], [ 10.0196093, 53.5519349 ], [ 10.0191991, 53.5524743 ], [ 10.0191794, 53.5525008 ], [ 10.0191615, 53.552533 ], [ 10.0191479, 53.5525725 ], [ 10.0191475, 53.5526192 ] ] } },
{ "type": "Feature", "properties": { "u": 33324529, "v": 257683269, "key": 0, "osmid": [ 636100257, 40150595 ], "highway": "residential", "lanes": "", "maxspeed": "50", "name": "Norderstraße", "oneway": false, "ref": "", "reversed": "True", "length": 158.08886087990408, "bridge": "", "width": "", "tunnel": "", "access": "" }, "geometry": { "type": "LineString", "coordinates": [ [ 10.0201526, 53.5512391 ], [ 10.0199636, 53.5511942 ], [ 10.0192532, 53.5510227 ], [ 10.0181796, 53.5507645 ], [ 10.0179345, 53.5507055 ] ] } },
{ "type": "Feature", "properties": { "u": 33634985, "v": 98870258, "key": 0, "osmid": "143586302", "highway": "tertiary", "lanes": "3", "maxspeed": "50", "name": "Hammerbrookstraße", "oneway": false, "ref": "", "reversed": "False", "length": 23.583229898577326, "bridge": "", "width": "", "tunnel": "", "access": "" }, "geometry": { "type": "LineString", "coordinates": [ [ 10.0216858, 53.549388 ], [ 10.0216343, 53.5494493 ], [ 10.0215265, 53.5495778 ] ] } },
{ "type": "Feature", "properties": { "u": 33634985, "v": 35138371, "key": 0, "osmid": [ 752852920, 752852918, 752852919 ], "highway": "tertiary", "lanes": [ "3", "2" ], "maxspeed": "50", "name": "Hammerbrookstraße", "oneway": false, "ref": "", "reversed": "True", "length": 88.181625421223856, "bridge": "", "width": "", "tunnel": "", "access": "" }, "geometry": { "type": "LineString", "coordinates": [ [ 10.0216858, 53.549388 ], [ 10.021799, 53.5492529 ], [ 10.022095, 53.5488728 ], [ 10.0221484, 53.5488046 ], [ 10.0222527, 53.5486701 ] ] } },
{ "type": "Feature", "properties": { "u": 33634985, "v": 35138369, "key": 0, "osmid": [ 143586405, 776728495 ], "highway": "unclassified", "lanes": "2", "maxspeed": "50", "name": "Wandalenweg", "oneway": false, "ref": "", "reversed": "True", "length": 365.38288049566353, "bridge": "", "width": "", "tunnel": "", "access": "" }, "geometry": { "type": "LineString", "coordinates": [ [ 10.0216858, 53.549388 ], [ 10.0219036, 53.549449 ], [ 10.0222598, 53.5495489 ], [ 10.023588, 53.5499213 ], [ 10.024041, 53.5500483 ], [ 10.0240951, 53.5500635 ], [ 10.0246012, 53.5502054 ], [ 10.0250954, 53.5503439 ], [ 10.0254214, 53.5504195 ], [ 10.0254514, 53.5504213 ], [ 10.0254838, 53.5504204 ], [ 10.0255005, 53.550418 ], [ 10.0255158, 53.5504157 ], [ 10.0255468, 53.5504069 ], [ 10.0255787, 53.5503924 ], [ 10.0261063, 53.5497253 ] ] } },
{ "type": "Feature", "properties": { "u": 34629956, "v": 21451603, "key": 0, "osmid": "15649317", "highway": "primary", "lanes": "2", "maxspeed": "50", "name": "Bürgerweide", "oneway": true, "ref": "", "reversed": "False", "length": 40.661728027087335, "bridge": "", "width": "", "tunnel": "", "access": "" }, "geometry": { "type": "LineString", "coordinates": [ [ 10.0271827, 53.5561667 ], [ 10.0272761, 53.5561594 ], [ 10.0273854, 53.5561568 ], [ 10.0274522, 53.5561608 ], [ 10.0276353, 53.5561837 ], [ 10.0277867, 53.55621 ] ] } },
{ "type": "Feature", "properties": { "u": 34629956, "v": 150409440, "key": 0, "osmid": "59411414", "highway": "primary", "lanes": "3", "maxspeed": "50", "name": "Wallstraße", "oneway": true, "ref": "B 75", "reversed": "False", "length": 29.159165097871931, "bridge": "", "width": "", "tunnel": "", "access": "" }, "geometry": { "type": "LineString", "coordinates": [ [ 10.0271827, 53.5561667 ], [ 10.0271247, 53.5562434 ], [ 10.0270696, 53.5562842 ], [ 10.0269386, 53.5563831 ] ] } },
{ "type": "Feature", "properties": { "u": 34629956, "v": 26728691, "key": 0, "osmid": "59411415", "highway": "primary", "lanes": "2", "maxspeed": "50", "name": "Bürgerweide", "oneway": true, "ref": "", "reversed": "False", "length": 25.657684167777347, "bridge": "", "width": "", "tunnel": "", "access": "" }, "geometry": { "type": "LineString", "coordinates": [ [ 10.0271827, 53.5561667 ], [ 10.027067, 53.5560963 ], [ 10.0269226, 53.5559955 ] ] } },
{ "type": "Feature", "properties": { "u": 34629961, "v": 18699704, "key": 0, "osmid": "190163838", "highway": "primary", "lanes": "2", "maxspeed": "50", "name": "Sechslingspforte", "oneway": true, "ref": "", "reversed": "False", "length": 227.97733587976126, "bridge": "", "width": "", "tunnel": "", "access": "" }, "geometry": { "type": "LineString", "coordinates": [ [ 10.022193, 53.5590832 ], [ 10.0210883, 53.5596653 ], [ 10.0206759, 53.5598584 ], [ 10.0202852, 53.5600534 ], [ 10.0199228, 53.5602428 ], [ 10.01955, 53.5603996 ] ] } },
{ "type": "Feature", "properties": { "u": 34629964, "v": 7151680440, "key": 0, "osmid": "765746471", "highway": "primary", "lanes": "5", "maxspeed": "50", "name": "Sechslingspforte", "oneway": false, "ref": "", "reversed": "True", "length": 40.527634023881198, "bridge": "", "width": "", "tunnel": "", "access": "" }, "geometry": { "type": "LineString", "coordinates": [ [ 10.0190648, 53.5606765 ], [ 10.0185935, 53.5609099 ] ] } },
{ "type": "Feature", "properties": { "u": 34629964, "v": 18699704, "key": 0, "osmid": "216524418", "highway": "primary", "lanes": "5", "maxspeed": "50", "name": "Sechslingspforte", "oneway": false, "ref": "", "reversed": "False", "length": 44.453227955667607, "bridge": "", "width": "", "tunnel": "", "access": "" }, "geometry": { "type": "LineString", "coordinates": [ [ 10.0190648, 53.5606765 ], [ 10.0192822, 53.560559 ], [ 10.01955, 53.5603996 ] ] } },
{ "type": "Feature", "properties": { "u": 34629964, "v": 7151680450, "key": 0, "osmid": [ 765746473, 1342523299 ], "highway": "residential", "lanes": "1", "maxspeed": "30", "name": "Ackermannstraße", "oneway": true, "ref": "", "reversed": "False", "length": 39.42652199414028, "bridge": "", "width": "5", "tunnel": "", "access": "" }, "geometry": { "type": "LineString", "coordinates": [ [ 10.0190648, 53.5606765 ], [ 10.0189974, 53.5607985 ], [ 10.0189814, 53.5608554 ], [ 10.0189711, 53.5609161 ], [ 10.0189789, 53.5609635 ], [ 10.018984, 53.5609964 ], [ 10.0189828, 53.5610232 ] ] } },
{ "type": "Feature", "properties": { "u": 35138369, "v": 35138370, "key": 0, "osmid": "23381368", "highway": "unclassified", "lanes": "2", "maxspeed": "50", "name": "Gotenstraße", "oneway": false, "ref": "", "reversed": "False", "length": 54.032917534288615, "bridge": "", "width": "", "tunnel": "", "access": "" }, "geometry": { "type": "LineString", "coordinates": [ [ 10.0261063, 53.5497253 ], [ 10.0268514, 53.5499257 ] ] } },
{ "type": "Feature", "properties": { "u": 35138369, "v": 1571348041, "key": 0, "osmid": "143586280", "highway": "unclassified", "lanes": "2", "maxspeed": "50", "name": "Frankenstraße", "oneway": false, "ref": "", "reversed": "True", "length": 363.13578423817205, "bridge": "", "width": "", "tunnel": "", "access": "" }, "geometry": { "type": "LineString", "coordinates": [ [ 10.0261063, 53.5497253 ], [ 10.0262849, 53.5494993 ], [ 10.0263434, 53.5494254 ], [ 10.0263753, 53.549385 ], [ 10.0265773, 53.5491295 ], [ 10.0266121, 53.5490721 ], [ 10.0266042, 53.5490273 ], [ 10.0265427, 53.5489715 ], [ 10.0256097, 53.5487164 ], [ 10.0254253, 53.5486655 ], [ 10.0253138, 53.5486383 ], [ 10.0251851, 53.5486041 ], [ 10.0250762, 53.5485761 ], [ 10.0243329, 53.5483726 ], [ 10.0239338, 53.5482634 ], [ 10.0234944, 53.5481495 ], [ 10.0232034, 53.5480741 ], [ 10.0228068, 53.5479713 ] ] } },
{ "type": "Feature", "properties": { "u": 35138369, "v": 35138371, "key": 0, "osmid": [ 143586291, 1181174157 ], "highway": "unclassified", "lanes": "2", "maxspeed": "50", "name": "Gotenstraße", "oneway": false, "ref": "", "reversed": "False", "length": 280.32418819547206, "bridge": "", "width": "", "tunnel": "", "access": "" }, "geometry": { "type": "LineString", "coordinates": [ [ 10.0261063, 53.5497253 ], [ 10.0256749, 53.5496072 ], [ 10.0255878, 53.5495833 ], [ 10.0252597, 53.5494935 ], [ 10.0251969, 53.5494763 ], [ 10.0249037, 53.549396 ], [ 10.0248778, 53.5493889 ], [ 10.0241618, 53.5491937 ], [ 10.0240496, 53.5491621 ], [ 10.0236368, 53.5490491 ], [ 10.0224867, 53.5487342 ], [ 10.0222527, 53.5486701 ] ] } },
{ "type": "Feature", "properties": { "u": 35138369, "v": 33634985, "key": 0, "osmid": [ 143586405, 776728495 ], "highway": "unclassified", "lanes": "2", "maxspeed": "50", "name": "Wandalenweg", "oneway": false, "ref": "", "reversed": "False", "length": 365.38288049566364, "bridge": "", "width": "", "tunnel": "", "access": "" }, "geometry": { "type": "LineString", "coordinates": [ [ 10.0261063, 53.5497253 ], [ 10.0255787, 53.5503924 ], [ 10.0255468, 53.5504069 ], [ 10.0255158, 53.5504157 ], [ 10.0255005, 53.550418 ], [ 10.0254838, 53.5504204 ], [ 10.0254514, 53.5504213 ], [ 10.0254214, 53.5504195 ], [ 10.0250954, 53.5503439 ], [ 10.0246012, 53.5502054 ], [ 10.0240951, 53.5500635 ], [ 10.024041, 53.5500483 ], [ 10.023588, 53.5499213 ], [ 10.0222598, 53.5495489 ], [ 10.0219036, 53.549449 ], [ 10.0216858, 53.549388 ] ] } },
{ "type": "Feature", "properties": { "u": 35138370, "v": 35138369, "key": 0, "osmid": "23381368", "highway": "unclassified", "lanes": "2", "maxspeed": "50", "name": "Gotenstraße", "oneway": false, "ref": "", "reversed": "True", "length": 54.032917534288615, "bridge": "", "width": "", "tunnel": "", "access": "" }, "geometry": { "type": "LineString", "coordinates": [ [ 10.0268514, 53.5499257 ], [ 10.0261063, 53.5497253 ] ] } },
{ "type": "Feature", "properties": { "u": 35138370, "v": 1640544008, "key": 0, "osmid": [ 3042321, 190417269, 21595198, 190417279 ], "highway": "primary", "lanes": [ "4", "3", "5" ], "maxspeed": "50", "name": "Heidenkampsweg", "oneway": true, "ref": "B 75", "reversed": "False", "length": 261.75904324197836, "bridge": "yes", "width": "", "tunnel": "", "access": "" }, "geometry": { "type": "LineString", "coordinates": [ [ 10.0268514, 53.5499257 ], [ 10.0272417, 53.5493525 ], [ 10.0275765, 53.5489319 ], [ 10.027717, 53.5487532 ], [ 10.0277884, 53.5486631 ], [ 10.0280046, 53.5484328 ], [ 10.0282101, 53.5481701 ], [ 10.0283894, 53.5479408 ], [ 10.0284109, 53.5479133 ], [ 10.0285082, 53.547789 ] ] } },
{ "type": "Feature", "properties": { "u": 35138371, "v": 1571348041, "key": 0, "osmid": [ 752852916, 752852917 ], "highway": "tertiary", "lanes": [ "3", "2" ], "maxspeed": "50", "name": "Hammerbrookstraße", "oneway": false, "ref": "", "reversed": "True", "length": 85.894724096576226, "bridge": "", "width": "", "tunnel": "", "access": "" }, "geometry": { "type": "LineString", "coordinates": [ [ 10.0222527, 53.5486701 ], [ 10.0225679, 53.5482748 ], [ 10.0228068, 53.5479713 ] ] } },
{ "type": "Feature", "properties": { "u": 35138371, "v": 33634985, "key": 0, "osmid": [ 752852920, 752852918, 752852919 ], "highway": "tertiary", "lanes": [ "3", "2" ], "maxspeed": "50", "name": "Hammerbrookstraße", "oneway": false, "ref": "", "reversed": "False", "length": 88.181625421223856, "bridge": "", "width": "", "tunnel": "", "access": "" }, "geometry": { "type": "LineString", "coordinates": [ [ 10.0222527, 53.5486701 ], [ 10.0221484, 53.5488046 ], [ 10.022095, 53.5488728 ], [ 10.021799, 53.5492529 ], [ 10.0216858, 53.549388 ] ] } },
{ "type": "Feature", "properties": { "u": 35138371, "v": 35138369, "key": 0, "osmid": [ 143586291, 1181174157 ], "highway": "unclassified", "lanes": "2", "maxspeed": "50", "name": "Gotenstraße", "oneway": false, "ref": "", "reversed": "True", "length": 280.32418819547206, "bridge": "", "width": "", "tunnel": "", "access": "" }, "geometry": { "type": "LineString", "coordinates": [ [ 10.0222527, 53.5486701 ], [ 10.0224867, 53.5487342 ], [ 10.0236368, 53.5490491 ], [ 10.0240496, 53.5491621 ], [ 10.0241618, 53.5491937 ], [ 10.0248778, 53.5493889 ], [ 10.0249037, 53.549396 ], [ 10.0251969, 53.5494763 ], [ 10.0252597, 53.5494935 ], [ 10.0255878, 53.5495833 ], [ 10.0256749, 53.5496072 ], [ 10.0261063, 53.5497253 ] ] } },
{ "type": "Feature", "properties": { "u": 35138374, "v": 91757712, "key": 0, "osmid": "46102594", "highway": "residential", "lanes": "1", "maxspeed": "30", "name": "Rosenallee", "oneway": true, "ref": "", "reversed": "False", "length": 132.03755771584898, "bridge": "", "width": "", "tunnel": "", "access": "" }, "geometry": { "type": "LineString", "coordinates": [ [ 10.0131049, 53.5488524 ], [ 10.013639, 53.5489977 ], [ 10.0140411, 53.5490869 ], [ 10.0148781, 53.5492575 ], [ 10.0149105, 53.5492635 ], [ 10.0149417, 53.5492651 ], [ 10.0149734, 53.5492634 ] ] } },
{ "type": "Feature", "properties": { "u": 35138374, "v": 279135373, "key": 0, "osmid": [ 25609973, 46102597, 46102598 ], "highway": "residential", "lanes": "2", "maxspeed": "30", "name": [ "Repsoldstraße", "Münzplatz" ], "oneway": false, "ref": "", "reversed": "False", "length": 68.186125652362804, "bridge": "", "width": "", "tunnel": "", "access": "" }, "geometry": { "type": "LineString", "coordinates": [ [ 10.0131049, 53.5488524 ], [ 10.0129845, 53.5490107 ], [ 10.0128489, 53.5491891 ], [ 10.0127973, 53.5492388 ], [ 10.0127316, 53.5492756 ], [ 10.0126403, 53.5493023 ], [ 10.0125264, 53.5493246 ] ] } },
{ "type": "Feature", "properties": { "u": 35138374, "v": 91758432, "key": 0, "osmid": [ 40150618, 46102597 ], "highway": "residential", "lanes": "2", "maxspeed": "30", "name": "Repsoldstraße", "oneway": false, "ref": "", "reversed": "True", "length": 52.938414923823515, "bridge": "", "width": "9", "tunnel": "", "access": "" }, "geometry": { "type": "LineString", "coordinates": [ [ 10.0131049, 53.5488524 ], [ 10.0133531, 53.5485199 ], [ 10.0134559, 53.5484256 ] ] } },
{ "type": "Feature", "properties": { "u": 35138375, "v": 91758432, "key": 0, "osmid": [ 333891032, 1271255849 ], "highway": "primary", "lanes": "3", "maxspeed": "50", "name": "Spaldingstraße", "oneway": true, "ref": "", "reversed": "False", "length": 134.24979010772751, "bridge": "", "width": "", "tunnel": "", "access": "" }, "geometry": { "type": "LineString", "coordinates": [ [ 10.015301, 53.5489314 ], [ 10.0145847, 53.5487367 ], [ 10.0144683, 53.548705 ], [ 10.014409, 53.5486889 ], [ 10.0138496, 53.5485344 ], [ 10.0137901, 53.5485193 ], [ 10.0137123, 53.5484975 ], [ 10.0134559, 53.5484256 ] ] } },
{ "type": "Feature", "properties": { "u": 35138375, "v": 91757712, "key": 0, "osmid": [ 428424072, 46102596 ], "highway": "residential", "lanes": "1", "maxspeed": [ "30", "50" ], "name": "Rosenallee", "oneway": false, "ref": "", "reversed": [ false, true ], "length": 43.493212359147918, "bridge": "", "width": "", "tunnel": "", "access": "" }, "geometry": { "type": "LineString", "coordinates": [ [ 10.015301, 53.5489314 ], [ 10.0152473, 53.5489867 ], [ 10.0150259, 53.5492466 ], [ 10.0150104, 53.5492543 ], [ 10.014993, 53.5492603 ], [ 10.0149734, 53.5492634 ] ] } },
{ "type": "Feature", "properties": { "u": 35835218, "v": 259794340, "key": 0, "osmid": "152813969", "highway": "primary", "lanes": "3", "maxspeed": "50", "name": "Eiffestraße", "oneway": true, "ref": "", "reversed": "False", "length": 41.61440873461013, "bridge": "", "width": "", "tunnel": "", "access": "" }, "geometry": { "type": "LineString", "coordinates": [ [ 10.028782, 53.5522899 ], [ 10.0287144, 53.5522922 ], [ 10.0286355, 53.5522932 ], [ 10.0285301, 53.5522894 ], [ 10.0284348, 53.5522824 ], [ 10.0283607, 53.5522744 ], [ 10.0282806, 53.5522609 ], [ 10.0281661, 53.552234 ] ] } },
{ "type": "Feature", "properties": { "u": 35835220, "v": 678283427, "key": 0, "osmid": [ 27527912, 6068531, 6068532 ], "highway": "primary", "lanes": [ "3", "2" ], "maxspeed": "50", "name": [ "Eiffestraße", "Anckelmannsplatz" ], "oneway": true, "ref": "", "reversed": "False", "length": 220.86729609411714, "bridge": "", "width": "", "tunnel": "", "access": "" }, "geometry": { "type": "LineString", "coordinates": [ [ 10.0269266, 53.551595 ], [ 10.0273933, 53.5517231 ], [ 10.0277015, 53.5517947 ], [ 10.0280894, 53.5519072 ], [ 10.0286715, 53.5520781 ], [ 10.0288161, 53.5521104 ], [ 10.0289352, 53.5521217 ], [ 10.0295149, 53.5521441 ], [ 10.0300705, 53.552192 ] ] } },
{ "type": "Feature", "properties": { "u": 35835381, "v": 2366427226, "key": 0, "osmid": "146486142", "highway": "secondary", "lanes": "2", "maxspeed": "50", "name": "Anckelmannstraße", "oneway": true, "ref": "", "reversed": "False", "length": 57.538579159811391, "bridge": "", "width": "", "tunnel": "", "access": "" }, "geometry": { "type": "LineString", "coordinates": [ [ 10.0332344, 53.5542484 ], [ 10.0333735, 53.5543471 ], [ 10.0334378, 53.5543881 ], [ 10.0335314, 53.5544376 ], [ 10.033621, 53.5544823 ], [ 10.0338654, 53.5546029 ] ] } },
{ "type": "Feature", "properties": { "u": 35835381, "v": 8713901989, "key": 0, "osmid": [ 940472267, 940472268, 177037597 ], "highway": "tertiary", "lanes": [ "3", "2" ], "maxspeed": "50", "name": "Ausschläger Weg", "oneway": false, "ref": "", "reversed": "False", "length": 221.16154816281278, "bridge": "", "width": "", "tunnel": "", "access": "" }, "geometry": { "type": "LineString", "coordinates": [ [ 10.0332344, 53.5542484 ], [ 10.033303, 53.5541668 ], [ 10.0333459, 53.5541157 ], [ 10.0336682, 53.5536724 ], [ 10.033785, 53.5535117 ], [ 10.0338779, 53.5533906 ], [ 10.0339438, 53.5533046 ], [ 10.0342711, 53.5528777 ], [ 10.0344986, 53.5525809 ], [ 10.0345414, 53.5525264 ], [ 10.0346125, 53.552436 ] ] } },
{ "type": "Feature", "properties": { "u": 35835381, "v": 2471652288, "key": 0, "osmid": "239371691", "highway": "secondary", "lanes": "2", "maxspeed": "50", "name": "Ausschläger Weg", "oneway": true, "ref": "", "reversed": "False", "length": 37.101808176029749, "bridge": "", "width": "", "tunnel": "", "access": "" }, "geometry": { "type": "LineString", "coordinates": [ [ 10.0332344, 53.5542484 ], [ 10.0332621, 53.5542752 ], [ 10.0332809, 53.5543035 ], [ 10.0333044, 53.5543497 ], [ 10.0333158, 53.5544152 ], [ 10.0333123, 53.5544653 ], [ 10.0333005, 53.5545019 ], [ 10.0332966, 53.5545175 ], [ 10.0332708, 53.5545698 ] ] } },
{ "type": "Feature", "properties": { "u": 35835381, "v": 1655891797, "key": 0, "osmid": [ 943481757, 251851462 ], "highway": "secondary", "lanes": [ "3", "2" ], "maxspeed": "50", "name": "Anckelmannstraße", "oneway": false, "ref": "", "reversed": "True", "length": 337.57682997674232, "bridge": "", "width": "", "tunnel": "", "access": "" }, "geometry": { "type": "LineString", "coordinates": [ [ 10.0332344, 53.5542484 ], [ 10.0330116, 53.5541517 ], [ 10.0329571, 53.554128 ], [ 10.0328236, 53.554054 ], [ 10.0326879, 53.5539788 ], [ 10.0325898, 53.5539163 ], [ 10.0314328, 53.5531787 ], [ 10.0313647, 53.5531353 ], [ 10.0310885, 53.5530274 ], [ 10.0305073, 53.5528697 ], [ 10.0302447, 53.5527984 ], [ 10.0296433, 53.5526366 ], [ 10.0291881, 53.5525126 ], [ 10.029155, 53.5525008 ] ] } },
{ "type": "Feature", "properties": { "u": 49969051, "v": 16382149, "key": 0, "osmid": [ 54800476, 54800477 ], "highway": "tertiary", "lanes": "2", "maxspeed": "50", "name": "Lange Reihe", "oneway": false, "ref": "", "reversed": "False", "length": 152.53889160454725, "bridge": "", "width": "", "tunnel": "", "access": "" }, "geometry": { "type": "LineString", "coordinates": [ [ 10.0117925, 53.5578166 ], [ 10.011835, 53.5578559 ], [ 10.0121141, 53.5580656 ], [ 10.0124923, 53.5583517 ], [ 10.0127152, 53.5585197 ], [ 10.0127251, 53.5585266 ], [ 10.0130675, 53.5587731 ], [ 10.0131005, 53.5587946 ], [ 10.0132392, 53.5588851 ] ] } },
{ "type": "Feature", "properties": { "u": 49969051, "v": 248728375, "key": 0, "osmid": "54800478", "highway": "residential", "lanes": "2", "maxspeed": "30", "name": "Danziger Straße", "oneway": false, "ref": "", "reversed": "True", "length": 42.131098652769346, "bridge": "", "width": "", "tunnel": "", "access": "" }, "geometry": { "type": "LineString", "coordinates": [ [ 10.0117925, 53.5578166 ], [ 10.0118696, 53.5577587 ], [ 10.0122027, 53.5575265 ] ] } },
{ "type": "Feature", "properties": { "u": 49969051, "v": 21033588, "key": 0, "osmid": "190163824", "highway": "tertiary", "lanes": "2", "maxspeed": "50", "name": "Lange Reihe", "oneway": false, "ref": "", "reversed": "True", "length": 64.289314724859182, "bridge": "", "width": "", "tunnel": "", "access": "" }, "geometry": { "type": "LineString", "coordinates": [ [ 10.0117925, 53.5578166 ], [ 10.0116819, 53.5577308 ], [ 10.0112886, 53.557429 ], [ 10.0111893, 53.5573631 ] ] } },
{ "type": "Feature", "properties": { "u": 59744145, "v": 10073686250, "key": 0, "osmid": [ 186624437, 186649519 ], "highway": "primary", "lanes": "4", "maxspeed": "50", "name": "Sechslingspforte", "oneway": true, "ref": "", "reversed": "False", "length": 72.360128497875806, "bridge": "", "width": "", "tunnel": "", "access": "" }, "geometry": { "type": "LineString", "coordinates": [ [ 10.0156635, 53.5623998 ], [ 10.0158113, 53.5623289 ], [ 10.0158879, 53.5622961 ], [ 10.0160205, 53.5622388 ], [ 10.0161737, 53.562173 ], [ 10.0162714, 53.5621313 ], [ 10.0163754, 53.5620874 ], [ 10.0165465, 53.5620148 ] ] } },
{ "type": "Feature", "properties": { "u": 59744169, "v": 10073686250, "key": 0, "osmid": "186624439", "highway": "tertiary", "lanes": "3", "maxspeed": "50", "name": "Barcastraße", "oneway": false, "ref": "", "reversed": "False", "length": 12.378211089360288, "bridge": "", "width": "", "tunnel": "", "access": "" }, "geometry": { "type": "LineString", "coordinates": [ [ 10.016685, 53.5620898 ], [ 10.0165465, 53.5620148 ] ] } },
{ "type": "Feature", "properties": { "u": 59744169, "v": 59744173, "key": 0, "osmid": [ 186649520, 27461598, 186649518 ], "highway": "primary", "lanes": [ "4", "3" ], "maxspeed": "50", "name": "Sechslingspforte", "oneway": true, "ref": "", "reversed": "False", "length": 98.744820399203732, "bridge": "", "width": "", "tunnel": "", "access": "" }, "geometry": { "type": "LineString", "coordinates": [ [ 10.016685, 53.5620898 ], [ 10.0165489, 53.562171 ], [ 10.0164182, 53.5622403 ], [ 10.0162248, 53.5623381 ], [ 10.016116, 53.5623976 ], [ 10.0158409, 53.5625611 ], [ 10.0157258, 53.5626175 ], [ 10.015657, 53.5626448 ], [ 10.0155643, 53.5626728 ] ] } },
{ "type": "Feature", "properties": { "u": 59744169, "v": 13414569775, "key": 0, "osmid": "189764300", "highway": "residential", "lanes": "3", "maxspeed": "50", "name": "Barcastraße", "oneway": false, "ref": "", "reversed": "True", "length": 46.219663604431965, "bridge": "", "width": "", "tunnel": "", "access": "" }, "geometry": { "type": "LineString", "coordinates": [ [ 10.016685, 53.5620898 ], [ 10.0167745, 53.5621374 ], [ 10.0168362, 53.5621703 ], [ 10.0169034, 53.5622048 ], [ 10.0172164, 53.5623602 ] ] } },
{ "type": "Feature", "properties": { "u": 59744173, "v": 1973693033, "key": 0, "osmid": "82932016", "highway": "primary", "lanes": "3", "maxspeed": "50", "name": "Sechslingspforte", "oneway": true, "ref": "", "reversed": "False", "length": 13.169593994580357, "bridge": "", "width": "", "tunnel": "", "access": "" }, "geometry": { "type": "LineString", "coordinates": [ [ 10.0155643, 53.5626728 ], [ 10.0154771, 53.5626806 ], [ 10.0154089, 53.5626834 ], [ 10.0153664, 53.5626801 ] ] } },
{ "type": "Feature", "properties": { "u": 60488281, "v": 1709289471, "key": 0, "osmid": "146485416", "highway": "residential", "lanes": "", "maxspeed": "30", "name": "Alfredstraße", "oneway": false, "ref": "", "reversed": "False", "length": 196.03971187487736, "bridge": "", "width": "9.7", "tunnel": "", "access": "" }, "geometry": { "type": "LineString", "coordinates": [ [ 10.033798, 53.5557381 ], [ 10.0336541, 53.5559446 ], [ 10.0326922, 53.5572084 ], [ 10.032636, 53.5572729 ], [ 10.0325779, 53.557345 ] ] } },
{ "type": "Feature", "properties": { "u": 60488281, "v": 60488284, "key": 0, "osmid": "1265582681", "highway": "residential", "lanes": "", "maxspeed": "30", "name": "Klaus-Groth-Straße", "oneway": false, "ref": "", "reversed": "True", "length": 99.58948463282249, "bridge": "", "width": "8", "tunnel": "", "access": "" }, "geometry": { "type": "LineString", "coordinates": [ [ 10.033798, 53.5557381 ], [ 10.0337599, 53.5557336 ], [ 10.0334326, 53.5556951 ], [ 10.0333594, 53.5556861 ], [ 10.0329266, 53.5556293 ], [ 10.0327639, 53.555608 ], [ 10.0323239, 53.5555503 ] ] } },
{ "type": "Feature", "properties": { "u": 60488284, "v": 60488325, "key": 0, "osmid": "146485425", "highway": "residential", "lanes": "", "maxspeed": "30", "name": "Burggarten", "oneway": true, "ref": "", "reversed": "False", "length": 181.42354378745219, "bridge": "", "width": "", "tunnel": "", "access": "" }, "geometry": { "type": "LineString", "coordinates": [ [ 10.0323239, 53.5555503 ], [ 10.0316753, 53.5563825 ], [ 10.0314981, 53.5565507 ], [ 10.0311828, 53.5569637 ], [ 10.031149, 53.557023 ] ] } },
{ "type": "Feature", "properties": { "u": 60488284, "v": 1412415634, "key": 0, "osmid": [ 1265582632, 1265582633, 1265582672, 1265582674, 1265582617, 1265582618, 1265582621 ], "highway": "residential", "lanes": "", "maxspeed": "30", "name": "Klaus-Groth-Straße", "oneway": false, "ref": "", "reversed": "True", "length": 289.75006780336412, "bridge": "", "width": "", "tunnel": "", "access": "" }, "geometry": { "type": "LineString", "coordinates": [ [ 10.0323239, 53.5555503 ], [ 10.032138, 53.5555285 ], [ 10.0318089, 53.5554766 ], [ 10.0315207, 53.5554312 ], [ 10.0313776, 53.5554062 ], [ 10.0307846, 53.5552867 ], [ 10.0303038, 53.5551962 ], [ 10.0302296, 53.5551833 ], [ 10.0301831, 53.5551747 ], [ 10.0297646, 53.5551019 ], [ 10.0294545, 53.5550521 ], [ 10.0286985, 53.5549267 ], [ 10.0286266, 53.5549148 ], [ 10.0281105, 53.5548294 ] ] } },
{ "type": "Feature", "properties": { "u": 60488284, "v": 60488281, "key": 0, "osmid": "1265582681", "highway": "residential", "lanes": "", "maxspeed": "30", "name": "Klaus-Groth-Straße", "oneway": false, "ref": "", "reversed": "False", "length": 99.58948463282249, "bridge": "", "width": "8", "tunnel": "", "access": "" }, "geometry": { "type": "LineString", "coordinates": [ [ 10.0323239, 53.5555503 ], [ 10.0327639, 53.555608 ], [ 10.0329266, 53.5556293 ], [ 10.0333594, 53.5556861 ], [ 10.0334326, 53.5556951 ], [ 10.0337599, 53.5557336 ], [ 10.033798, 53.5557381 ] ] } },
{ "type": "Feature", "properties": { "u": 60488300, "v": 60488304, "key": 0, "osmid": "146485434", "highway": "residential", "lanes": "", "maxspeed": "30", "name": "Malzweg", "oneway": false, "ref": "", "reversed": "True", "length": 103.41287419319578, "bridge": "", "width": "9", "tunnel": "", "access": "" }, "geometry": { "type": "LineString", "coordinates": [ [ 10.0339745, 53.5576577 ], [ 10.0340241, 53.5575969 ], [ 10.0346393, 53.5568157 ] ] } },
{ "type": "Feature", "properties": { "u": 60488304, "v": 60488300, "key": 0, "osmid": "146485434", "highway": "residential", "lanes": "", "maxspeed": "30", "name": "Malzweg", "oneway": false, "ref": "", "reversed": "False", "length": 103.41287419319578, "bridge": "", "width": "9", "tunnel": "", "access": "" }, "geometry": { "type": "LineString", "coordinates": [ [ 10.0346393, 53.5568157 ], [ 10.0340241, 53.5575969 ], [ 10.0339745, 53.5576577 ] ] } },
{ "type": "Feature", "properties": { "u": 60488325, "v": 1709289471, "key": 0, "osmid": "76468122", "highway": "primary", "lanes": "2", "maxspeed": "50", "name": "Bürgerweide", "oneway": true, "ref": "", "reversed": "False", "length": 100.94544176541919, "bridge": "", "width": "", "tunnel": "", "access": "" }, "geometry": { "type": "LineString", "coordinates": [ [ 10.031149, 53.557023 ], [ 10.0323021, 53.557282 ], [ 10.0323491, 53.5572926 ], [ 10.0325779, 53.557345 ] ] } },
{ "type": "Feature", "properties": { "u": 91757712, "v": 35138375, "key": 0, "osmid": [ 428424072, 46102596 ], "highway": "residential", "lanes": "1", "maxspeed": [ "30", "50" ], "name": "Rosenallee", "oneway": false, "ref": "", "reversed": [ false, true ], "length": 43.493212359147918, "bridge": "", "width": "", "tunnel": "", "access": "" }, "geometry": { "type": "LineString", "coordinates": [ [ 10.0149734, 53.5492634 ], [ 10.014993, 53.5492603 ], [ 10.0150104, 53.5492543 ], [ 10.0150259, 53.5492466 ], [ 10.0152473, 53.5489867 ], [ 10.015301, 53.5489314 ] ] } },
{ "type": "Feature", "properties": { "u": 91758432, "v": 1130748921, "key": 0, "osmid": "33041313", "highway": "residential", "lanes": "2", "maxspeed": "50", "name": "Spaldingstraße", "oneway": false, "ref": "", "reversed": "False", "length": 32.346582351340281, "bridge": "", "width": "", "tunnel": "", "access": "" }, "geometry": { "type": "LineString", "coordinates": [ [ 10.0134559, 53.5484256 ], [ 10.0135353, 53.5483543 ], [ 10.0136876, 53.5481699 ] ] } },
{ "type": "Feature", "properties": { "u": 91758432, "v": 35138374, "key": 0, "osmid": [ 40150618, 46102597 ], "highway": "residential", "lanes": "2", "maxspeed": "30", "name": "Repsoldstraße", "oneway": false, "ref": "", "reversed": "False", "length": 52.938414923823515, "bridge": "", "width": "9", "tunnel": "", "access": "" }, "geometry": { "type": "LineString", "coordinates": [ [ 10.0134559, 53.5484256 ], [ 10.0133531, 53.5485199 ], [ 10.0131049, 53.5488524 ] ] } },
{ "type": "Feature", "properties": { "u": 91758432, "v": 26729250, "key": 0, "osmid": "188228394", "highway": "primary", "lanes": "4", "maxspeed": "50", "name": "Spaldingstraße", "oneway": true, "ref": "", "reversed": "False", "length": 123.28426718929472, "bridge": "", "width": "", "tunnel": "", "access": "" }, "geometry": { "type": "LineString", "coordinates": [ [ 10.0134559, 53.5484256 ], [ 10.0127917, 53.5482394 ], [ 10.012753, 53.5482286 ], [ 10.0124378, 53.5481403 ], [ 10.0123232, 53.5481128 ], [ 10.0121732, 53.5480805 ], [ 10.0120417, 53.548062 ], [ 10.0119024, 53.5480528 ], [ 10.0117205, 53.5480496 ] ] } },
{ "type": "Feature", "properties": { "u": 91761568, "v": 26729251, "key": 0, "osmid": [ 46102577, 46102602 ], "highway": "unclassified", "lanes": "", "maxspeed": [ "30", "50" ], "name": "Schultzweg", "oneway": false, "ref": "", "reversed": "False", "length": 59.366109724643387, "bridge": "", "width": "", "tunnel": "", "access": "" }, "geometry": { "type": "LineString", "coordinates": [ [ 10.0101714, 53.5485267 ], [ 10.0102036, 53.5484047 ], [ 10.0102139, 53.5483217 ], [ 10.0102265, 53.548247 ], [ 10.0102557, 53.5480745 ], [ 10.0102749, 53.5479966 ] ] } },
{ "type": "Feature", "properties": { "u": 91761568, "v": 583203501, "key": 0, "osmid": "143586350", "highway": "unclassified", "lanes": "1", "maxspeed": "30", "name": "Schultzweg", "oneway": false, "ref": "", "reversed": "True", "length": 141.85107530555453, "bridge": "", "width": "5.5", "tunnel": "", "access": "" }, "geometry": { "type": "LineString", "coordinates": [ [ 10.0101714, 53.5485267 ], [ 10.010074, 53.548609 ], [ 10.0100609, 53.5486267 ], [ 10.0097632, 53.5490174 ], [ 10.0096603, 53.5491664 ], [ 10.0093776, 53.5495473 ], [ 10.009269, 53.5496822 ] ] } },
{ "type": "Feature", "properties": { "u": 91761568, "v": 279134514, "key": 0, "osmid": [ 558573170, 1191462516, 10577351 ], "highway": "residential", "lanes": [ "1", "2" ], "maxspeed": "30", "name": "Norderstraße", "oneway": true, "ref": "", "reversed": "False", "length": 167.07134967171805, "bridge": "", "width": "5.9", "tunnel": "", "access": "" }, "geometry": { "type": "LineString", "coordinates": [ [ 10.0101714, 53.5485267 ], [ 10.0102497, 53.5485364 ], [ 10.0108139, 53.5487575 ], [ 10.0119641, 53.5492084 ], [ 10.012138, 53.5492768 ], [ 10.0121659, 53.549293 ], [ 10.0121941, 53.5493129 ], [ 10.0122128, 53.5493392 ], [ 10.012226, 53.5493713 ] ] } },
{ "type": "Feature", "properties": { "u": 92741846, "v": 583203501, "key": 0, "osmid": [ 23156856, 261130501 ], "highway": "unclassified", "lanes": "", "maxspeed": "30", "name": "Hühnerposten", "oneway": false, "ref": "", "reversed": [ false, true ], "length": 46.807769149538522, "bridge": "", "width": "10", "tunnel": "", "access": "" }, "geometry": { "type": "LineString", "coordinates": [ [ 10.009768, 53.5499805 ], [ 10.0096911, 53.5499276 ], [ 10.0093952, 53.5497525 ], [ 10.0093334, 53.5497143 ], [ 10.009269, 53.5496822 ] ] } },
{ "type": "Feature", "properties": { "u": 92741846, "v": 10588207462, "key": 0, "osmid": [ 55282768, 696163006 ], "highway": "residential", "lanes": "2", "maxspeed": "30", "name": "Münzstraße", "oneway": false, "ref": "", "reversed": "False", "length": 104.20946574503904, "bridge": "", "width": "7", "tunnel": "", "access": "" }, "geometry": { "type": "LineString", "coordinates": [ [ 10.009768, 53.5499805 ], [ 10.0095538, 53.5500587 ], [ 10.0087446, 53.5503504 ], [ 10.0086717, 53.5503806 ], [ 10.0086418, 53.5503951 ], [ 10.0086076, 53.5504144 ], [ 10.0085862, 53.5504336 ], [ 10.0085714, 53.5504523 ], [ 10.0085606, 53.5504722 ], [ 10.0085283, 53.550526 ] ] } },
{ "type": "Feature", "properties": { "u": 93182144, "v": 305286921, "key": 0, "osmid": [ 49618808, 528961154, 40273559 ], "highway": "secondary", "lanes": [ "3", "2" ], "maxspeed": "50", "name": "Kurt-Schumacher-Allee", "oneway": true, "ref": "", "reversed": "False", "length": 112.24176512685527, "bridge": "", "width": "", "tunnel": "", "access": "" }, "geometry": { "type": "LineString", "coordinates": [ [ 10.0176173, 53.5521817 ], [ 10.0178079, 53.5522259 ], [ 10.0179698, 53.5522687 ], [ 10.0182473, 53.5523538 ], [ 10.018833, 53.5525237 ], [ 10.0188961, 53.552543 ], [ 10.0189429, 53.5525574 ], [ 10.0190078, 53.5525773 ], [ 10.0191475, 53.5526192 ] ] } },
{ "type": "Feature", "properties": { "u": 93182144, "v": 257683269, "key": 0, "osmid": [ 1158781185, 75048986, 143586330 ], "highway": "unclassified", "lanes": "", "maxspeed": "50", "name": "Norderhof", "oneway": false, "ref": "", "reversed": "True", "length": 199.72570794704995, "bridge": "", "width": "", "tunnel": "", "access": "" }, "geometry": { "type": "LineString", "coordinates": [ [ 10.0176173, 53.5521817 ], [ 10.0176579, 53.5521188 ], [ 10.0176825, 53.5520823 ], [ 10.0181411, 53.5514356 ], [ 10.0175571, 53.5512616 ], [ 10.0178863, 53.5507766 ], [ 10.0179345, 53.5507055 ] ] } },
{ "type": "Feature", "properties": { "u": 93182154, "v": 8596249383, "key": 0, "osmid": "143586322", "highway": "residential", "lanes": "", "maxspeed": "30", "name": "Kleiner Pulverteich", "oneway": true, "ref": "", "reversed": "False", "length": 137.83715291219801, "bridge": "", "width": "", "tunnel": "", "access": "" }, "geometry": { "type": "LineString", "coordinates": [ [ 10.0143609, 53.5536055 ], [ 10.0148487, 53.5539647 ], [ 10.0151601, 53.5541476 ], [ 10.0151713, 53.5541651 ], [ 10.015174, 53.554193 ], [ 10.0151618, 53.5542196 ], [ 10.0148223, 53.5544827 ], [ 10.0147091, 53.5545725 ] ] } },
{ "type": "Feature", "properties": { "u": 93182154, "v": 26678253, "key": 0, "osmid": "143586335", "highway": "residential", "lanes": "1", "maxspeed": "30", "name": "Pulverteich", "oneway": true, "ref": "", "reversed": "False", "length": 138.20469155332066, "bridge": "", "width": "", "tunnel": "", "access": "" }, "geometry": { "type": "LineString", "coordinates": [ [ 10.0143609, 53.5536055 ], [ 10.0151433, 53.5532396 ], [ 10.015182, 53.5532215 ], [ 10.0156537, 53.5530006 ], [ 10.01578, 53.5529415 ], [ 10.0158203, 53.5529226 ], [ 10.015872, 53.5528774 ], [ 10.0158743, 53.5527928 ] ] } },
{ "type": "Feature", "properties": { "u": 93195000, "v": 1508604393, "key": 0, "osmid": "137538317", "highway": "residential", "lanes": "", "maxspeed": "30", "name": "Bremer Reihe", "oneway": false, "ref": "", "reversed": "True", "length": 136.76702939590299, "bridge": "", "width": "", "tunnel": "", "access": "" }, "geometry": { "type": "LineString", "coordinates": [ [ 10.0116267, 53.5541754 ], [ 10.0106613, 53.553887 ], [ 10.0105197, 53.5538447 ], [ 10.0097667, 53.5536354 ] ] } },
{ "type": "Feature", "properties": { "u": 93195007, "v": 257700502, "key": 0, "osmid": "23783923", "highway": "residential", "lanes": "", "maxspeed": "30", "name": "Baumeisterstraße", "oneway": false, "ref": "", "reversed": "False", "length": 40.606752809615344, "bridge": "", "width": "", "tunnel": "", "access": "" }, "geometry": { "type": "LineString", "coordinates": [ [ 10.0098484, 53.5551444 ], [ 10.0099137, 53.5551248 ], [ 10.0103431, 53.5550241 ], [ 10.0104174, 53.5550066 ] ] } },
{ "type": "Feature", "properties": { "u": 93195007, "v": 13124726767, "key": 0, "osmid": "143586233", "highway": "residential", "lanes": "", "maxspeed": "30", "name": "Baumeisterstraße", "oneway": false, "ref": "", "reversed": "True", "length": 30.600436871886501, "bridge": "", "width": "", "tunnel": "", "access": "" }, "geometry": { "type": "LineString", "coordinates": [ [ 10.0098484, 53.5551444 ], [ 10.0095762, 53.5552493 ], [ 10.0094617, 53.5552959 ] ] } },
{ "type": "Feature", "properties": { "u": 93195007, "v": 773545395, "key": 0, "osmid": [ 143586320, 164117025, 54800853, 54800854 ], "highway": "residential", "lanes": "", "maxspeed": "30", "name": [ "Kirchenweg", "Zimmerpforte" ], "oneway": false, "ref": "", "reversed": [ false, true ], "length": 217.83016129229543, "bridge": "", "width": "", "tunnel": "building_passage", "access": "" }, "geometry": { "type": "LineString", "coordinates": [ [ 10.0098484, 53.5551444 ], [ 10.0100412, 53.5552933 ], [ 10.0101647, 53.5553863 ], [ 10.0102143, 53.5554133 ], [ 10.0103012, 53.5554307 ], [ 10.0106329, 53.5554953 ], [ 10.010656, 53.5554991 ], [ 10.0114807, 53.5556686 ], [ 10.0119514, 53.5557622 ], [ 10.0120805, 53.5557869 ], [ 10.0121509, 53.5556262 ], [ 10.012247, 53.5553554 ] ] } },
{ "type": "Feature", "properties": { "u": 98870252, "v": 98870258, "key": 0, "osmid": "11089583", "highway": "unclassified", "lanes": "2", "maxspeed": "50", "name": "Albertstraße", "oneway": false, "ref": "", "reversed": "False", "length": 240.32767328538105, "bridge": "", "width": "10", "tunnel": "", "access": "" }, "geometry": { "type": "LineString", "coordinates": [ [ 10.0182264, 53.5486686 ], [ 10.0183621, 53.5487098 ], [ 10.0188178, 53.5488348 ], [ 10.0194917, 53.5490196 ], [ 10.0215265, 53.5495778 ] ] } },
{ "type": "Feature", "properties": { "u": 98870252, "v": 11206916, "key": 0, "osmid": "190581794", "highway": "tertiary", "lanes": "4", "maxspeed": "50", "name": "Nagelsweg", "oneway": false, "ref": "", "reversed": "True", "length": 53.573432691790003, "bridge": "", "width": "", "tunnel": "", "access": "" }, "geometry": { "type": "LineString", "coordinates": [ [ 10.0182264, 53.5486686 ], [ 10.0180319, 53.5489252 ], [ 10.0179791, 53.5489949 ], [ 10.0178934, 53.5491079 ] ] } },
{ "type": "Feature", "properties": { "u": 98870258, "v": 98870252, "key": 0, "osmid": "11089583", "highway": "unclassified", "lanes": "2", "maxspeed": "50", "name": "Albertstraße", "oneway": false, "ref": "", "reversed": "True", "length": 240.32767328538105, "bridge": "", "width": "10", "tunnel": "", "access": "" }, "geometry": { "type": "LineString", "coordinates": [ [ 10.0215265, 53.5495778 ], [ 10.0194917, 53.5490196 ], [ 10.0188178, 53.5488348 ], [ 10.0183621, 53.5487098 ], [ 10.0182264, 53.5486686 ] ] } },
{ "type": "Feature", "properties": { "u": 98870258, "v": 33634985, "key": 0, "osmid": "143586302", "highway": "tertiary", "lanes": "3", "maxspeed": "50", "name": "Hammerbrookstraße", "oneway": false, "ref": "", "reversed": "True", "length": 23.583229898577326, "bridge": "", "width": "", "tunnel": "", "access": "" }, "geometry": { "type": "LineString", "coordinates": [ [ 10.0215265, 53.5495778 ], [ 10.0216343, 53.5494493 ], [ 10.0216858, 53.549388 ] ] } },
{ "type": "Feature", "properties": { "u": 98870258, "v": 33324488, "key": 0, "osmid": "195634367", "highway": "tertiary", "lanes": "3", "maxspeed": "50", "name": "Hammerbrookstraße", "oneway": false, "ref": "", "reversed": "False", "length": 53.374074665304903, "bridge": "", "width": "", "tunnel": "", "access": "" }, "geometry": { "type": "LineString", "coordinates": [ [ 10.0215265, 53.5495778 ], [ 10.0213096, 53.5498275 ], [ 10.021277, 53.5498653 ], [ 10.0211568, 53.5500046 ] ] } },
{ "type": "Feature", "properties": { "u": 119093863, "v": 552433250, "key": 0, "osmid": "43665654", "highway": "unclassified", "lanes": "", "maxspeed": "20", "name": "Steindamm", "oneway": false, "ref": "", "reversed": "True", "length": 6.714256351506366, "bridge": "", "width": "", "tunnel": "", "access": "" }, "geometry": { "type": "LineString", "coordinates": [ [ 10.0099551, 53.5521831 ], [ 10.0099472, 53.5522433 ] ] } },
{ "type": "Feature", "properties": { "u": 119093863, "v": 305286879, "key": 0, "osmid": [ 27805056, 215080032, 528961133, 924443022, 147936498, 39981139 ], "highway": "secondary", "lanes": [ "4", "3", "2" ], "maxspeed": "50", "name": "Adenauerallee", "oneway": true, "ref": "", "reversed": "False", "length": 220.16103693561118, "bridge": "", "width": "", "tunnel": "", "access": "" }, "geometry": { "type": "LineString", "coordinates": [ [ 10.0099551, 53.5521831 ], [ 10.0102883, 53.5522139 ], [ 10.0105676, 53.5522385 ], [ 10.0113405, 53.5522957 ], [ 10.0117773, 53.5523115 ], [ 10.012845, 53.5523635 ], [ 10.0129676, 53.5523695 ], [ 10.0130547, 53.5523737 ], [ 10.013269, 53.5523842 ] ] } },
{ "type": "Feature", "properties": { "u": 148876848, "v": 59744145, "key": 0, "osmid": [ 1337207665, 1344424711, 186624431 ], "highway": "primary", "lanes": "2", "maxspeed": "50", "name": "An der Alster", "oneway": true, "ref": "", "reversed": "False", "length": 101.13763413760448, "bridge": "", "width": "", "tunnel": "", "access": "" }, "geometry": { "type": "LineString", "coordinates": [ [ 10.0144775, 53.5619077 ], [ 10.0146957, 53.5620048 ], [ 10.0148754, 53.5621051 ], [ 10.0150598, 53.5622108 ], [ 10.0153508, 53.5623954 ], [ 10.0153742, 53.5624045 ], [ 10.0153966, 53.5624105 ], [ 10.0154494, 53.5624217 ], [ 10.0155088, 53.5624243 ], [ 10.0155581, 53.5624227 ], [ 10.0156107, 53.5624139 ], [ 10.0156635, 53.5623998 ] ] } },
{ "type": "Feature", "properties": { "u": 148876848, "v": 9208605775, "key": 0, "osmid": [ 186624432, 1337207666, 51201764, 186624430 ], "highway": "primary", "lanes": [ "4", "3", "2" ], "maxspeed": "50", "name": [ "An der Alster", "Schwanenwik" ], "oneway": true, "ref": "", "reversed": "False", "length": 96.073676064366282, "bridge": "", "width": "", "tunnel": "", "access": "" }, "geometry": { "type": "LineString", "coordinates": [ [ 10.0144775, 53.5619077 ], [ 10.0146434, 53.5620291 ], [ 10.0147591, 53.5621038 ], [ 10.0151032, 53.5623413 ], [ 10.015267, 53.5624581 ], [ 10.0154177, 53.5625668 ] ] } },
{ "type": "Feature", "properties": { "u": 148887327, "v": 7246371258, "key": 0, "osmid": "27869809", "highway": "unclassified", "lanes": "1", "maxspeed": "30", "name": "Westphalensweg", "oneway": true, "ref": "", "reversed": "False", "length": 138.23748551601335, "bridge": "", "width": "", "tunnel": "", "access": "" }, "geometry": { "type": "LineString", "coordinates": [ [ 10.025458, 53.5553567 ], [ 10.0252871, 53.5549153 ], [ 10.0251698, 53.554607 ], [ 10.0251071, 53.5544823 ], [ 10.025047, 53.5543839 ], [ 10.0250017, 53.5543125 ], [ 10.0249861, 53.5542915 ], [ 10.0249732, 53.5542802 ], [ 10.0249602, 53.5542723 ], [ 10.0249458, 53.5542658 ], [ 10.0249281, 53.55426 ], [ 10.0249128, 53.5542567 ], [ 10.0248972, 53.5542548 ], [ 10.0248751, 53.554255 ], [ 10.0248495, 53.5542583 ], [ 10.02478, 53.5542758 ] ] } },
{ "type": "Feature", "properties": { "u": 150077750, "v": 26334352, "key": 0, "osmid": [ 25646585, 25646587, 1270418571 ], "highway": "residential", "lanes": "", "maxspeed": "30", "name": "Alfredstraße", "oneway": false, "ref": "", "reversed": "True", "length": 83.656838987132062, "bridge": "yes", "width": "9.7", "tunnel": "", "access": "" }, "geometry": { "type": "LineString", "coordinates": [ [ 10.0315651, 53.5588357 ], [ 10.0316079, 53.5587839 ], [ 10.0316325, 53.5587468 ], [ 10.0317407, 53.5585836 ], [ 10.0317652, 53.5585467 ], [ 10.0318343, 53.5584427 ], [ 10.0318574, 53.5584079 ], [ 10.0320313, 53.5581364 ] ] } },
{ "type": "Feature", "properties": { "u": 150077754, "v": 1709289471, "key": 0, "osmid": "379723614", "highway": "residential", "lanes": "", "maxspeed": "", "name": "Alfredstraße", "oneway": false, "ref": "", "reversed": "True", "length": 16.823131208086274, "bridge": "", "width": "6", "tunnel": "", "access": "" }, "geometry": { "type": "LineString", "coordinates": [ [ 10.0324646, 53.5574805 ], [ 10.0325779, 53.557345 ] ] } },
{ "type": "Feature", "properties": { "u": 150077754, "v": 26334352, "key": 0, "osmid": "39992300", "highway": "residential", "lanes": "", "maxspeed": "30", "name": "Alfredstraße", "oneway": false, "ref": "", "reversed": "False", "length": 78.416410312751552, "bridge": "", "width": "9.7", "tunnel": "", "access": "" }, "geometry": { "type": "LineString", "coordinates": [ [ 10.0324646, 53.5574805 ], [ 10.0324074, 53.5575483 ], [ 10.0323648, 53.5575999 ], [ 10.0322154, 53.5578403 ], [ 10.0320313, 53.5581364 ] ] } },
{ "type": "Feature", "properties": { "u": 150077754, "v": 26728706, "key": 0, "osmid": [ 1116583299, 1116583300, 1359038084, 1342633541, 59410533, 76468120 ], "highway": "primary", "lanes": [ "4", "3", "5" ], "maxspeed": "50", "name": "Bürgerweide", "oneway": true, "ref": "", "reversed": "False", "length": 313.92863091829656, "bridge": "", "width": "", "tunnel": "", "access": "" }, "geometry": { "type": "LineString", "coordinates": [ [ 10.0324646, 53.5574805 ], [ 10.0322578, 53.5574352 ], [ 10.0313691, 53.5572391 ], [ 10.0309588, 53.5571486 ], [ 10.0300854, 53.5569561 ], [ 10.0295281, 53.5568333 ], [ 10.0289731, 53.5567109 ], [ 10.0288258, 53.5566798 ], [ 10.0285428, 53.5566161 ], [ 10.0280088, 53.5564983 ] ] } },
{ "type": "Feature", "properties": { "u": 150151496, "v": 150404413, "key": 0, "osmid": "15648801", "highway": "primary", "lanes": "3", "maxspeed": "50", "name": "Wallstraße", "oneway": true, "ref": "B 75", "reversed": "False", "length": 23.675888096632331, "bridge": "", "width": "", "tunnel": "", "access": "" }, "geometry": { "type": "LineString", "coordinates": [ [ 10.0260194, 53.5569608 ], [ 10.0260083, 53.5569188 ], [ 10.0260131, 53.5568603 ], [ 10.0260313, 53.5568199 ], [ 10.0260725, 53.5567543 ] ] } },
{ "type": "Feature", "properties": { "u": 150151496, "v": 2007741864, "key": 0, "osmid": "26104508", "highway": "primary", "lanes": "3", "maxspeed": "50", "name": "Wallstraße", "oneway": true, "ref": "", "reversed": "False", "length": 36.075274202914287, "bridge": "", "width": "", "tunnel": "", "access": "" }, "geometry": { "type": "LineString", "coordinates": [ [ 10.0260194, 53.5569608 ], [ 10.0258797, 53.5570381 ], [ 10.0256157, 53.5571793 ] ] } },
{ "type": "Feature", "properties": { "u": 150401477, "v": 8596263108, "key": 0, "osmid": [ 926327568, 15665068, 926327556 ], "highway": "secondary", "lanes": "3", "maxspeed": "50", "name": "Lübecker Straße", "oneway": true, "ref": "", "reversed": "False", "length": 143.29164438110635, "bridge": "", "width": "", "tunnel": "", "access": "" }, "geometry": { "type": "LineString", "coordinates": [ [ 10.0237658, 53.5584092 ], [ 10.0238859, 53.5584431 ], [ 10.024045, 53.5584823 ], [ 10.0241797, 53.5585135 ], [ 10.0243368, 53.5585431 ], [ 10.024491, 53.5585713 ], [ 10.0246939, 53.5586012 ], [ 10.0256122, 53.5587459 ], [ 10.0256661, 53.5587553 ], [ 10.0258372, 53.5587849 ] ] } },
{ "type": "Feature", "properties": { "u": 150401477, "v": 156145292, "key": 0, "osmid": "190163843", "highway": "primary", "lanes": "3", "maxspeed": "50", "name": "Wallstraße", "oneway": true, "ref": "", "reversed": "False", "length": 27.799302860395159, "bridge": "", "width": "", "tunnel": "", "access": "" }, "geometry": { "type": "LineString", "coordinates": [ [ 10.0237658, 53.5584092 ], [ 10.0235808, 53.558525 ], [ 10.0235077, 53.5585635 ], [ 10.0234669, 53.5585849 ] ] } },
{ "type": "Feature", "properties": { "u": 150404413, "v": 2562256039, "key": 0, "osmid": "26104512", "highway": "primary", "lanes": "5", "maxspeed": "50", "name": "Wallstraße", "oneway": true, "ref": "B 75", "reversed": "False", "length": 21.331562249202189, "bridge": "", "width": "", "tunnel": "", "access": "" }, "geometry": { "type": "LineString", "coordinates": [ [ 10.0260725, 53.5567543 ], [ 10.0262913, 53.5566132 ] ] } },
{ "type": "Feature", "properties": { "u": 150409440, "v": 156041729, "key": 0, "osmid": [ 15214620, 143586399 ], "highway": "primary", "lanes": "3", "maxspeed": "50", "name": "Wallstraße", "oneway": true, "ref": "B 75", "reversed": "False", "length": 42.188201884145826, "bridge": "yes", "width": "", "tunnel": "", "access": "" }, "geometry": { "type": "LineString", "coordinates": [ [ 10.0269386, 53.5563831 ], [ 10.0265807, 53.5566042 ], [ 10.0264979, 53.5566577 ] ] } },
{ "type": "Feature", "properties": { "u": 155475676, "v": 5480699380, "key": 0, "osmid": "143586186", "highway": "unclassified", "lanes": "", "maxspeed": "50", "name": "Amsinckstraße", "oneway": true, "ref": "", "reversed": "False", "length": 139.98264945063147, "bridge": "", "width": "", "tunnel": "", "access": "" }, "geometry": { "type": "LineString", "coordinates": [ [ 10.0101305, 53.5474149 ], [ 10.0103743, 53.5474985 ], [ 10.0107386, 53.5476188 ], [ 10.0108068, 53.5476372 ], [ 10.0110749, 53.5477043 ], [ 10.0112917, 53.5477452 ], [ 10.0114006, 53.5477635 ], [ 10.0116009, 53.5477874 ], [ 10.0118094, 53.5477912 ], [ 10.0118892, 53.5477878 ], [ 10.0120248, 53.547782 ], [ 10.012109, 53.5477742 ] ] } },
{ "type": "Feature", "properties": { "u": 155475676, "v": 155477654, "key": 0, "osmid": [ 637815817, 1378955514 ], "highway": "secondary", "lanes": [ "1", "2" ], "maxspeed": "50", "name": "Recha-Lübke-Damm", "oneway": true, "ref": "", "reversed": "False", "length": 205.98529076167975, "bridge": "", "width": "", "tunnel": "", "access": "" }, "geometry": { "type": "LineString", "coordinates": [ [ 10.0101305, 53.5474149 ], [ 10.0107901, 53.5471946 ], [ 10.0110195, 53.5471211 ], [ 10.011304, 53.5470187 ], [ 10.0117166, 53.546873 ], [ 10.012473, 53.5466053 ], [ 10.0128265, 53.5464849 ] ] } },
{ "type": "Feature", "properties": { "u": 155477654, "v": 155480263, "key": 0, "osmid": "24282865", "highway": "residential", "lanes": "2", "maxspeed": "50", "name": "Woltmanstraße", "oneway": false, "ref": "", "reversed": "True", "length": 129.69979132165315, "bridge": "", "width": "", "tunnel": "", "access": "" }, "geometry": { "type": "LineString", "coordinates": [ [ 10.0128265, 53.5464849 ], [ 10.0128832, 53.5465427 ], [ 10.0129137, 53.546576 ], [ 10.0129417, 53.5466432 ], [ 10.012948, 53.5466953 ], [ 10.0129503, 53.5467296 ], [ 10.0129124, 53.5467957 ], [ 10.0123044, 53.5475496 ] ] } },
{ "type": "Feature", "properties": { "u": 155477654, "v": 161976211, "key": 0, "osmid": [ 637815817, 1378955515, 1115237630 ], "highway": "secondary", "lanes": [ "1", "2" ], "maxspeed": "50", "name": "Recha-Lübke-Damm", "oneway": true, "ref": "", "reversed": "False", "length": 104.47805528846874, "bridge": "", "width": "", "tunnel": "", "access": "" }, "geometry": { "type": "LineString", "coordinates": [ [ 10.0128265, 53.5464849 ], [ 10.0129918, 53.5464286 ], [ 10.0130183, 53.54642 ], [ 10.0131534, 53.5463767 ], [ 10.0136731, 53.5461958 ], [ 10.0137798, 53.5461572 ], [ 10.0138563, 53.5461139 ], [ 10.0141783, 53.5460006 ] ] } },
{ "type": "Feature", "properties": { "u": 155480263, "v": 5480699379, "key": 0, "osmid": "23159466", "highway": "residential", "lanes": "1", "maxspeed": "50", "name": "Woltmanstraße", "oneway": true, "ref": "", "reversed": "False", "length": 27.07414167320557, "bridge": "", "width": "", "tunnel": "", "access": "" }, "geometry": { "type": "LineString", "coordinates": [ [ 10.0123044, 53.5475496 ], [ 10.012315, 53.5476075 ], [ 10.0123824, 53.547678 ], [ 10.0124192, 53.547703 ], [ 10.0125219, 53.5477392 ] ] } },
{ "type": "Feature", "properties": { "u": 155480263, "v": 155477654, "key": 0, "osmid": "24282865", "highway": "residential", "lanes": "2", "maxspeed": "50", "name": "Woltmanstraße", "oneway": false, "ref": "", "reversed": "False", "length": 129.69979132165315, "bridge": "", "width": "", "tunnel": "", "access": "" }, "geometry": { "type": "LineString", "coordinates": [ [ 10.0123044, 53.5475496 ], [ 10.0129124, 53.5467957 ], [ 10.0129503, 53.5467296 ], [ 10.012948, 53.5466953 ], [ 10.0129417, 53.5466432 ], [ 10.0129137, 53.546576 ], [ 10.0128832, 53.5465427 ], [ 10.0128265, 53.5464849 ] ] } },
{ "type": "Feature", "properties": { "u": 155491551, "v": 5480699379, "key": 0, "osmid": "33041317", "highway": "primary", "lanes": "3", "maxspeed": "50", "name": "Amsinckstraße", "oneway": true, "ref": "B 4", "reversed": "False", "length": 9.2690639928044263, "bridge": "", "width": "", "tunnel": "", "access": "" }, "geometry": { "type": "LineString", "coordinates": [ [ 10.0123966, 53.5477767 ], [ 10.0125219, 53.5477392 ] ] } },
{ "type": "Feature", "properties": { "u": 155497084, "v": 250283226, "key": 0, "osmid": [ 118756784, 190581795, 143586334 ], "highway": "primary", "lanes": [ "3", "2" ], "maxspeed": "50", "name": [ "Nordkanalbrücke", "Nordkanalstraße" ], "oneway": true, "ref": "", "reversed": "False", "length": 407.1294102257321, "bridge": "yes", "width": "", "tunnel": "", "access": "" }, "geometry": { "type": "LineString", "coordinates": [ [ 10.0098894, 53.5477023 ], [ 10.0103129, 53.5477222 ], [ 10.0110196, 53.5477844 ], [ 10.01148, 53.5478315 ], [ 10.0118611, 53.5478599 ], [ 10.012109, 53.5478725 ], [ 10.013043, 53.5478913 ], [ 10.013382, 53.5479113 ], [ 10.0137294, 53.5479552 ], [ 10.0141396, 53.5480303 ], [ 10.0145505, 53.5481288 ], [ 10.0146153, 53.5481493 ], [ 10.0150632, 53.5482909 ], [ 10.0155599, 53.548448 ], [ 10.0158044, 53.5485253 ] ] } },
{ "type": "Feature", "properties": { "u": 155499085, "v": 3822697270, "key": 0, "osmid": [ 188228393, 106778699 ], "highway": "primary", "lanes": "2", "maxspeed": "50", "name": "Amsinckstraße", "oneway": true, "ref": "B 4", "reversed": "False", "length": 193.00385538833163, "bridge": "", "width": "", "tunnel": "", "access": "" }, "geometry": { "type": "LineString", "coordinates": [ [ 10.0091098, 53.5477815 ], [ 10.0097776, 53.5477784 ], [ 10.0099443, 53.547785 ], [ 10.0106781, 53.5478351 ], [ 10.0110297, 53.5478635 ], [ 10.011356, 53.5478871 ], [ 10.0116719, 53.5479041 ], [ 10.0117798, 53.5479002 ], [ 10.0118665, 53.5478905 ], [ 10.0120082, 53.5478599 ] ] } },
{ "type": "Feature", "properties": { "u": 155499085, "v": 155497084, "key": 0, "osmid": "143586332", "highway": "primary", "lanes": "1", "maxspeed": "50", "name": "Nordkanalbrücke", "oneway": true, "ref": "", "reversed": "False", "length": 52.333507441298089, "bridge": "", "width": "", "tunnel": "", "access": "" }, "geometry": { "type": "LineString", "coordinates": [ [ 10.0091098, 53.5477815 ], [ 10.0093712, 53.5477425 ], [ 10.0097096, 53.5477174 ], [ 10.0098894, 53.5477023 ] ] } },
{ "type": "Feature", "properties": { "u": 156041729, "v": 150151496, "key": 0, "osmid": [ 1116583298, 38120158 ], "highway": "primary", "lanes": [ "3", "2" ], "maxspeed": "50", "name": "Wallstraße", "oneway": true, "ref": "B 75", "reversed": "False", "length": 46.204556552762469, "bridge": "", "width": "", "tunnel": "", "access": "" }, "geometry": { "type": "LineString", "coordinates": [ [ 10.0264979, 53.5566577 ], [ 10.0264063, 53.5567157 ], [ 10.0261641, 53.5568691 ], [ 10.0260194, 53.5569608 ] ] } },
{ "type": "Feature", "properties": { "u": 156041729, "v": 8596263107, "key": 0, "osmid": [ 1116898352, 926327569, 15649020, 926327553 ], "highway": "primary", "lanes": [ "3", "2" ], "maxspeed": "50", "name": "Steinhauerdamm", "oneway": true, "ref": "B 75", "reversed": "False", "length": 241.9420430832977, "bridge": "", "width": "", "tunnel": "", "access": "" }, "geometry": { "type": "LineString", "coordinates": [ [ 10.0264979, 53.5566577 ], [ 10.0264689, 53.5567792 ], [ 10.0264437, 53.5568853 ], [ 10.0264292, 53.5569436 ], [ 10.0263658, 53.5572102 ], [ 10.0262326, 53.5577707 ], [ 10.0260811, 53.5583741 ], [ 10.0260163, 53.5586775 ], [ 10.0260108, 53.5587089 ], [ 10.0259927, 53.5588126 ] ] } },
{ "type": "Feature", "properties": { "u": 156145292, "v": 266269406, "key": 0, "osmid": "15663935", "highway": "secondary", "lanes": "2", "maxspeed": "50", "name": "Lübeckertordamm", "oneway": true, "ref": "", "reversed": "False", "length": 6.9074377506641902, "bridge": "", "width": "", "tunnel": "", "access": "" }, "geometry": { "type": "LineString", "coordinates": [ [ 10.0234669, 53.5585849 ], [ 10.0233655, 53.5585697 ] ] } },
{ "type": "Feature", "properties": { "u": 156145292, "v": 253416307, "key": 0, "osmid": "15090387", "highway": "primary", "lanes": "2", "maxspeed": "50", "name": "Sechslingspforte", "oneway": true, "ref": "", "reversed": "False", "length": 13.653258552986518, "bridge": "", "width": "", "tunnel": "", "access": "" }, "geometry": { "type": "LineString", "coordinates": [ [ 10.0234669, 53.5585849 ], [ 10.0233647, 53.5586225 ], [ 10.0232899, 53.5586483 ] ] } },
{ "type": "Feature", "properties": { "u": 161976211, "v": 161976614, "key": 0, "osmid": "16091890", "highway": "residential", "lanes": "", "maxspeed": "50", "name": "Bella-Spanier-Weg", "oneway": false, "ref": "", "reversed": "False", "length": 114.80287509313717, "bridge": "", "width": "", "tunnel": "", "access": "" }, "geometry": { "type": "LineString", "coordinates": [ [ 10.0141783, 53.5460006 ], [ 10.014259, 53.5460829 ], [ 10.0142901, 53.5461158 ], [ 10.0143322, 53.5461772 ], [ 10.0143339, 53.5462147 ], [ 10.0143137, 53.5462516 ], [ 10.0142645, 53.5463197 ], [ 10.01426, 53.5463253 ], [ 10.013779, 53.5469385 ] ] } },
{ "type": "Feature", "properties": { "u": 161976614, "v": 161976211, "key": 0, "osmid": "16091890", "highway": "residential", "lanes": "", "maxspeed": "50", "name": "Bella-Spanier-Weg", "oneway": false, "ref": "", "reversed": "True", "length": 114.80287509313716, "bridge": "", "width": "", "tunnel": "", "access": "" }, "geometry": { "type": "LineString", "coordinates": [ [ 10.013779, 53.5469385 ], [ 10.01426, 53.5463253 ], [ 10.0142645, 53.5463197 ], [ 10.0143137, 53.5462516 ], [ 10.0143339, 53.5462147 ], [ 10.0143322, 53.5461772 ], [ 10.0142901, 53.5461158 ], [ 10.014259, 53.5460829 ], [ 10.0141783, 53.5460006 ] ] } },
{ "type": "Feature", "properties": { "u": 220414616, "v": 13879914, "key": 0, "osmid": [ 142944469, 33041278 ], "highway": "secondary", "lanes": "3", "maxspeed": "50", "name": "Steintordamm", "oneway": true, "ref": "", "reversed": "False", "length": 54.22783873536121, "bridge": "", "width": "", "tunnel": "", "access": "" }, "geometry": { "type": "LineString", "coordinates": [ [ 10.0080461, 53.5520293 ], [ 10.0081838, 53.552003 ], [ 10.0082198, 53.5520004 ], [ 10.0084793, 53.5520055 ], [ 10.0085653, 53.5520133 ], [ 10.0086502, 53.5520233 ], [ 10.0088528, 53.5520479 ] ] } },
{ "type": "Feature", "properties": { "u": 248728375, "v": 3474147854, "key": 0, "osmid": [ 23049814, 23781999 ], "highway": "residential", "lanes": "", "maxspeed": "30", "name": [ "Soester Straße", "Greifswalder Straße" ], "oneway": true, "ref": "", "reversed": "False", "length": 277.18451095508084, "bridge": "", "width": "", "tunnel": "", "access": "" }, "geometry": { "type": "LineString", "coordinates": [ [ 10.0122027, 53.5575265 ], [ 10.0110865, 53.5567017 ], [ 10.0110668, 53.5566754 ], [ 10.0110662, 53.5566564 ], [ 10.0110782, 53.5566388 ], [ 10.0111271, 53.5566118 ], [ 10.0114923, 53.5564566 ], [ 10.011855, 53.5567188 ], [ 10.0125992, 53.5572896 ] ] } },
{ "type": "Feature", "properties": { "u": 248728375, "v": 49969051, "key": 0, "osmid": "54800478", "highway": "residential", "lanes": "2", "maxspeed": "30", "name": "Danziger Straße", "oneway": false, "ref": "", "reversed": "False", "length": 42.131098652769346, "bridge": "", "width": "", "tunnel": "", "access": "" }, "geometry": { "type": "LineString", "coordinates": [ [ 10.0122027, 53.5575265 ], [ 10.0118696, 53.5577587 ], [ 10.0117925, 53.5578166 ] ] } },
{ "type": "Feature", "properties": { "u": 248728377, "v": 13124726767, "key": 0, "osmid": "143586233", "highway": "residential", "lanes": "", "maxspeed": "30", "name": "Baumeisterstraße", "oneway": false, "ref": "", "reversed": "False", "length": 13.624478793461371, "bridge": "", "width": "", "tunnel": "", "access": "" }, "geometry": { "type": "LineString", "coordinates": [ [ 10.0092916, 53.5553652 ], [ 10.0094617, 53.5552959 ] ] } },
{ "type": "Feature", "properties": { "u": 248728377, "v": 16808415, "key": 0, "osmid": [ 143586233, 1462857210 ], "highway": "residential", "lanes": "", "maxspeed": "30", "name": "Baumeisterstraße", "oneway": false, "ref": "", "reversed": "True", "length": 42.654580786985562, "bridge": "", "width": "", "tunnel": "", "access": "" }, "geometry": { "type": "LineString", "coordinates": [ [ 10.0092916, 53.5553652 ], [ 10.0090484, 53.5554871 ], [ 10.0089149, 53.555554 ], [ 10.0087981, 53.5556126 ] ] } },
{ "type": "Feature", "properties": { "u": 248728377, "v": 689962598, "key": 0, "osmid": "1427670295", "highway": "residential", "lanes": "1", "maxspeed": "30", "name": "Borgesch", "oneway": true, "ref": "", "reversed": "False", "length": 27.219677562402282, "bridge": "", "width": "", "tunnel": "", "access": "" }, "geometry": { "type": "LineString", "coordinates": [ [ 10.0092916, 53.5553652 ], [ 10.0092986, 53.5552313 ], [ 10.0093583, 53.5551263 ] ] } },
{ "type": "Feature", "properties": { "u": 248728380, "v": 248728377, "key": 0, "osmid": [ 23049817, 23049818 ], "highway": "residential", "lanes": "", "maxspeed": "30", "name": [ "Greifswalder Straße", "Lange Reihe" ], "oneway": true, "ref": "", "reversed": "False", "length": 170.74932370698264, "bridge": "", "width": "3", "tunnel": "", "access": "" }, "geometry": { "type": "LineString", "coordinates": [ [ 10.0101297, 53.5565392 ], [ 10.0101975, 53.5565003 ], [ 10.0103143, 53.5564428 ], [ 10.0104204, 53.5563917 ], [ 10.0104711, 53.5563633 ], [ 10.0105103, 53.5563395 ], [ 10.0105275, 53.5563253 ], [ 10.0105342, 53.5563111 ], [ 10.0105228, 53.5562912 ], [ 10.0105065, 53.556273 ], [ 10.0104009, 53.5561892 ], [ 10.0092916, 53.5553652 ] ] } },
{ "type": "Feature", "properties": { "u": 248728380, "v": 21033588, "key": 0, "osmid": "190163824", "highway": "tertiary", "lanes": "2", "maxspeed": "50", "name": "Lange Reihe", "oneway": false, "ref": "", "reversed": "False", "length": 115.65493361932388, "bridge": "", "width": "", "tunnel": "", "access": "" }, "geometry": { "type": "LineString", "coordinates": [ [ 10.0101297, 53.5565392 ], [ 10.0103113, 53.5566571 ], [ 10.0104831, 53.5567919 ], [ 10.0105467, 53.5568674 ], [ 10.0106843, 53.5570001 ], [ 10.0109733, 53.5572126 ], [ 10.0111893, 53.5573631 ] ] } },
{ "type": "Feature", "properties": { "u": 248728380, "v": 16808415, "key": 0, "osmid": [ 190163824, 33820523, 1462857206 ], "highway": "tertiary", "lanes": [ "3", "2" ], "maxspeed": "50", "name": "Lange Reihe", "oneway": false, "ref": "", "reversed": "True", "length": 135.81046028373913, "bridge": "", "width": "", "tunnel": "", "access": "" }, "geometry": { "type": "LineString", "coordinates": [ [ 10.0101297, 53.5565392 ], [ 10.0099813, 53.5564579 ], [ 10.0098775, 53.5563898 ], [ 10.0096884, 53.5562438 ], [ 10.0093919, 53.5560163 ], [ 10.0090815, 53.5557861 ], [ 10.0090028, 53.5557278 ], [ 10.0089342, 53.5556823 ], [ 10.0088604, 53.5556407 ], [ 10.0087981, 53.5556126 ] ] } },
{ "type": "Feature", "properties": { "u": 248729550, "v": 18128895, "key": 0, "osmid": [ 23783865, 567396883 ], "highway": "residential", "lanes": [ "3", "2" ], "maxspeed": "30", "name": [ "Lohmühlenstraße", "Philipsstraße" ], "oneway": false, "ref": "", "reversed": "True", "length": 152.2541551338746, "bridge": "", "width": "", "tunnel": "", "access": "" }, "geometry": { "type": "LineString", "coordinates": [ [ 10.0203645, 53.5588077 ], [ 10.0202553, 53.558676 ], [ 10.0196885, 53.5583245 ], [ 10.0192185, 53.5580375 ], [ 10.0191467, 53.5579907 ], [ 10.0191296, 53.5579747 ], [ 10.0191165, 53.557958 ], [ 10.0191105, 53.5579427 ], [ 10.0191085, 53.5579259 ], [ 10.0191077, 53.5579162 ], [ 10.0191085, 53.5579072 ], [ 10.0191128, 53.5578921 ], [ 10.0191185, 53.5578771 ], [ 10.0191256, 53.5578638 ], [ 10.019138, 53.5578504 ], [ 10.0191574, 53.5578343 ], [ 10.0191832, 53.5578184 ], [ 10.0192161, 53.5577997 ], [ 10.0192854, 53.557764 ] ] } },
{ "type": "Feature", "properties": { "u": 250282590, "v": 26729251, "key": 0, "osmid": "1114923262", "highway": "secondary", "lanes": "3", "maxspeed": "50", "name": "Amsinckstraße", "oneway": true, "ref": "", "reversed": "False", "length": 54.366112199887368, "bridge": "", "width": "", "tunnel": "", "access": "" }, "geometry": { "type": "LineString", "coordinates": [ [ 10.0110966, 53.548023 ], [ 10.0102749, 53.5479966 ] ] } },
{ "type": "Feature", "properties": { "u": 250283226, "v": 279136229, "key": 0, "osmid": "190581797", "highway": "primary", "lanes": "4", "maxspeed": "50", "name": "Nordkanalstraße", "oneway": true, "ref": "", "reversed": "False", "length": 12.740222363362994, "bridge": "", "width": "", "tunnel": "", "access": "" }, "geometry": { "type": "LineString", "coordinates": [ [ 10.0158044, 53.5485253 ], [ 10.0159775, 53.5485758 ] ] } },
{ "type": "Feature", "properties": { "u": 250785347, "v": 29547265, "key": 0, "osmid": [ 245617249, 143586195 ], "highway": "secondary", "lanes": "3", "maxspeed": "50", "name": "Amsinckstraße", "oneway": true, "ref": "", "reversed": "False", "length": 155.84738150003238, "bridge": "", "width": "", "tunnel": "", "access": "" }, "geometry": { "type": "LineString", "coordinates": [ [ 10.0063869, 53.5477355 ], [ 10.0069599, 53.5477245 ], [ 10.0073766, 53.5477165 ], [ 10.0087446, 53.5476902 ] ] } },
{ "type": "Feature", "properties": { "u": 253416307, "v": 1609393417, "key": 0, "osmid": [ 190163833, 190163835 ], "highway": "primary", "lanes": [ "3", "2" ], "maxspeed": "50", "name": "Sechslingspforte", "oneway": true, "ref": "", "reversed": "False", "length": 45.496033873849598, "bridge": "", "width": "", "tunnel": "", "access": "" }, "geometry": { "type": "LineString", "coordinates": [ [ 10.0232899, 53.5586483 ], [ 10.0231575, 53.5586913 ], [ 10.0229976, 53.5587411 ], [ 10.0227954, 53.5588069 ], [ 10.0226866, 53.5588456 ] ] } },
{ "type": "Feature", "properties": { "u": 257680401, "v": 257680475, "key": 0, "osmid": [ 534596840, 143586324, 640955510 ], "highway": "secondary", "lanes": "2", "maxspeed": [ "30", "50" ], "name": "Kurt-Schumacher-Allee", "oneway": true, "ref": "", "reversed": "False", "length": 128.08501889176208, "bridge": "", "width": "", "tunnel": "", "access": "" }, "geometry": { "type": "LineString", "coordinates": [ [ 10.0119555, 53.5511388 ], [ 10.0122705, 53.551175 ], [ 10.0124377, 53.5512043 ], [ 10.0134615, 53.5514091 ], [ 10.0135732, 53.5514358 ], [ 10.0136894, 53.5514666 ], [ 10.0137951, 53.5514947 ] ] } },
{ "type": "Feature", "properties": { "u": 257680401, "v": 305286870, "key": 0, "osmid": [ 27805065, 640955509 ], "highway": "secondary", "lanes": "2", "maxspeed": "30", "name": "Kurt-Schumacher-Allee", "oneway": true, "ref": "", "reversed": "False", "length": 110.92600143367088, "bridge": "", "width": "", "tunnel": "", "access": "" }, "geometry": { "type": "LineString", "coordinates": [ [ 10.0119555, 53.5511388 ], [ 10.0122276, 53.5512435 ], [ 10.0123845, 53.5512833 ], [ 10.0125612, 53.551321 ], [ 10.0127922, 53.551363 ], [ 10.0132058, 53.5514372 ], [ 10.0132765, 53.5514508 ], [ 10.0133233, 53.5514642 ], [ 10.0133716, 53.5514817 ], [ 10.0134118, 53.5515024 ], [ 10.0134649, 53.5515433 ] ] } },
{ "type": "Feature", "properties": { "u": 257680429, "v": 257680430, "key": 0, "osmid": "23781813", "highway": "residential", "lanes": "1", "maxspeed": "", "name": "Besenbinderhof", "oneway": true, "ref": "", "reversed": "False", "length": 140.05196363151003, "bridge": "", "width": "", "tunnel": "", "access": "" }, "geometry": { "type": "LineString", "coordinates": [ [ 10.0159193, 53.5516753 ], [ 10.0147808, 53.5514915 ], [ 10.0138713, 53.5513498 ] ] } },
{ "type": "Feature", "properties": { "u": 257680429, "v": 33324490, "key": 0, "osmid": "40273556", "highway": "tertiary", "lanes": "2", "maxspeed": "50", "name": "Nagelsweg", "oneway": true, "ref": "", "reversed": "False", "length": 150.9693069317272, "bridge": "", "width": "", "tunnel": "", "access": "" }, "geometry": { "type": "LineString", "coordinates": [ [ 10.0159193, 53.5516753 ], [ 10.0161596, 53.5513696 ], [ 10.0161842, 53.5513382 ], [ 10.0166158, 53.5507892 ], [ 10.0167769, 53.5505842 ], [ 10.0168044, 53.5505492 ], [ 10.0168809, 53.5504437 ] ] } },
{ "type": "Feature", "properties": { "u": 257680430, "v": 4272450389, "key": 0, "osmid": [ 428107966, 1377793413, 436434798, 428107967 ], "highway": "residential", "lanes": "", "maxspeed": "", "name": "Besenbinderhof", "oneway": true, "ref": "", "reversed": "False", "length": 205.17799807500768, "bridge": "", "width": [ "3.9", "5.7" ], "tunnel": "", "access": "" }, "geometry": { "type": "LineString", "coordinates": [ [ 10.0138713, 53.5513498 ], [ 10.0135825, 53.5512996 ], [ 10.013463, 53.5512761 ], [ 10.0131704, 53.5512124 ], [ 10.0130615, 53.5511845 ], [ 10.0129585, 53.551155 ], [ 10.0127912, 53.5510942 ], [ 10.0125817, 53.5510066 ], [ 10.0123641, 53.5509054 ], [ 10.0119846, 53.5507288 ], [ 10.0118863, 53.5506774 ], [ 10.0118387, 53.5506618 ], [ 10.01178, 53.5506609 ], [ 10.0117327, 53.5506722 ], [ 10.0116831, 53.5506961 ], [ 10.0115789, 53.5507798 ], [ 10.0115289, 53.55081 ], [ 10.0114804, 53.5508182 ], [ 10.0114422, 53.5508157 ], [ 10.0112305, 53.550763 ] ] } },
{ "type": "Feature", "properties": { "u": 257680430, "v": 257680475, "key": 0, "osmid": "436434799", "highway": "residential", "lanes": "", "maxspeed": "", "name": "Besenbinderhof", "oneway": false, "ref": "", "reversed": "True", "length": 16.883748657838584, "bridge": "", "width": "", "tunnel": "", "access": "" }, "geometry": { "type": "LineString", "coordinates": [ [ 10.0138713, 53.5513498 ], [ 10.013835, 53.5514188 ], [ 10.0138192, 53.5514526 ], [ 10.0137951, 53.5514947 ] ] } },
{ "type": "Feature", "properties": { "u": 257680475, "v": 11206074, "key": 0, "osmid": [ 640955508, 143586324 ], "highway": "secondary", "lanes": "2", "maxspeed": "50", "name": "Kurt-Schumacher-Allee", "oneway": true, "ref": "", "reversed": "False", "length": 141.02624494876534, "bridge": "", "width": "", "tunnel": "", "access": "" }, "geometry": { "type": "LineString", "coordinates": [ [ 10.0137951, 53.5514947 ], [ 10.0139616, 53.551543 ], [ 10.0140958, 53.5515773 ], [ 10.0142425, 53.5516099 ], [ 10.0144163, 53.5516482 ], [ 10.0147162, 53.5517033 ], [ 10.0149366, 53.5517406 ], [ 10.015123, 53.5517722 ], [ 10.0152236, 53.5517861 ], [ 10.0155026, 53.5518196 ], [ 10.0156015, 53.5518315 ], [ 10.0157212, 53.5518434 ], [ 10.0158346, 53.5518519 ] ] } },
{ "type": "Feature", "properties": { "u": 257680475, "v": 257680430, "key": 0, "osmid": "436434799", "highway": "residential", "lanes": "", "maxspeed": "", "name": "Besenbinderhof", "oneway": false, "ref": "", "reversed": "False", "length": 16.883748657838584, "bridge": "", "width": "", "tunnel": "", "access": "" }, "geometry": { "type": "LineString", "coordinates": [ [ 10.0137951, 53.5514947 ], [ 10.0138192, 53.5514526 ], [ 10.013835, 53.5514188 ], [ 10.0138713, 53.5513498 ] ] } },
{ "type": "Feature", "properties": { "u": 257683269, "v": 33324490, "key": 0, "osmid": "40150595", "highway": "residential", "lanes": "", "maxspeed": "50", "name": "Norderstraße", "oneway": false, "ref": "", "reversed": "True", "length": 75.445841569200667, "bridge": "", "width": "", "tunnel": "", "access": "" }, "geometry": { "type": "LineString", "coordinates": [ [ 10.0179345, 53.5507055 ], [ 10.0168809, 53.5504437 ] ] } },
{ "type": "Feature", "properties": { "u": 257683269, "v": 33324529, "key": 0, "osmid": [ 636100257, 40150595 ], "highway": "residential", "lanes": "", "maxspeed": "50", "name": "Norderstraße", "oneway": false, "ref": "", "reversed": "False", "length": 158.0888608799041, "bridge": "", "width": "", "tunnel": "", "access": "" }, "geometry": { "type": "LineString", "coordinates": [ [ 10.0179345, 53.5507055 ], [ 10.0181796, 53.5507645 ], [ 10.0192532, 53.5510227 ], [ 10.0199636, 53.5511942 ], [ 10.0201526, 53.5512391 ] ] } },
{ "type": "Feature", "properties": { "u": 257683269, "v": 93182144, "key": 0, "osmid": [ 1158781185, 143586330, 75048986 ], "highway": "unclassified", "lanes": "", "maxspeed": "50", "name": "Norderhof", "oneway": false, "ref": "", "reversed": "False", "length": 199.72570794704998, "bridge": "", "width": "", "tunnel": "", "access": "" }, "geometry": { "type": "LineString", "coordinates": [ [ 10.0179345, 53.5507055 ], [ 10.0178863, 53.5507766 ], [ 10.0175571, 53.5512616 ], [ 10.0181411, 53.5514356 ], [ 10.0176825, 53.5520823 ], [ 10.0176579, 53.5521188 ], [ 10.0176173, 53.5521817 ] ] } },
{ "type": "Feature", "properties": { "u": 257690317, "v": 620388579, "key": 0, "osmid": "49618903", "highway": "secondary", "lanes": "3", "maxspeed": "50", "name": "Berlinertordamm", "oneway": true, "ref": "", "reversed": "False", "length": 32.090668344755549, "bridge": "", "width": "", "tunnel": "", "access": "" }, "geometry": { "type": "LineString", "coordinates": [ [ 10.0235846, 53.5533875 ], [ 10.0240601, 53.5534466 ] ] } },
{ "type": "Feature", "properties": { "u": 257690317, "v": 257690321, "key": 0, "osmid": [ 636100256, 23783153, 636100254 ], "highway": "residential", "lanes": "2", "maxspeed": "50", "name": "Beim Berliner Tor", "oneway": false, "ref": "", "reversed": "False", "length": 206.31335146518387, "bridge": "", "width": "7.7", "tunnel": "", "access": "" }, "geometry": { "type": "LineString", "coordinates": [ [ 10.0235846, 53.5533875 ], [ 10.0236349, 53.5532692 ], [ 10.0236947, 53.5531386 ], [ 10.0238177, 53.5528738 ], [ 10.0238295, 53.552847 ], [ 10.0238324, 53.5528335 ], [ 10.0238298, 53.552822 ], [ 10.0238251, 53.5528138 ], [ 10.0238183, 53.552805 ], [ 10.0238083, 53.5527965 ], [ 10.0237948, 53.5527879 ], [ 10.0237803, 53.55278 ], [ 10.023765, 53.5527746 ], [ 10.0237497, 53.5527699 ], [ 10.0237029, 53.552758 ], [ 10.0236343, 53.5527461 ], [ 10.0234406, 53.552708 ], [ 10.0233561, 53.5526934 ], [ 10.0230666, 53.5526763 ], [ 10.0228887, 53.5526501 ], [ 10.0226672, 53.5526123 ], [ 10.0225626, 53.5525945 ], [ 10.0220919, 53.5525154 ], [ 10.0219714, 53.5524949 ], [ 10.0218977, 53.5524429 ], [ 10.0218729, 53.5524112 ] ] } },
{ "type": "Feature", "properties": { "u": 257690321, "v": 257690317, "key": 0, "osmid": [ 636100256, 23783153, 636100254 ], "highway": "residential", "lanes": "2", "maxspeed": "50", "name": "Beim Berliner Tor", "oneway": false, "ref": "", "reversed": "True", "length": 206.31335146518387, "bridge": "", "width": "7.7", "tunnel": "", "access": "" }, "geometry": { "type": "LineString", "coordinates": [ [ 10.0218729, 53.5524112 ], [ 10.0218977, 53.5524429 ], [ 10.0219714, 53.5524949 ], [ 10.0220919, 53.5525154 ], [ 10.0225626, 53.5525945 ], [ 10.0226672, 53.5526123 ], [ 10.0228887, 53.5526501 ], [ 10.0230666, 53.5526763 ], [ 10.0233561, 53.5526934 ], [ 10.0234406, 53.552708 ], [ 10.0236343, 53.5527461 ], [ 10.0237029, 53.552758 ], [ 10.0237497, 53.5527699 ], [ 10.023765, 53.5527746 ], [ 10.0237803, 53.55278 ], [ 10.0237948, 53.5527879 ], [ 10.0238083, 53.5527965 ], [ 10.0238183, 53.552805 ], [ 10.0238251, 53.5528138 ], [ 10.0238298, 53.552822 ], [ 10.0238324, 53.5528335 ], [ 10.0238295, 53.552847 ], [ 10.0238177, 53.5528738 ], [ 10.0236947, 53.5531386 ], [ 10.0236349, 53.5532692 ], [ 10.0235846, 53.5533875 ] ] } },
{ "type": "Feature", "properties": { "u": 257694056, "v": 26678244, "key": 0, "osmid": "5229522", "highway": "residential", "lanes": "", "maxspeed": "30", "name": "Stiftstraße", "oneway": false, "ref": "", "reversed": "True", "length": 84.864503998194365, "bridge": "", "width": "", "tunnel": "", "access": "" }, "geometry": { "type": "LineString", "coordinates": [ [ 10.0185299, 53.5558185 ], [ 10.0186955, 53.5557956 ], [ 10.0188034, 53.5557258 ], [ 10.0188746, 53.5556797 ], [ 10.0189732, 53.5556108 ], [ 10.0191645, 53.5554772 ], [ 10.019424, 53.5552945 ] ] } },
{ "type": "Feature", "properties": { "u": 257700502, "v": 93195007, "key": 0, "osmid": "23783923", "highway": "residential", "lanes": "", "maxspeed": "30", "name": "Baumeisterstraße", "oneway": false, "ref": "", "reversed": "True", "length": 40.606752809615337, "bridge": "", "width": "", "tunnel": "", "access": "" }, "geometry": { "type": "LineString", "coordinates": [ [ 10.0104174, 53.5550066 ], [ 10.0103431, 53.5550241 ], [ 10.0099137, 53.5551248 ], [ 10.0098484, 53.5551444 ] ] } },
{ "type": "Feature", "properties": { "u": 257879646, "v": 258382967, "key": 0, "osmid": "23844419", "highway": "unclassified", "lanes": "", "maxspeed": "50", "name": "Besenbinderhof", "oneway": false, "ref": "", "reversed": "False", "length": 62.714523532289853, "bridge": "", "width": "4.8", "tunnel": "", "access": "" }, "geometry": { "type": "LineString", "coordinates": [ [ 10.0115496, 53.5505719 ], [ 10.0110669, 53.5503748 ], [ 10.0109027, 53.5503061 ], [ 10.0107432, 53.5502868 ] ] } },
{ "type": "Feature", "properties": { "u": 257879646, "v": 4272450389, "key": 0, "osmid": "143586337", "highway": "residential", "lanes": "", "maxspeed": "50", "name": "Repsoldstraße", "oneway": false, "ref": "", "reversed": "False", "length": 29.975650592854279, "bridge": "", "width": "7", "tunnel": "", "access": "" }, "geometry": { "type": "LineString", "coordinates": [ [ 10.0115496, 53.5505719 ], [ 10.0114539, 53.5506323 ], [ 10.011303, 53.5507129 ], [ 10.0112305, 53.550763 ] ] } },
{ "type": "Feature", "properties": { "u": 257879646, "v": 279134488, "key": 0, "osmid": "143586337", "highway": "residential", "lanes": "", "maxspeed": "50", "name": "Repsoldstraße", "oneway": false, "ref": "", "reversed": "True", "length": 141.24765565374267, "bridge": "", "width": "7", "tunnel": "", "access": "" }, "geometry": { "type": "LineString", "coordinates": [ [ 10.0115496, 53.5505719 ], [ 10.011723, 53.5504255 ], [ 10.0118557, 53.5502765 ], [ 10.0120258, 53.5500856 ], [ 10.0120689, 53.5500373 ], [ 10.012147, 53.5499515 ], [ 10.0121975, 53.5499106 ], [ 10.0122851, 53.5498899 ], [ 10.0126151, 53.5498632 ], [ 10.0127409, 53.5498566 ], [ 10.0129216, 53.549847 ], [ 10.013034, 53.549841 ] ] } },
{ "type": "Feature", "properties": { "u": 258109340, "v": 17209206, "key": 0, "osmid": "62091588", "highway": "residential", "lanes": "", "maxspeed": "30", "name": "Kirchenallee", "oneway": false, "ref": "", "reversed": "True", "length": 13.151955120293225, "bridge": "", "width": "4.5", "tunnel": "", "access": "" }, "geometry": { "type": "LineString", "coordinates": [ [ 10.0077779, 53.555799 ], [ 10.0075999, 53.555852 ] ] } },
{ "type": "Feature", "properties": { "u": 258109340, "v": 518362052, "key": 0, "osmid": "24410116", "highway": "residential", "lanes": "", "maxspeed": "50", "name": "Kirchenallee", "oneway": false, "ref": "", "reversed": "False", "length": 46.565562849541472, "bridge": "", "width": "5.6", "tunnel": "", "access": "" }, "geometry": { "type": "LineString", "coordinates": [ [ 10.0077779, 53.555799 ], [ 10.0078274, 53.5556575 ], [ 10.0078903, 53.555478 ], [ 10.0079418, 53.5553924 ] ] } },
{ "type": "Feature", "properties": { "u": 258109340, "v": 18703873, "key": 0, "osmid": [ 573181937, 26622860, 62091590 ], "highway": "residential", "lanes": "", "maxspeed": "30", "name": "Koppel", "oneway": false, "ref": "", "reversed": "False", "length": 48.516036163921434, "bridge": "", "width": "", "tunnel": "", "access": "" }, "geometry": { "type": "LineString", "coordinates": [ [ 10.0077779, 53.555799 ], [ 10.007892, 53.5558975 ], [ 10.0079412, 53.555977 ], [ 10.0079848, 53.5561333 ], [ 10.0080009, 53.5561724 ], [ 10.0080184, 53.5562041 ] ] } },
{ "type": "Feature", "properties": { "u": 258382967, "v": 257879646, "key": 0, "osmid": "23844419", "highway": "unclassified", "lanes": "", "maxspeed": "50", "name": "Besenbinderhof", "oneway": false, "ref": "", "reversed": "True", "length": 62.714523532289853, "bridge": "", "width": "4.8", "tunnel": "", "access": "" }, "geometry": { "type": "LineString", "coordinates": [ [ 10.0107432, 53.5502868 ], [ 10.0109027, 53.5503061 ], [ 10.0110669, 53.5503748 ], [ 10.0115496, 53.5505719 ] ] } },
{ "type": "Feature", "properties": { "u": 258521470, "v": 25066472, "key": 0, "osmid": [ 4218307, 1272357316 ], "highway": "residential", "lanes": "", "maxspeed": "30", "name": "Ernst-Kabel-Stieg", "oneway": false, "ref": "", "reversed": "True", "length": 104.08101279373355, "bridge": "", "width": "5", "tunnel": "", "access": "" }, "geometry": { "type": "LineString", "coordinates": [ [ 10.0321717, 53.5629932 ], [ 10.0320532, 53.5629938 ], [ 10.031865, 53.5630198 ], [ 10.0315997, 53.5630495 ], [ 10.0314399, 53.5630562 ], [ 10.0312463, 53.5630491 ], [ 10.0311427, 53.5630456 ], [ 10.0309856, 53.5630272 ], [ 10.030618, 53.5629797 ] ] } },
{ "type": "Feature", "properties": { "u": 258521920, "v": 8659417419, "key": 0, "osmid": [ 23855097, 1346878309, 1346878310, 934325503 ], "highway": "residential", "lanes": "", "maxspeed": "30", "name": "Alfredstraße", "oneway": false, "ref": "", "reversed": "True", "length": 62.26612450319324, "bridge": "", "width": [ "10.1", "9.8" ], "tunnel": "", "access": "" }, "geometry": { "type": "LineString", "coordinates": [ [ 10.0306841, 53.5602516 ], [ 10.0306482, 53.5603067 ], [ 10.0306385, 53.5603222 ], [ 10.0305995, 53.560384 ], [ 10.0305937, 53.5603923 ], [ 10.0303807, 53.5607 ], [ 10.0303451, 53.5607737 ] ] } },
{ "type": "Feature", "properties": { "u": 258524139, "v": 8596101587, "key": 0, "osmid": "190163818", "highway": "residential", "lanes": "", "maxspeed": "50", "name": "Berliner Tor", "oneway": false, "ref": "", "reversed": "False", "length": 88.919948931156682, "bridge": "", "width": "", "tunnel": "", "access": "" }, "geometry": { "type": "LineString", "coordinates": [ [ 10.0213571, 53.5565575 ], [ 10.0212211, 53.5566582 ], [ 10.0208178, 53.5569774 ], [ 10.0207442, 53.5570256 ], [ 10.0206977, 53.557055 ], [ 10.0206397, 53.5570907 ], [ 10.0204992, 53.5571719 ] ] } },
{ "type": "Feature", "properties": { "u": 259597482, "v": 1973693001, "key": 0, "osmid": "28262107", "highway": "primary", "lanes": "5", "maxspeed": "50", "name": "An der Alster", "oneway": false, "ref": "", "reversed": "False", "length": 2.8314702236297431, "bridge": "", "width": "", "tunnel": "", "access": "" }, "geometry": { "type": "LineString", "coordinates": [ [ 10.0140288, 53.5616178 ], [ 10.0140528, 53.5616389 ] ] } },
{ "type": "Feature", "properties": { "u": 259597482, "v": 1490425214, "key": 0, "osmid": [ 798518154, 15090571 ], "highway": "primary", "lanes": [ "4", "5" ], "maxspeed": "50", "name": "An der Alster", "oneway": false, "ref": "", "reversed": "True", "length": 66.44937080201737, "bridge": "", "width": "", "tunnel": "", "access": "" }, "geometry": { "type": "LineString", "coordinates": [ [ 10.0140288, 53.5616178 ], [ 10.0136218, 53.5613054 ], [ 10.0135701, 53.5612685 ], [ 10.0134012, 53.5611509 ] ] } },
{ "type": "Feature", "properties": { "u": 259794340, "v": 6208826411, "key": 0, "osmid": [ 1292820752, 23964671 ], "highway": "residential", "lanes": "", "maxspeed": "", "name": "Borgfelder Allee", "oneway": false, "ref": "", "reversed": "False", "length": 48.126671771894422, "bridge": "", "width": "", "tunnel": "", "access": "" }, "geometry": { "type": "LineString", "coordinates": [ [ 10.0281661, 53.552234 ], [ 10.0281112, 53.5522836 ], [ 10.0280577, 53.5523347 ], [ 10.0279665, 53.5523993 ], [ 10.0279234, 53.5524298 ], [ 10.0278236, 53.5524949 ], [ 10.0277287, 53.5525788 ] ] } },
{ "type": "Feature", "properties": { "u": 259794340, "v": 570105760, "key": 0, "osmid": [ 27527904, 45892528 ], "highway": "primary", "lanes": [ "6", "3" ], "maxspeed": "50", "name": "Anckelmannsplatz", "oneway": true, "ref": "", "reversed": "False", "length": 89.434269795598922, "bridge": "", "width": "", "tunnel": "", "access": "" }, "geometry": { "type": "LineString", "coordinates": [ [ 10.0281661, 53.552234 ], [ 10.0280154, 53.5521947 ], [ 10.0276045, 53.5520624 ], [ 10.0273821, 53.5520182 ], [ 10.0271133, 53.5519821 ], [ 10.0270125, 53.5519722 ], [ 10.0269033, 53.5519665 ] ] } },
{ "type": "Feature", "properties": { "u": 266269406, "v": 253416307, "key": 0, "osmid": "190163828", "highway": "secondary_link", "lanes": "2", "maxspeed": "50", "name": "", "oneway": true, "ref": "", "reversed": "False", "length": 10.1483505602775, "bridge": "", "width": "", "tunnel": "", "access": "" }, "geometry": { "type": "LineString", "coordinates": [ [ 10.0233655, 53.5585697 ], [ 10.0233494, 53.5585968 ], [ 10.0233261, 53.5586195 ], [ 10.0232899, 53.5586483 ] ] } },
{ "type": "Feature", "properties": { "u": 266269406, "v": 16381692, "key": 0, "osmid": "444941587", "highway": "secondary", "lanes": "3", "maxspeed": "50", "name": "Lübeckertordamm", "oneway": true, "ref": "", "reversed": "False", "length": 36.96037308269986, "bridge": "", "width": "", "tunnel": "", "access": "" }, "geometry": { "type": "LineString", "coordinates": [ [ 10.0233655, 53.5585697 ], [ 10.0230991, 53.5585196 ], [ 10.0230058, 53.5584973 ], [ 10.0228456, 53.5584491 ] ] } },
{ "type": "Feature", "properties": { "u": 274771983, "v": 1609393291, "key": 0, "osmid": "45748889", "highway": "secondary", "lanes": "4", "maxspeed": "50", "name": "Borgfelder Straße", "oneway": false, "ref": "", "reversed": "False", "length": 18.43849933392071, "bridge": "", "width": "", "tunnel": "", "access": "" }, "geometry": { "type": "LineString", "coordinates": [ [ 10.0345795, 53.5547851 ], [ 10.0346438, 53.5547934 ], [ 10.0348522, 53.5548205 ] ] } },
{ "type": "Feature", "properties": { "u": 274771983, "v": 2471652307, "key": 0, "osmid": "239371692", "highway": "secondary", "lanes": "4", "maxspeed": "50", "name": "Borgfelder Straße", "oneway": true, "ref": "", "reversed": "False", "length": 79.448840487935044, "bridge": "", "width": "", "tunnel": "", "access": "" }, "geometry": { "type": "LineString", "coordinates": [ [ 10.0345795, 53.5547851 ], [ 10.0340997, 53.5547427 ], [ 10.0338561, 53.5547195 ], [ 10.0334829, 53.5546851 ], [ 10.0333899, 53.5546807 ] ] } },
{ "type": "Feature", "properties": { "u": 279134488, "v": 279135373, "key": 0, "osmid": "38776668", "highway": "residential", "lanes": "2", "maxspeed": "50", "name": "Repsoldstraße", "oneway": false, "ref": "", "reversed": "True", "length": 67.417508788340498, "bridge": "", "width": "", "tunnel": "", "access": "" }, "geometry": { "type": "LineString", "coordinates": [ [ 10.013034, 53.549841 ], [ 10.0130197, 53.5497702 ], [ 10.0129989, 53.5497363 ], [ 10.0126091, 53.5494143 ], [ 10.0125264, 53.5493246 ] ] } },
{ "type": "Feature", "properties": { "u": 279134488, "v": 33324490, "key": 0, "osmid": "143586331", "highway": "residential", "lanes": "", "maxspeed": "50", "name": "Norderstraße", "oneway": false, "ref": "", "reversed": "False", "length": 265.07456462529979, "bridge": "", "width": "", "tunnel": "", "access": "" }, "geometry": { "type": "LineString", "coordinates": [ [ 10.013034, 53.549841 ], [ 10.0131837, 53.5498437 ], [ 10.0133883, 53.5498473 ], [ 10.0138431, 53.5498752 ], [ 10.0142739, 53.5499083 ], [ 10.014488, 53.5499248 ], [ 10.0148506, 53.5499876 ], [ 10.015129, 53.5500359 ], [ 10.0154516, 53.5500988 ], [ 10.0156398, 53.5501355 ], [ 10.0159366, 53.5502092 ], [ 10.0163844, 53.5503204 ], [ 10.0168809, 53.5504437 ] ] } },
{ "type": "Feature", "properties": { "u": 279134488, "v": 257879646, "key": 0, "osmid": "143586337", "highway": "residential", "lanes": "", "maxspeed": "50", "name": "Repsoldstraße", "oneway": false, "ref": "", "reversed": "False", "length": 141.2476556537427, "bridge": "", "width": "7", "tunnel": "", "access": "" }, "geometry": { "type": "LineString", "coordinates": [ [ 10.013034, 53.549841 ], [ 10.0129216, 53.549847 ], [ 10.0127409, 53.5498566 ], [ 10.0126151, 53.5498632 ], [ 10.0122851, 53.5498899 ], [ 10.0121975, 53.5499106 ], [ 10.012147, 53.5499515 ], [ 10.0120689, 53.5500373 ], [ 10.0120258, 53.5500856 ], [ 10.0118557, 53.5502765 ], [ 10.011723, 53.5504255 ], [ 10.0115496, 53.5505719 ] ] } },
{ "type": "Feature", "properties": { "u": 279134514, "v": 279135373, "key": 0, "osmid": "25609973", "highway": "residential", "lanes": "2", "maxspeed": "30", "name": "Münzplatz", "oneway": false, "ref": "", "reversed": "True", "length": 20.513859181278054, "bridge": "", "width": "", "tunnel": "", "access": "" }, "geometry": { "type": "LineString", "coordinates": [ [ 10.012226, 53.5493713 ], [ 10.0125264, 53.5493246 ] ] } },
{ "type": "Feature", "properties": { "u": 279134514, "v": 92741846, "key": 0, "osmid": [ 46102584, 143586325 ], "highway": "residential", "lanes": "1", "maxspeed": "30", "name": "Münzstraße", "oneway": true, "ref": "", "reversed": "False", "length": 177.28852428666576, "bridge": "", "width": [ "9", "4" ], "tunnel": "", "access": "" }, "geometry": { "type": "LineString", "coordinates": [ [ 10.012226, 53.5493713 ], [ 10.0113736, 53.549492 ], [ 10.0110525, 53.5495657 ], [ 10.011037, 53.5495698 ], [ 10.0108122, 53.5496292 ], [ 10.0107264, 53.5496567 ], [ 10.00993, 53.5499224 ], [ 10.009768, 53.5499805 ] ] } },
{ "type": "Feature", "properties": { "u": 279135373, "v": 279134514, "key": 0, "osmid": "25609973", "highway": "residential", "lanes": "2", "maxspeed": "30", "name": "Münzplatz", "oneway": false, "ref": "", "reversed": "False", "length": 20.513859181278054, "bridge": "", "width": "", "tunnel": "", "access": "" }, "geometry": { "type": "LineString", "coordinates": [ [ 10.0125264, 53.5493246 ], [ 10.012226, 53.5493713 ] ] } },
{ "type": "Feature", "properties": { "u": 279135373, "v": 35138374, "key": 0, "osmid": [ 46102597, 25609973, 46102598 ], "highway": "residential", "lanes": "2", "maxspeed": "30", "name": [ "Repsoldstraße", "Münzplatz" ], "oneway": false, "ref": "", "reversed": "True", "length": 68.18612565236279, "bridge": "", "width": "", "tunnel": "", "access": "" }, "geometry": { "type": "LineString", "coordinates": [ [ 10.0125264, 53.5493246 ], [ 10.0126403, 53.5493023 ], [ 10.0127316, 53.5492756 ], [ 10.0127973, 53.5492388 ], [ 10.0128489, 53.5491891 ], [ 10.0129845, 53.5490107 ], [ 10.0131049, 53.5488524 ] ] } },
{ "type": "Feature", "properties": { "u": 279135373, "v": 279134488, "key": 0, "osmid": "38776668", "highway": "residential", "lanes": "2", "maxspeed": "50", "name": "Repsoldstraße", "oneway": false, "ref": "", "reversed": "False", "length": 67.417508788340498, "bridge": "", "width": "", "tunnel": "", "access": "" }, "geometry": { "type": "LineString", "coordinates": [ [ 10.0125264, 53.5493246 ], [ 10.0126091, 53.5494143 ], [ 10.0129989, 53.5497363 ], [ 10.0130197, 53.5497702 ], [ 10.013034, 53.549841 ] ] } },
{ "type": "Feature", "properties": { "u": 279136229, "v": 11206916, "key": 0, "osmid": [ 190581800, 190581798 ], "highway": "primary", "lanes": [ "4", "3" ], "maxspeed": "50", "name": "Nordkanalstraße", "oneway": true, "ref": "", "reversed": "False", "length": 139.72177616080501, "bridge": "", "width": "", "tunnel": "", "access": "" }, "geometry": { "type": "LineString", "coordinates": [ [ 10.0159775, 53.5485758 ], [ 10.0162863, 53.5486613 ], [ 10.0174569, 53.5489892 ], [ 10.017626, 53.5490352 ], [ 10.0176961, 53.5490543 ], [ 10.0178934, 53.5491079 ] ] } },
{ "type": "Feature", "properties": { "u": 279544886, "v": 279544908, "key": 0, "osmid": "53724236", "highway": "primary", "lanes": "4", "maxspeed": "50", "name": "Eiffestraße", "oneway": false, "ref": "", "reversed": "False", "length": 83.236957240326532, "bridge": "", "width": "", "tunnel": "", "access": "" }, "geometry": { "type": "LineString", "coordinates": [ [ 10.031533, 53.5522396 ], [ 10.030275, 53.5521972 ] ] } },
{ "type": "Feature", "properties": { "u": 279544886, "v": 5445518010, "key": 0, "osmid": "53724239", "highway": "primary", "lanes": "4", "maxspeed": "50", "name": "Eiffestraße", "oneway": false, "ref": "", "reversed": "True", "length": 104.70678631683225, "bridge": "", "width": "", "tunnel": "", "access": "" }, "geometry": { "type": "LineString", "coordinates": [ [ 10.031533, 53.5522396 ], [ 10.033115, 53.5522978 ] ] } },
{ "type": "Feature", "properties": { "u": 279544886, "v": 279544900, "key": 0, "osmid": "25644113", "highway": "unclassified", "lanes": "", "maxspeed": "50", "name": "Wikingerweg", "oneway": false, "ref": "", "reversed": "False", "length": 143.10782983821184, "bridge": "", "width": "", "tunnel": "", "access": "" }, "geometry": { "type": "LineString", "coordinates": [ [ 10.031533, 53.5522396 ], [ 10.0315997, 53.5521395 ], [ 10.0317679, 53.5519156 ], [ 10.03192, 53.5517117 ], [ 10.0319436, 53.5516798 ], [ 10.0320339, 53.5515659 ], [ 10.0324287, 53.551068 ] ] } },
{ "type": "Feature", "properties": { "u": 279544900, "v": 279544886, "key": 0, "osmid": "25644113", "highway": "unclassified", "lanes": "", "maxspeed": "50", "name": "Wikingerweg", "oneway": false, "ref": "", "reversed": "True", "length": 143.10782983821184, "bridge": "", "width": "", "tunnel": "", "access": "" }, "geometry": { "type": "LineString", "coordinates": [ [ 10.0324287, 53.551068 ], [ 10.0320339, 53.5515659 ], [ 10.0319436, 53.5516798 ], [ 10.03192, 53.5517117 ], [ 10.0317679, 53.5519156 ], [ 10.0315997, 53.5521395 ], [ 10.031533, 53.5522396 ] ] } },
{ "type": "Feature", "properties": { "u": 279544900, "v": 279545053, "key": 0, "osmid": "1292820702", "highway": "unclassified", "lanes": "", "maxspeed": "50", "name": "Normannenweg", "oneway": false, "ref": "", "reversed": "False", "length": 194.35820092707002, "bridge": "", "width": "", "tunnel": "", "access": "" }, "geometry": { "type": "LineString", "coordinates": [ [ 10.0324287, 53.551068 ], [ 10.0331926, 53.5512804 ], [ 10.0333015, 53.5513103 ], [ 10.0336536, 53.551409 ], [ 10.0337666, 53.5514396 ], [ 10.0350977, 53.5518034 ] ] } },
{ "type": "Feature", "properties": { "u": 279544900, "v": 279544908, "key": 0, "osmid": [ 53724235, 1292820702 ], "highway": "unclassified", "lanes": "", "maxspeed": "50", "name": "Normannenweg", "oneway": false, "ref": "", "reversed": "True", "length": 254.38681454843683, "bridge": "", "width": "", "tunnel": "", "access": "" }, "geometry": { "type": "LineString", "coordinates": [ [ 10.0324287, 53.551068 ], [ 10.0320482, 53.5509662 ], [ 10.0319453, 53.5509384 ], [ 10.0317652, 53.5508898 ], [ 10.031363, 53.5507826 ], [ 10.031292, 53.5507814 ], [ 10.0312342, 53.5508137 ], [ 10.0310659, 53.5510326 ], [ 10.0302942, 53.5520539 ], [ 10.0302874, 53.5520905 ], [ 10.030275, 53.5521972 ] ] } },
{ "type": "Feature", "properties": { "u": 279544908, "v": 279544886, "key": 0, "osmid": "53724236", "highway": "primary", "lanes": "4", "maxspeed": "50", "name": "Eiffestraße", "oneway": false, "ref": "", "reversed": "True", "length": 83.236957240326532, "bridge": "", "width": "", "tunnel": "", "access": "" }, "geometry": { "type": "LineString", "coordinates": [ [ 10.030275, 53.5521972 ], [ 10.031533, 53.5522396 ] ] } },
{ "type": "Feature", "properties": { "u": 279544908, "v": 678283427, "key": 0, "osmid": "53724238", "highway": "primary", "lanes": "4", "maxspeed": "", "name": "Eiffestraße", "oneway": false, "ref": "", "reversed": "False", "length": 13.521621212662954, "bridge": "", "width": "", "tunnel": "", "access": "" }, "geometry": { "type": "LineString", "coordinates": [ [ 10.030275, 53.5521972 ], [ 10.0300705, 53.552192 ] ] } },
{ "type": "Feature", "properties": { "u": 279544908, "v": 279544900, "key": 0, "osmid": [ 53724235, 1292820702 ], "highway": "unclassified", "lanes": "", "maxspeed": "50", "name": "Normannenweg", "oneway": false, "ref": "", "reversed": "False", "length": 254.38681454843683, "bridge": "", "width": "", "tunnel": "", "access": "" }, "geometry": { "type": "LineString", "coordinates": [ [ 10.030275, 53.5521972 ], [ 10.0302874, 53.5520905 ], [ 10.0302942, 53.5520539 ], [ 10.0310659, 53.5510326 ], [ 10.0312342, 53.5508137 ], [ 10.031292, 53.5507814 ], [ 10.031363, 53.5507826 ], [ 10.0317652, 53.5508898 ], [ 10.0319453, 53.5509384 ], [ 10.0320482, 53.5509662 ], [ 10.0324287, 53.551068 ] ] } },
{ "type": "Feature", "properties": { "u": 279545053, "v": 279544900, "key": 0, "osmid": "1292820702", "highway": "unclassified", "lanes": "", "maxspeed": "50", "name": "Normannenweg", "oneway": false, "ref": "", "reversed": "True", "length": 194.35820092707002, "bridge": "", "width": "", "tunnel": "", "access": "" }, "geometry": { "type": "LineString", "coordinates": [ [ 10.0350977, 53.5518034 ], [ 10.0337666, 53.5514396 ], [ 10.0336536, 53.551409 ], [ 10.0333015, 53.5513103 ], [ 10.0331926, 53.5512804 ], [ 10.0324287, 53.551068 ] ] } },
{ "type": "Feature", "properties": { "u": 279545053, "v": 8713901990, "key": 0, "osmid": "1292820742", "highway": "tertiary", "lanes": "2", "maxspeed": "50", "name": "Ausschläger Weg", "oneway": false, "ref": "", "reversed": "True", "length": 62.571388617293437, "bridge": "", "width": "", "tunnel": "", "access": "" }, "geometry": { "type": "LineString", "coordinates": [ [ 10.0350977, 53.5518034 ], [ 10.0348892, 53.5520758 ], [ 10.0348298, 53.5521537 ], [ 10.0347062, 53.5523158 ] ] } },
{ "type": "Feature", "properties": { "u": 291504274, "v": 689962598, "key": 0, "osmid": "1427670294", "highway": "residential", "lanes": "3", "maxspeed": "30", "name": "Borgesch", "oneway": false, "ref": "", "reversed": "False", "length": 49.051002689156, "bridge": "", "width": "", "tunnel": "", "access": "" }, "geometry": { "type": "LineString", "coordinates": [ [ 10.0095815, 53.5547271 ], [ 10.0095475, 53.5547322 ], [ 10.0095191, 53.5547434 ], [ 10.0095007, 53.5547539 ], [ 10.0094859, 53.5547653 ], [ 10.0094701, 53.5547796 ], [ 10.0094597, 53.5547953 ], [ 10.0094491, 53.5548194 ], [ 10.0093878, 53.5550265 ], [ 10.0093583, 53.5551263 ] ] } },
{ "type": "Feature", "properties": { "u": 292006406, "v": 1508604416, "key": 0, "osmid": "137538319", "highway": "residential", "lanes": "", "maxspeed": "30", "name": "Ellmenreichstraße", "oneway": false, "ref": "", "reversed": "True", "length": 71.368543159105641, "bridge": "", "width": "", "tunnel": "", "access": "" }, "geometry": { "type": "LineString", "coordinates": [ [ 10.0105556, 53.5545853 ], [ 10.0100477, 53.5544247 ], [ 10.0097528, 53.5543315 ], [ 10.0096047, 53.5542807 ] ] } },
{ "type": "Feature", "properties": { "u": 296049113, "v": 14469675, "key": 0, "osmid": "3042243", "highway": "unclassified", "lanes": "", "maxspeed": "50", "name": "Bei der Hauptfeuerwache", "oneway": true, "ref": "", "reversed": "False", "length": 74.46094228592149, "bridge": "", "width": "", "tunnel": "", "access": "" }, "geometry": { "type": "LineString", "coordinates": [ [ 10.0242929, 53.555152 ], [ 10.0248434, 53.5552971 ], [ 10.0248982, 53.5553126 ], [ 10.0250102, 53.5553442 ], [ 10.0252277, 53.5554009 ], [ 10.0253281, 53.555414 ] ] } },
{ "type": "Feature", "properties": { "u": 296049113, "v": 14469672, "key": 0, "osmid": [ 365244737, 241578883, 1270418758, 776635595, 35576861 ], "highway": "unclassified", "lanes": [ "3", "2" ], "maxspeed": "50", "name": [ "Bei der Hauptfeuerwache", "Berliner Tor" ], "oneway": false, "ref": "", "reversed": [ false, true ], "length": 192.84284387966164, "bridge": "", "width": "", "tunnel": "", "access": "" }, "geometry": { "type": "LineString", "coordinates": [ [ 10.0242929, 53.555152 ], [ 10.0242015, 53.5551266 ], [ 10.0239044, 53.555049 ], [ 10.0235134, 53.5549468 ], [ 10.0234522, 53.554926 ], [ 10.0234165, 53.5549102 ], [ 10.0234088, 53.554905 ], [ 10.0234018, 53.554899 ], [ 10.0233932, 53.5548884 ], [ 10.0233906, 53.5548816 ], [ 10.0233894, 53.5548753 ], [ 10.02339, 53.5548678 ], [ 10.0233939, 53.5548601 ], [ 10.0239196, 53.5541692 ], [ 10.0240199, 53.5540389 ], [ 10.0242135, 53.5538715 ] ] } },
{ "type": "Feature", "properties": { "u": 296087509, "v": 296087518, "key": 0, "osmid": "27012553", "highway": "tertiary", "lanes": "1", "maxspeed": "50", "name": "Barcastraße", "oneway": true, "ref": "", "reversed": "False", "length": 30.262129752311104, "bridge": "", "width": "", "tunnel": "", "access": "" }, "geometry": { "type": "LineString", "coordinates": [ [ 10.0149534, 53.5606082 ], [ 10.0148859, 53.5605524 ], [ 10.0148314, 53.5604638 ], [ 10.014756, 53.5603643 ] ] } },
{ "type": "Feature", "properties": { "u": 296087509, "v": 9445940433, "key": 0, "osmid": [ 1462448032, 1462448033, 602009091 ], "highway": "tertiary", "lanes": [ "3", "2" ], "maxspeed": "50", "name": "Barcastraße", "oneway": false, "ref": "", "reversed": "True", "length": 153.07141231595963, "bridge": "", "width": "", "tunnel": "", "access": "" }, "geometry": { "type": "LineString", "coordinates": [ [ 10.0149534, 53.5606082 ], [ 10.0151, 53.5608753 ], [ 10.0151673, 53.5609893 ], [ 10.015223, 53.561076 ], [ 10.015277, 53.5611509 ], [ 10.0153624, 53.5612524 ], [ 10.0154477, 53.5613373 ], [ 10.0155299, 53.5614069 ], [ 10.0156255, 53.5614783 ], [ 10.0157689, 53.561575 ], [ 10.0161095, 53.5617731 ] ] } },
{ "type": "Feature", "properties": { "u": 296087516, "v": 296087525, "key": 0, "osmid": "27012557", "highway": "tertiary_link", "lanes": "1", "maxspeed": "", "name": "Lange Reihe", "oneway": true, "ref": "", "reversed": "False", "length": 17.80047116717429, "bridge": "", "width": "", "tunnel": "", "access": "" }, "geometry": { "type": "LineString", "coordinates": [ [ 10.0133864, 53.5590871 ], [ 10.0133898, 53.5590642 ], [ 10.013398, 53.559046 ], [ 10.0134068, 53.5590336 ], [ 10.0134182, 53.5590227 ], [ 10.0134416, 53.5590115 ], [ 10.0134742, 53.5590044 ], [ 10.0135094, 53.5590007 ], [ 10.0135637, 53.5590011 ] ] } },
{ "type": "Feature", "properties": { "u": 296087516, "v": 16382149, "key": 0, "osmid": "30504567", "highway": "tertiary", "lanes": "1", "maxspeed": "50", "name": "Lange Reihe", "oneway": true, "ref": "", "reversed": "False", "length": 24.534726744282569, "bridge": "", "width": "", "tunnel": "", "access": "" }, "geometry": { "type": "LineString", "coordinates": [ [ 10.0133864, 53.5590871 ], [ 10.0133618, 53.5590656 ], [ 10.0133213, 53.5590088 ], [ 10.0132392, 53.5588851 ] ] } },
{ "type": "Feature", "properties": { "u": 296087518, "v": 18128893, "key": 0, "osmid": "31009398", "highway": "unclassified", "lanes": "", "maxspeed": "", "name": "Lohmühlenstraße", "oneway": false, "ref": "", "reversed": "False", "length": 9.2238486947252643, "bridge": "", "width": "", "tunnel": "", "access": "" }, "geometry": { "type": "LineString", "coordinates": [ [ 10.014756, 53.5603643 ], [ 10.0148484, 53.5603021 ] ] } },
{ "type": "Feature", "properties": { "u": 296087518, "v": 296087516, "key": 0, "osmid": "30504567", "highway": "tertiary", "lanes": "1", "maxspeed": "50", "name": "Lange Reihe", "oneway": true, "ref": "", "reversed": "False", "length": 169.54429336344253, "bridge": "", "width": "", "tunnel": "", "access": "" }, "geometry": { "type": "LineString", "coordinates": [ [ 10.014756, 53.5603643 ], [ 10.0147271, 53.5603254 ], [ 10.0147008, 53.5602898 ], [ 10.0144622, 53.5599508 ], [ 10.0144459, 53.5599305 ], [ 10.0143069, 53.5597927 ], [ 10.0142022, 53.5597203 ], [ 10.0133864, 53.5590871 ] ] } },
{ "type": "Feature", "properties": { "u": 296087518, "v": 17209207, "key": 0, "osmid": [ 1459126484, 1344424709 ], "highway": "unclassified", "lanes": "2", "maxspeed": "50", "name": "Lohmühlenstraße", "oneway": false, "ref": "", "reversed": "True", "length": 37.196838603554092, "bridge": "", "width": "", "tunnel": "", "access": "" }, "geometry": { "type": "LineString", "coordinates": [ [ 10.014756, 53.5603643 ], [ 10.0146333, 53.5604259 ], [ 10.0143244, 53.5605792 ] ] } },
{ "type": "Feature", "properties": { "u": 296087525, "v": 16381642, "key": 0, "osmid": "27012562", "highway": "tertiary", "lanes": "1", "maxspeed": "50", "name": "Lange Reihe", "oneway": true, "ref": "", "reversed": "False", "length": 100.90129602712327, "bridge": "", "width": "", "tunnel": "", "access": "" }, "geometry": { "type": "LineString", "coordinates": [ [ 10.0135637, 53.5590011 ], [ 10.0137298, 53.5590883 ], [ 10.0144823, 53.559656 ], [ 10.0145246, 53.5597029 ] ] } },
{ "type": "Feature", "properties": { "u": 305286817, "v": 517871438, "key": 0, "osmid": [ 27805057, 572210306 ], "highway": "tertiary", "lanes": "1", "maxspeed": "50", "name": "Steintorplatz", "oneway": true, "ref": "", "reversed": "False", "length": 72.091176634440359, "bridge": "", "width": "", "tunnel": "", "access": "" }, "geometry": { "type": "LineString", "coordinates": [ [ 10.0099544, 53.5523168 ], [ 10.0097123, 53.5522926 ], [ 10.0092239, 53.5522425 ], [ 10.0090169, 53.5522243 ], [ 10.0088778, 53.5522109 ] ] } },
{ "type": "Feature", "properties": { "u": 305286817, "v": 552433250, "key": 0, "osmid": "39981138", "highway": "unclassified", "lanes": "", "maxspeed": "20", "name": "Steindamm", "oneway": false, "ref": "", "reversed": "False", "length": 8.2222732686721898, "bridge": "", "width": "", "tunnel": "", "access": "" }, "geometry": { "type": "LineString", "coordinates": [ [ 10.0099544, 53.5523168 ], [ 10.009945, 53.55228 ], [ 10.0099472, 53.5522433 ] ] } },
{ "type": "Feature", "properties": { "u": 305286818, "v": 305286882, "key": 0, "osmid": "39981129", "highway": "secondary", "lanes": "2", "maxspeed": "50", "name": "Adenauerallee", "oneway": true, "ref": "", "reversed": "False", "length": 13.277409803613796, "bridge": "", "width": "", "tunnel": "", "access": "" }, "geometry": { "type": "LineString", "coordinates": [ [ 10.0134545, 53.5525352 ], [ 10.0132542, 53.5525253 ] ] } },
{ "type": "Feature", "properties": { "u": 305286818, "v": 18128903, "key": 0, "osmid": [ 608612260, 147936519, 528961130, 253280379, 609180638 ], "highway": "secondary", "lanes": "2", "maxspeed": "50", "name": "Kreuzweg", "oneway": true, "ref": "", "reversed": "False", "length": 167.70765475519207, "bridge": "", "width": "", "tunnel": "", "access": "" }, "geometry": { "type": "LineString", "coordinates": [ [ 10.0134545, 53.5525352 ], [ 10.0134206, 53.5526808 ], [ 10.01334, 53.552965 ], [ 10.0132922, 53.5531321 ], [ 10.0132643, 53.5532321 ], [ 10.0132535, 53.5533174 ], [ 10.0132452, 53.5533649 ], [ 10.0132428, 53.5534409 ], [ 10.0132501, 53.5534997 ], [ 10.0132619, 53.5535604 ], [ 10.0132857, 53.5536432 ], [ 10.0133251, 53.5537286 ], [ 10.0133649, 53.5537986 ], [ 10.0134024, 53.5538496 ], [ 10.0134553, 53.5539082 ], [ 10.0134923, 53.553946 ], [ 10.0135476, 53.5539968 ] ] } },
{ "type": "Feature", "properties": { "u": 305286824, "v": 552433250, "key": 0, "osmid": [ 734130893, 42864070 ], "highway": "secondary", "lanes": "1", "maxspeed": "50", "name": "Adenauerallee", "oneway": true, "ref": "", "reversed": "False", "length": 119.26585610245669, "bridge": "", "width": "", "tunnel": "", "access": "no" }, "geometry": { "type": "LineString", "coordinates": [ [ 10.0117269, 53.5524181 ], [ 10.0114121, 53.5523705 ], [ 10.0108261, 53.5523171 ], [ 10.0103947, 53.5522778 ], [ 10.0103602, 53.5522746 ], [ 10.0102826, 53.5522676 ], [ 10.0099472, 53.5522433 ] ] } },
{ "type": "Feature", "properties": { "u": 305286824, "v": 305286817, "key": 0, "osmid": [ 53342521, 486851059, 43665655 ], "highway": "tertiary", "lanes": "2", "maxspeed": "50", "name": "Adenauerallee", "oneway": true, "ref": "", "reversed": "False", "length": 117.94957257477085, "bridge": "", "width": "", "tunnel": "", "access": "" }, "geometry": { "type": "LineString", "coordinates": [ [ 10.0117269, 53.5524181 ], [ 10.0114967, 53.5524179 ], [ 10.0113063, 53.5524211 ], [ 10.0112105, 53.5524196 ], [ 10.0110582, 53.5524131 ], [ 10.0108695, 53.5524044 ], [ 10.0105465, 53.5523759 ], [ 10.0103241, 53.5523562 ], [ 10.0102737, 53.5523518 ], [ 10.0099544, 53.5523168 ] ] } },
{ "type": "Feature", "properties": { "u": 305286836, "v": 26678253, "key": 0, "osmid": [ 147936476, 640963269, 640963271 ], "highway": "residential", "lanes": "", "maxspeed": "30", "name": "Adenauerallee", "oneway": true, "ref": "", "reversed": "False", "length": 126.21239730327882, "bridge": "", "width": "5.6", "tunnel": "", "access": "" }, "geometry": { "type": "LineString", "coordinates": [ [ 10.0177779, 53.5528896 ], [ 10.0176346, 53.5528803 ], [ 10.015925, 53.5527954 ], [ 10.0158743, 53.5527928 ] ] } },
{ "type": "Feature", "properties": { "u": 305286836, "v": 8596249384, "key": 0, "osmid": [ 1523990961, 41495586, 1523990958 ], "highway": "residential", "lanes": "", "maxspeed": "30", "name": "Böckmannstraße", "oneway": true, "ref": "", "reversed": "False", "length": 271.70145147957624, "bridge": "", "width": "", "tunnel": "", "access": "" }, "geometry": { "type": "LineString", "coordinates": [ [ 10.0177779, 53.5528896 ], [ 10.0174087, 53.5531906 ], [ 10.0173512, 53.5532366 ], [ 10.0165785, 53.5538651 ], [ 10.016067, 53.554281 ], [ 10.0159284, 53.554394 ], [ 10.0156305, 53.5546369 ], [ 10.0154734, 53.5547738 ], [ 10.0153549, 53.5548639 ] ] } },
{ "type": "Feature", "properties": { "u": 305286849, "v": 3692819581, "key": 0, "osmid": [ 60417891, 27805060, 60417897, 147936468, 528961147 ], "highway": "secondary", "lanes": [ "1", "3", "2" ], "maxspeed": "50", "name": "Berlinertordamm", "oneway": true, "ref": "", "reversed": "False", "length": 142.13077366317026, "bridge": "yes", "width": "", "tunnel": "", "access": "" }, "geometry": { "type": "LineString", "coordinates": [ [ 10.0265681, 53.5538048 ], [ 10.026249, 53.5537782 ], [ 10.0255126, 53.553703 ], [ 10.0249722, 53.5536459 ], [ 10.0247637, 53.5536317 ], [ 10.0247178, 53.5536285 ], [ 10.0244424, 53.5536096 ] ] } },
{ "type": "Feature", "properties": { "u": 305286849, "v": 13278530905, "key": 0, "osmid": [ 27805080, 1447240597 ], "highway": "residential", "lanes": "", "maxspeed": "30", "name": "Klaus-Groth-Straße", "oneway": false, "ref": "", "reversed": "False", "length": 12.711661973312061, "bridge": "", "width": "6.6", "tunnel": "", "access": "" }, "geometry": { "type": "LineString", "coordinates": [ [ 10.0265681, 53.5538048 ], [ 10.0265893, 53.5538733 ], [ 10.0266064, 53.5539168 ] ] } },
{ "type": "Feature", "properties": { "u": 305286851, "v": 305286849, "key": 0, "osmid": "27805059", "highway": "secondary", "lanes": "2", "maxspeed": "50", "name": "Borgfelder Straße", "oneway": true, "ref": "", "reversed": "False", "length": 63.299022150030069, "bridge": "", "width": "", "tunnel": "", "access": "" }, "geometry": { "type": "LineString", "coordinates": [ [ 10.0275223, 53.5538517 ], [ 10.026835, 53.5538283 ], [ 10.0265681, 53.5538048 ] ] } },
{ "type": "Feature", "properties": { "u": 305286851, "v": 7302014260, "key": 0, "osmid": "48657278", "highway": "secondary", "lanes": "4", "maxspeed": "50", "name": "Borgfelder Straße", "oneway": false, "ref": "", "reversed": "False", "length": 290.81484827863898, "bridge": "", "width": "", "tunnel": "", "access": "" }, "geometry": { "type": "LineString", "coordinates": [ [ 10.0275223, 53.5538517 ], [ 10.0280855, 53.5539357 ], [ 10.0285866, 53.5540201 ], [ 10.0290825, 53.5541109 ], [ 10.0295421, 53.5541953 ], [ 10.030874, 53.5544279 ], [ 10.0315426, 53.5545457 ], [ 10.0317523, 53.5545748 ] ] } },
{ "type": "Feature", "properties": { "u": 305286856, "v": 305286912, "key": 0, "osmid": [ 49618809, 27805063 ], "highway": "secondary", "lanes": [ "4", "3" ], "maxspeed": "50", "name": "Kurt-Schumacher-Allee", "oneway": true, "ref": "", "reversed": "False", "length": 42.867586282120868, "bridge": "", "width": "", "tunnel": "", "access": "" }, "geometry": { "type": "LineString", "coordinates": [ [ 10.0191875, 53.5527472 ], [ 10.018962, 53.5526935 ], [ 10.01892, 53.5526832 ], [ 10.0188543, 53.552668 ], [ 10.0185868, 53.5526014 ] ] } },
{ "type": "Feature", "properties": { "u": 305286856, "v": 26678250, "key": 0, "osmid": [ 1462406408, 41073071, 41073072, 42815535, 1324886579 ], "highway": "residential", "lanes": "2", "maxspeed": [ "30", "50" ], "name": "Lindenstraße", "oneway": false, "ref": "", "reversed": "True", "length": 120.56644394196371, "bridge": "", "width": "", "tunnel": "", "access": "" }, "geometry": { "type": "LineString", "coordinates": [ [ 10.0191875, 53.5527472 ], [ 10.0192117, 53.5528428 ], [ 10.0192191, 53.5529857 ], [ 10.0192178, 53.5530348 ], [ 10.0192107, 53.5531039 ], [ 10.019195, 53.5531639 ], [ 10.0191732, 53.5532098 ], [ 10.019137, 53.55326 ], [ 10.0191204, 53.5532775 ], [ 10.0190861, 53.5533134 ], [ 10.0189198, 53.5534488 ], [ 10.0187834, 53.5535543 ], [ 10.0185772, 53.553714 ] ] } },
{ "type": "Feature", "properties": { "u": 305286859, "v": 3722049722, "key": 0, "osmid": "3655719", "highway": "unclassified", "lanes": "1", "maxspeed": "50", "name": "Berliner Tor", "oneway": true, "ref": "", "reversed": "False", "length": 6.5676635596370829, "bridge": "", "width": "", "tunnel": "", "access": "" }, "geometry": { "type": "LineString", "coordinates": [ [ 10.0243027, 53.5535981 ], [ 10.024338, 53.5535723 ], [ 10.0243717, 53.553556 ] ] } },
{ "type": "Feature", "properties": { "u": 305286859, "v": 305286856, "key": 0, "osmid": [ 528961150, 528961148, 528961149, 27805062 ], "highway": "secondary", "lanes": [ "4", "3" ], "maxspeed": "50", "name": "Beim Strohhause", "oneway": true, "ref": "", "reversed": "False", "length": 351.69819616985797, "bridge": "", "width": "", "tunnel": "", "access": "" }, "geometry": { "type": "LineString", "coordinates": [ [ 10.0243027, 53.5535981 ], [ 10.0241391, 53.5535846 ], [ 10.023984, 53.5535718 ], [ 10.0235961, 53.5535289 ], [ 10.0234537, 53.5535082 ], [ 10.0218514, 53.5532751 ], [ 10.0217165, 53.5532529 ], [ 10.0216189, 53.5532371 ], [ 10.0211768, 53.5531653 ], [ 10.0209681, 53.5531342 ], [ 10.020383, 53.5530228 ], [ 10.0194398, 53.5528093 ], [ 10.0193796, 53.5527941 ], [ 10.0191875, 53.5527472 ] ] } },
{ "type": "Feature", "properties": { "u": 305286861, "v": 11206074, "key": 0, "osmid": "531387877", "highway": "secondary", "lanes": "3", "maxspeed": "50", "name": "Nagelsweg", "oneway": true, "ref": "", "reversed": "False", "length": 13.401843903302046, "bridge": "", "width": "", "tunnel": "", "access": "" }, "geometry": { "type": "LineString", "coordinates": [ [ 10.0158495, 53.5519721 ], [ 10.0158346, 53.5518519 ] ] } },
{ "type": "Feature", "properties": { "u": 305286861, "v": 305286870, "key": 0, "osmid": "429244717", "highway": "secondary", "lanes": "2", "maxspeed": "50", "name": "Kurt-Schumacher-Allee", "oneway": true, "ref": "", "reversed": "False", "length": 164.61364947971643, "bridge": "", "width": "", "tunnel": "", "access": "" }, "geometry": { "type": "LineString", "coordinates": [ [ 10.0158495, 53.5519721 ], [ 10.0155737, 53.5519178 ], [ 10.0154167, 53.5518841 ], [ 10.0149675, 53.5518076 ], [ 10.0137673, 53.5515969 ], [ 10.0136379, 53.5515733 ], [ 10.0134649, 53.5515433 ] ] } },
{ "type": "Feature", "properties": { "u": 305286870, "v": 22120197, "key": 0, "osmid": [ 143586323, 528961132 ], "highway": "secondary", "lanes": [ "3", "2" ], "maxspeed": "50", "name": "Kreuzweg", "oneway": true, "ref": "", "reversed": "False", "length": 97.147921462633235, "bridge": "", "width": "", "tunnel": "", "access": "" }, "geometry": { "type": "LineString", "coordinates": [ [ 10.0134649, 53.5515433 ], [ 10.0135268, 53.5516032 ], [ 10.0135633, 53.5516634 ], [ 10.013587, 53.5517199 ], [ 10.0136036, 53.5517701 ], [ 10.0136098, 53.5518255 ], [ 10.0136062, 53.5518761 ], [ 10.0135946, 53.551928 ], [ 10.0135245, 53.5522313 ], [ 10.0135126, 53.5522829 ], [ 10.0134866, 53.5523951 ] ] } },
{ "type": "Feature", "properties": { "u": 305286870, "v": 305286887, "key": 0, "osmid": "1135854783", "highway": "secondary", "lanes": "2", "maxspeed": "30", "name": "Kurt-Schumacher-Allee", "oneway": true, "ref": "", "reversed": "False", "length": 77.293482097206038, "bridge": "", "width": "", "tunnel": "", "access": "" }, "geometry": { "type": "LineString", "coordinates": [ [ 10.0134649, 53.5515433 ], [ 10.0129639, 53.5514586 ], [ 10.0127824, 53.5514265 ], [ 10.0125514, 53.5513836 ], [ 10.0123458, 53.551341 ] ] } },
{ "type": "Feature", "properties": { "u": 305286879, "v": 22120197, "key": 0, "osmid": "187735759", "highway": "secondary", "lanes": "4", "maxspeed": "50", "name": "Adenauerallee", "oneway": true, "ref": "", "reversed": "False", "length": 14.425578282990672, "bridge": "", "width": "", "tunnel": "", "access": "" }, "geometry": { "type": "LineString", "coordinates": [ [ 10.013269, 53.5523842 ], [ 10.0134866, 53.5523951 ] ] } },
{ "type": "Feature", "properties": { "u": 305286879, "v": 305286887, "key": 0, "osmid": "187735761", "highway": "secondary", "lanes": "2", "maxspeed": "50", "name": "Kreuzweg", "oneway": true, "ref": "", "reversed": "False", "length": 141.55554159225301, "bridge": "", "width": "", "tunnel": "", "access": "" }, "geometry": { "type": "LineString", "coordinates": [ [ 10.013269, 53.5523842 ], [ 10.0132818, 53.5522717 ], [ 10.0132955, 53.5521478 ], [ 10.0132969, 53.5520858 ], [ 10.0132837, 53.5520161 ], [ 10.0132657, 53.5519611 ], [ 10.013233, 53.5518961 ], [ 10.0131959, 53.5518367 ], [ 10.0131546, 53.5517903 ], [ 10.0130984, 53.5517368 ], [ 10.0130243, 53.5516749 ], [ 10.0129261, 53.5516117 ], [ 10.0128255, 53.5515539 ], [ 10.0127493, 53.5515176 ], [ 10.0126966, 53.5514907 ], [ 10.0126594, 53.5514721 ], [ 10.0126152, 53.5514522 ], [ 10.012523, 53.5514116 ], [ 10.0123458, 53.551341 ] ] } },
{ "type": "Feature", "properties": { "u": 305286882, "v": 305286879, "key": 0, "osmid": "39981130", "highway": "secondary", "lanes": "3", "maxspeed": "50", "name": "Kreuzweg", "oneway": true, "ref": "", "reversed": "False", "length": 15.720058316887076, "bridge": "", "width": "", "tunnel": "", "access": "" }, "geometry": { "type": "LineString", "coordinates": [ [ 10.0132542, 53.5525253 ], [ 10.013269, 53.5523842 ] ] } },
{ "type": "Feature", "properties": { "u": 305286882, "v": 305286824, "key": 0, "osmid": [ 39981128, 53342519 ], "highway": "secondary", "lanes": "2", "maxspeed": "50", "name": "Adenauerallee", "oneway": true, "ref": "", "reversed": "False", "length": 101.87129733703622, "bridge": "", "width": "", "tunnel": "", "access": "" }, "geometry": { "type": "LineString", "coordinates": [ [ 10.0132542, 53.5525253 ], [ 10.0130318, 53.5525142 ], [ 10.0129417, 53.5525097 ], [ 10.0128532, 53.5525067 ], [ 10.0128016, 53.5525035 ], [ 10.0127392, 53.5524961 ], [ 10.0126876, 53.552488 ], [ 10.0126246, 53.5524764 ], [ 10.0125562, 53.5524645 ], [ 10.0125079, 53.5524577 ], [ 10.0124557, 53.5524524 ], [ 10.0123999, 53.5524481 ], [ 10.0123443, 53.5524458 ], [ 10.0121751, 53.5524377 ], [ 10.0117269, 53.5524181 ] ] } },
{ "type": "Feature", "properties": { "u": 305286887, "v": 5258212049, "key": 0, "osmid": [ 32959523, 1135854788, 1135854789, 1135854787, 181363180 ], "highway": "secondary", "lanes": [ "3", "2" ], "maxspeed": [ "30", "50" ], "name": [ "Altmannbrücke", "Kurt-Schumacher-Allee" ], "oneway": true, "ref": "", "reversed": "False", "length": 390.45088026711409, "bridge": "yes", "width": "", "tunnel": "", "access": "" }, "geometry": { "type": "LineString", "coordinates": [ [ 10.0123458, 53.551341 ], [ 10.0121981, 53.5513081 ], [ 10.0120868, 53.5512817 ], [ 10.0119433, 53.5512451 ], [ 10.0118253, 53.551218 ], [ 10.0117193, 53.5511941 ], [ 10.0116094, 53.5511734 ], [ 10.0114927, 53.5511512 ], [ 10.011093, 53.5510801 ], [ 10.0109187, 53.5510483 ], [ 10.0105619, 53.5509865 ], [ 10.0104848, 53.5509741 ], [ 10.0102665, 53.5509397 ], [ 10.010175, 53.5509252 ], [ 10.0099043, 53.5508765 ], [ 10.0096768, 53.5508343 ], [ 10.0094676, 53.5507955 ], [ 10.0091082, 53.5507291 ], [ 10.0090301, 53.5507146 ], [ 10.0089403, 53.5506979 ], [ 10.0084027, 53.5505978 ], [ 10.0080933, 53.5505399 ], [ 10.0075412, 53.5504366 ], [ 10.006833, 53.5503097 ], [ 10.0067604, 53.5502978 ], [ 10.0067096, 53.5502888 ] ] } },
{ "type": "Feature", "properties": { "u": 305286890, "v": 305286818, "key": 0, "osmid": [ 528961137, 640963275 ], "highway": "secondary", "lanes": "2", "maxspeed": "50", "name": "Adenauerallee", "oneway": true, "ref": "", "reversed": "False", "length": 46.564891732912841, "bridge": "", "width": "", "tunnel": "", "access": "" }, "geometry": { "type": "LineString", "coordinates": [ [ 10.0141569, 53.5525704 ], [ 10.013711, 53.552548 ], [ 10.0137067, 53.5525478 ], [ 10.0136631, 53.5525456 ], [ 10.0134545, 53.5525352 ] ] } },
{ "type": "Feature", "properties": { "u": 305286906, "v": 305286836, "key": 0, "osmid": "27805067", "highway": "residential", "lanes": "", "maxspeed": "30", "name": "Adenauerallee", "oneway": true, "ref": "", "reversed": "False", "length": 19.147616292404678, "bridge": "", "width": "5.5", "tunnel": "", "access": "" }, "geometry": { "type": "LineString", "coordinates": [ [ 10.0179188, 53.5527418 ], [ 10.0179099, 53.5527716 ], [ 10.017895, 53.5527903 ], [ 10.0177779, 53.5528896 ] ] } },
{ "type": "Feature", "properties": { "u": 305286906, "v": 305286890, "key": 0, "osmid": [ 528961152, 486851057, 528961153, 640963273 ], "highway": "secondary", "lanes": "2", "maxspeed": "50", "name": "Adenauerallee", "oneway": true, "ref": "", "reversed": "False", "length": 249.45735849315409, "bridge": "", "width": "", "tunnel": "", "access": "" }, "geometry": { "type": "LineString", "coordinates": [ [ 10.0179188, 53.5527418 ], [ 10.0178577, 53.5527496 ], [ 10.0177908, 53.5527507 ], [ 10.0176765, 53.5527477 ], [ 10.0171387, 53.5527182 ], [ 10.0164594, 53.5526828 ], [ 10.0159062, 53.5526561 ], [ 10.0157321, 53.5526507 ], [ 10.0156526, 53.5526489 ], [ 10.0151729, 53.5526237 ], [ 10.0141569, 53.5525704 ] ] } },
{ "type": "Feature", "properties": { "u": 305286912, "v": 305286906, "key": 0, "osmid": [ 640963262, 27805070 ], "highway": "secondary", "lanes": "1", "maxspeed": "50", "name": "Adenauerallee", "oneway": true, "ref": "", "reversed": "False", "length": 52.076300073607051, "bridge": "", "width": "", "tunnel": "", "access": "" }, "geometry": { "type": "LineString", "coordinates": [ [ 10.0185868, 53.5526014 ], [ 10.0184932, 53.5525908 ], [ 10.0184208, 53.5525828 ], [ 10.0183214, 53.5525751 ], [ 10.0182524, 53.5525771 ], [ 10.0182016, 53.5525828 ], [ 10.0181601, 53.5525955 ], [ 10.0181285, 53.5526107 ], [ 10.0180185, 53.5526995 ], [ 10.0179984, 53.5527151 ], [ 10.0179564, 53.5527337 ], [ 10.0179188, 53.5527418 ] ] } },
{ "type": "Feature", "properties": { "u": 305286912, "v": 305286861, "key": 0, "osmid": [ 429244752, 528961131, 40273580, 429244741 ], "highway": "secondary", "lanes": [ "4", "3" ], "maxspeed": "50", "name": "Kurt-Schumacher-Allee", "oneway": true, "ref": "", "reversed": "False", "length": 194.42347196073865, "bridge": "", "width": "", "tunnel": "", "access": "" }, "geometry": { "type": "LineString", "coordinates": [ [ 10.0185868, 53.5526014 ], [ 10.0182206, 53.5524933 ], [ 10.0180203, 53.5524364 ], [ 10.0178042, 53.5523739 ], [ 10.0176414, 53.5523264 ], [ 10.0173956, 53.5522625 ], [ 10.0171629, 53.5522085 ], [ 10.016161, 53.5520274 ], [ 10.0158495, 53.5519721 ] ] } },
{ "type": "Feature", "properties": { "u": 305286921, "v": 305286856, "key": 0, "osmid": "143586297", "highway": "tertiary", "lanes": "2", "maxspeed": "50", "name": "", "oneway": true, "ref": "", "reversed": "False", "length": 14.476171940159306, "bridge": "", "width": "", "tunnel": "", "access": "" }, "geometry": { "type": "LineString", "coordinates": [ [ 10.0191475, 53.5526192 ], [ 10.0191875, 53.5527472 ] ] } },
{ "type": "Feature", "properties": { "u": 305286921, "v": 257690317, "key": 0, "osmid": [ 143586244, 147936456, 147936459, 528961139, 528961140, 528961143, 143586237 ], "highway": "secondary", "lanes": [ "3", "2" ], "maxspeed": "50", "name": "Beim Strohhause", "oneway": true, "ref": "", "reversed": "False", "length": 306.0857402308223, "bridge": "", "width": "", "tunnel": "", "access": "" }, "geometry": { "type": "LineString", "coordinates": [ [ 10.0191475, 53.5526192 ], [ 10.0193717, 53.5526837 ], [ 10.0195208, 53.5527251 ], [ 10.0197653, 53.5527879 ], [ 10.0205435, 53.5529463 ], [ 10.0209021, 53.5530056 ], [ 10.0209941, 53.5530208 ], [ 10.0211192, 53.5530393 ], [ 10.0220793, 53.5531741 ], [ 10.0232588, 53.5533462 ], [ 10.0234674, 53.5533726 ], [ 10.0235846, 53.5533875 ] ] } },
{ "type": "Feature", "properties": { "u": 319060332, "v": 518362052, "key": 0, "osmid": "41892644", "highway": "tertiary", "lanes": "2", "maxspeed": "50", "name": "Lange Reihe", "oneway": true, "ref": "", "reversed": "False", "length": 54.748408636213085, "bridge": "", "width": "", "tunnel": "", "access": "" }, "geometry": { "type": "LineString", "coordinates": [ [ 10.008702, 53.5555794 ], [ 10.0086498, 53.5555771 ], [ 10.0086123, 53.5555723 ], [ 10.0085745, 53.5555636 ], [ 10.0081618, 53.5554679 ], [ 10.0080374, 53.5554306 ], [ 10.0079418, 53.5553924 ] ] } },
{ "type": "Feature", "properties": { "u": 319060332, "v": 16808415, "key": 0, "osmid": "1512838904", "highway": "tertiary", "lanes": "3", "maxspeed": "50", "name": "Lange Reihe", "oneway": false, "ref": "", "reversed": "False", "length": 7.3435230020934963, "bridge": "", "width": "", "tunnel": "", "access": "" }, "geometry": { "type": "LineString", "coordinates": [ [ 10.008702, 53.5555794 ], [ 10.0087628, 53.5556001 ], [ 10.0087981, 53.5556126 ] ] } },
{ "type": "Feature", "properties": { "u": 330823783, "v": 18699706, "key": 0, "osmid": "3757059", "highway": "residential", "lanes": "1", "maxspeed": "30", "name": "Ackermannstraße", "oneway": true, "ref": "", "reversed": "False", "length": 195.62917633766671, "bridge": "", "width": "", "tunnel": "", "access": "" }, "geometry": { "type": "LineString", "coordinates": [ [ 10.0180757, 53.5627815 ], [ 10.0180771, 53.5627375 ], [ 10.0180917, 53.5626843 ], [ 10.0184495, 53.5620011 ], [ 10.018948, 53.5611027 ] ] } },
{ "type": "Feature", "properties": { "u": 330823783, "v": 1973911688, "key": 0, "osmid": "186624442", "highway": "residential", "lanes": "1", "maxspeed": "50", "name": "Graumannsweg", "oneway": true, "ref": "", "reversed": "False", "length": 18.508482968978285, "bridge": "", "width": "", "tunnel": "", "access": "" }, "geometry": { "type": "LineString", "coordinates": [ [ 10.0180757, 53.5627815 ], [ 10.0180074, 53.5628096 ], [ 10.0179484, 53.5628077 ], [ 10.017811, 53.5627996 ] ] } },
{ "type": "Feature", "properties": { "u": 371195935, "v": 9592363211, "key": 0, "osmid": "51256362", "highway": "secondary", "lanes": "2", "maxspeed": "50", "name": "Klosterwall", "oneway": true, "ref": "Ring 1", "reversed": "False", "length": 12.282652252350355, "bridge": "", "width": "", "tunnel": "", "access": "" }, "geometry": { "type": "LineString", "coordinates": [ [ 10.0065696, 53.5501284 ], [ 10.0065439, 53.5502378 ] ] } },
{ "type": "Feature", "properties": { "u": 371195935, "v": 10588207462, "key": 0, "osmid": [ 1411015591, 32959524, 1135854782, 188376935 ], "highway": "secondary", "lanes": "2", "maxspeed": [ "30", "50" ], "name": "Altmannbrücke", "oneway": true, "ref": "", "reversed": "False", "length": 136.81605810717906, "bridge": "yes", "width": "", "tunnel": "", "access": "" }, "geometry": { "type": "LineString", "coordinates": [ [ 10.0065696, 53.5501284 ], [ 10.0067473, 53.5501616 ], [ 10.006796, 53.5501701 ], [ 10.0076352, 53.5503615 ], [ 10.0081619, 53.5504601 ], [ 10.0085283, 53.550526 ] ] } },
{ "type": "Feature", "properties": { "u": 500829364, "v": 8596109026, "key": 0, "osmid": "41073069", "highway": "residential", "lanes": "", "maxspeed": "30", "name": "Lindenstraße", "oneway": false, "ref": "", "reversed": "True", "length": 121.11100948161989, "bridge": "", "width": "", "tunnel": "", "access": "" }, "geometry": { "type": "LineString", "coordinates": [ [ 10.0176028, 53.5545099 ], [ 10.0174575, 53.5546301 ], [ 10.0171799, 53.5548597 ], [ 10.0170963, 53.5549289 ], [ 10.0166734, 53.5552786 ], [ 10.0166291, 53.5553145 ], [ 10.0165315, 53.5553938 ] ] } },
{ "type": "Feature", "properties": { "u": 500829364, "v": 26678250, "key": 0, "osmid": [ 1324886731, 1324886732, 41073071 ], "highway": "residential", "lanes": "", "maxspeed": "30", "name": "Lindenstraße", "oneway": false, "ref": "", "reversed": "False", "length": 109.43594433089213, "bridge": "", "width": "", "tunnel": "", "access": "" }, "geometry": { "type": "LineString", "coordinates": [ [ 10.0176028, 53.5545099 ], [ 10.0176798, 53.5544486 ], [ 10.0177274, 53.5544099 ], [ 10.0185068, 53.5537753 ], [ 10.0185772, 53.553714 ] ] } },
{ "type": "Feature", "properties": { "u": 510173229, "v": 17209203, "key": 0, "osmid": "26622832", "highway": "residential", "lanes": "1", "maxspeed": "30", "name": "Schmilinskystraße", "oneway": true, "ref": "", "reversed": "False", "length": 7.6846325857300668, "bridge": "", "width": "", "tunnel": "", "access": "" }, "geometry": { "type": "LineString", "coordinates": [ [ 10.0121779, 53.5593207 ], [ 10.0122857, 53.5592947 ] ] } },
{ "type": "Feature", "properties": { "u": 517642318, "v": 518362046, "key": 0, "osmid": [ 41892642, 1116565956 ], "highway": "tertiary", "lanes": [ "1", "2" ], "maxspeed": "50", "name": "Kirchenallee", "oneway": true, "ref": "", "reversed": "False", "length": 25.180440174657299, "bridge": "", "width": "3.5", "tunnel": "", "access": "" }, "geometry": { "type": "LineString", "coordinates": [ [ 10.0080984, 53.5549089 ], [ 10.0080976, 53.5549566 ], [ 10.0080975, 53.5549721 ], [ 10.0080954, 53.5549873 ], [ 10.008092, 53.5550052 ], [ 10.0080539, 53.5551332 ] ] } },
{ "type": "Feature", "properties": { "u": 517642318, "v": 16808413, "key": 0, "osmid": "43028932", "highway": "tertiary", "lanes": "1", "maxspeed": "50", "name": "Kirchenallee", "oneway": true, "ref": "", "reversed": "False", "length": 16.237645349229872, "bridge": "", "width": "5.3", "tunnel": "", "access": "" }, "geometry": { "type": "LineString", "coordinates": [ [ 10.0080984, 53.5549089 ], [ 10.008073, 53.5549383 ], [ 10.0080495, 53.5549588 ], [ 10.0080211, 53.5549737 ], [ 10.0079942, 53.5549825 ], [ 10.0079614, 53.5549886 ], [ 10.007916, 53.5549901 ] ] } },
{ "type": "Feature", "properties": { "u": 517642321, "v": 1508604393, "key": 0, "osmid": [ 137538323, 137538324 ], "highway": "residential", "lanes": "1", "maxspeed": [ "30", "50" ], "name": [ "Steintorplatz", "Steintorweg" ], "oneway": true, "ref": "", "reversed": "False", "length": 163.22254925846039, "bridge": "", "width": "", "tunnel": "", "access": "" }, "geometry": { "type": "LineString", "coordinates": [ [ 10.0088035, 53.5525046 ], [ 10.0091845, 53.5525398 ], [ 10.009408, 53.5525638 ], [ 10.0094411, 53.5525726 ], [ 10.0094618, 53.5525896 ], [ 10.0094878, 53.5526764 ], [ 10.0097667, 53.5536354 ] ] } },
{ "type": "Feature", "properties": { "u": 517642321, "v": 9989047036, "key": 0, "osmid": [ 1163932696, 572210297, 572210290, 41862251 ], "highway": "tertiary", "lanes": [ "1", "3", "2" ], "maxspeed": "50", "name": "Kirchenallee", "oneway": true, "ref": "", "reversed": "False", "length": 111.9183588003483, "bridge": "", "width": "", "tunnel": "", "access": "" }, "geometry": { "type": "LineString", "coordinates": [ [ 10.0088035, 53.5525046 ], [ 10.0087868, 53.5525724 ], [ 10.008776, 53.5526098 ], [ 10.0086356, 53.5531102 ], [ 10.0085329, 53.5534212 ], [ 10.0085112, 53.5534959 ] ] } },
{ "type": "Feature", "properties": { "u": 517871424, "v": 1677782598, "key": 0, "osmid": [ 1462364536, 41862250, 561587867, 41871543 ], "highway": "tertiary", "lanes": "2", "maxspeed": "50", "name": "Kirchenallee", "oneway": true, "ref": "", "reversed": "False", "length": 166.55079286550364, "bridge": "", "width": "", "tunnel": "", "access": "" }, "geometry": { "type": "LineString", "coordinates": [ [ 10.0083458, 53.5536205 ], [ 10.0085154, 53.5530331 ], [ 10.0086332, 53.5526399 ], [ 10.008646, 53.5525963 ], [ 10.0086804, 53.5524771 ], [ 10.0087206, 53.5523425 ], [ 10.0087331, 53.5522981 ], [ 10.0087556, 53.5522269 ], [ 10.0087746, 53.5521674 ], [ 10.0087829, 53.5521454 ] ] } },
{ "type": "Feature", "properties": { "u": 517871429, "v": 1508604416, "key": 0, "osmid": "137538319", "highway": "residential", "lanes": "", "maxspeed": "30", "name": "Ellmenreichstraße", "oneway": false, "ref": "", "reversed": "False", "length": 86.245682027147637, "bridge": "", "width": "", "tunnel": "", "access": "" }, "geometry": { "type": "LineString", "coordinates": [ [ 10.0083234, 53.5541318 ], [ 10.0085055, 53.5541507 ], [ 10.0093619, 53.554252 ], [ 10.0096047, 53.5542807 ] ] } },
{ "type": "Feature", "properties": { "u": 517871429, "v": 517642318, "key": 0, "osmid": [ 1116565957, 572210293 ], "highway": "tertiary", "lanes": "2", "maxspeed": "50", "name": "Kirchenallee", "oneway": true, "ref": "", "reversed": "False", "length": 87.678752111997113, "bridge": "", "width": "", "tunnel": "", "access": "" }, "geometry": { "type": "LineString", "coordinates": [ [ 10.0083234, 53.5541318 ], [ 10.0082708, 53.5543168 ], [ 10.0082478, 53.5543958 ], [ 10.008109, 53.5548734 ], [ 10.0080984, 53.5549089 ] ] } },
{ "type": "Feature", "properties": { "u": 517871438, "v": 517642321, "key": 0, "osmid": "572210297", "highway": "tertiary", "lanes": "1", "maxspeed": "50", "name": "Kirchenallee", "oneway": true, "ref": "", "reversed": "False", "length": 33.035171607528788, "bridge": "", "width": "", "tunnel": "", "access": "" }, "geometry": { "type": "LineString", "coordinates": [ [ 10.0088778, 53.5522109 ], [ 10.0088698, 53.5522505 ], [ 10.0088562, 53.5523173 ], [ 10.0088487, 53.5523507 ], [ 10.0088035, 53.5525046 ] ] } },
{ "type": "Feature", "properties": { "u": 518362046, "v": 518362048, "key": 0, "osmid": "116391619", "highway": "tertiary", "lanes": "2", "maxspeed": "50", "name": "Kirchenallee", "oneway": true, "ref": "", "reversed": "False", "length": 13.013229364742532, "bridge": "", "width": "", "tunnel": "", "access": "" }, "geometry": { "type": "LineString", "coordinates": [ [ 10.0080539, 53.5551332 ], [ 10.0080311, 53.5552131 ], [ 10.0080268, 53.555249 ] ] } },
{ "type": "Feature", "properties": { "u": 518362048, "v": 518362052, "key": 0, "osmid": "155371974", "highway": "residential", "lanes": "1", "maxspeed": "50", "name": "Kirchenallee", "oneway": true, "ref": "", "reversed": "False", "length": 16.905016796934575, "bridge": "", "width": "13", "tunnel": "", "access": "" }, "geometry": { "type": "LineString", "coordinates": [ [ 10.0080268, 53.555249 ], [ 10.0079418, 53.5553924 ] ] } },
{ "type": "Feature", "properties": { "u": 518362048, "v": 319060332, "key": 0, "osmid": "41892645", "highway": "tertiary", "lanes": "1", "maxspeed": "50", "name": "Lange Reihe", "oneway": true, "ref": "", "reversed": "False", "length": 60.849766248692582, "bridge": "", "width": "4.6", "tunnel": "", "access": "" }, "geometry": { "type": "LineString", "coordinates": [ [ 10.0080268, 53.555249 ], [ 10.008035, 53.5552786 ], [ 10.0080441, 53.5552984 ], [ 10.0080607, 53.5553229 ], [ 10.0080865, 53.555349 ], [ 10.0081252, 53.5553726 ], [ 10.0081681, 53.5553926 ], [ 10.0082223, 53.5554124 ], [ 10.0086054, 53.5555195 ], [ 10.0086458, 53.555533 ], [ 10.0086699, 53.5555458 ], [ 10.008702, 53.5555794 ] ] } },
{ "type": "Feature", "properties": { "u": 518362052, "v": 258109340, "key": 0, "osmid": "24410116", "highway": "residential", "lanes": "", "maxspeed": "50", "name": "Kirchenallee", "oneway": false, "ref": "", "reversed": "True", "length": 46.565562849541472, "bridge": "", "width": "5.6", "tunnel": "", "access": "" }, "geometry": { "type": "LineString", "coordinates": [ [ 10.0079418, 53.5553924 ], [ 10.0078903, 53.555478 ], [ 10.0078274, 53.5556575 ], [ 10.0077779, 53.555799 ] ] } },
{ "type": "Feature", "properties": { "u": 518362052, "v": 16808413, "key": 0, "osmid": [ 1116565958, 41892646 ], "highway": "tertiary", "lanes": "3", "maxspeed": "50", "name": "Kirchenallee", "oneway": true, "ref": "", "reversed": "False", "length": 47.744138782035314, "bridge": "", "width": "", "tunnel": "", "access": "" }, "geometry": { "type": "LineString", "coordinates": [ [ 10.0079418, 53.5553924 ], [ 10.0078822, 53.5553542 ], [ 10.0078471, 53.5553188 ], [ 10.0078299, 53.5552797 ], [ 10.007829, 53.5552203 ], [ 10.0078443, 53.5551497 ], [ 10.0078589, 53.5551133 ], [ 10.0078772, 53.5550723 ], [ 10.007916, 53.5549901 ] ] } },
{ "type": "Feature", "properties": { "u": 552433250, "v": 119093863, "key": 0, "osmid": "43665654", "highway": "unclassified", "lanes": "", "maxspeed": "20", "name": "Steindamm", "oneway": false, "ref": "", "reversed": "False", "length": 6.714256351506366, "bridge": "", "width": "", "tunnel": "", "access": "" }, "geometry": { "type": "LineString", "coordinates": [ [ 10.0099472, 53.5522433 ], [ 10.0099551, 53.5521831 ] ] } },
{ "type": "Feature", "properties": { "u": 552433250, "v": 305286817, "key": 0, "osmid": "39981138", "highway": "unclassified", "lanes": "", "maxspeed": "20", "name": "Steindamm", "oneway": false, "ref": "", "reversed": "True", "length": 8.2222732686721898, "bridge": "", "width": "", "tunnel": "", "access": "" }, "geometry": { "type": "LineString", "coordinates": [ [ 10.0099472, 53.5522433 ], [ 10.009945, 53.55228 ], [ 10.0099544, 53.5523168 ] ] } },
{ "type": "Feature", "properties": { "u": 552433250, "v": 1677782599, "key": 0, "osmid": "43665995", "highway": "secondary", "lanes": "1", "maxspeed": "50", "name": "Steintorplatz", "oneway": true, "ref": "", "reversed": "False", "length": 71.122882268615641, "bridge": "", "width": "", "tunnel": "", "access": "no" }, "geometry": { "type": "LineString", "coordinates": [ [ 10.0099472, 53.5522433 ], [ 10.0095802, 53.5522184 ], [ 10.0088813, 53.552154 ] ] } },
{ "type": "Feature", "properties": { "u": 570105751, "v": 26729017, "key": 0, "osmid": [ 30997312, 44964353, 190417252, 178211909, 178211911, 190417258, 190417264, 458542846 ], "highway": "primary", "lanes": [ "5", "3", "4" ], "maxspeed": "50", "name": "Bürgerweide", "oneway": true, "ref": "B 75", "reversed": "False", "length": 348.39878946614891, "bridge": "", "width": "", "tunnel": "", "access": "" }, "geometry": { "type": "LineString", "coordinates": [ [ 10.0258212, 53.5522838 ], [ 10.0258168, 53.5523098 ], [ 10.0258022, 53.5524356 ], [ 10.0257919, 53.5527095 ], [ 10.0257905, 53.5527471 ], [ 10.0257881, 53.5527793 ], [ 10.0259137, 53.5532175 ], [ 10.025941, 53.5533044 ], [ 10.0260288, 53.5535469 ], [ 10.0261368, 53.5538648 ], [ 10.0263944, 53.5545619 ], [ 10.0264112, 53.5546075 ], [ 10.026571, 53.5549947 ], [ 10.0266468, 53.5551657 ], [ 10.0267448, 53.5553529 ] ] } },
{ "type": "Feature", "properties": { "u": 570105753, "v": 570105755, "key": 0, "osmid": "44964339", "highway": "primary_link", "lanes": "2", "maxspeed": "50", "name": "Spaldingstraße", "oneway": true, "ref": "", "reversed": "False", "length": 76.375138259039332, "bridge": "", "width": "", "tunnel": "", "access": "" }, "geometry": { "type": "LineString", "coordinates": [ [ 10.0255363, 53.5522592 ], [ 10.0253171, 53.5519058 ], [ 10.0252943, 53.5518731 ], [ 10.0251739, 53.551721 ], [ 10.0251458, 53.5516984 ], [ 10.0251116, 53.5516769 ], [ 10.0250461, 53.551647 ] ] } },
{ "type": "Feature", "properties": { "u": 570105753, "v": 8083272, "key": 0, "osmid": [ 44964354, 309532460 ], "highway": "primary", "lanes": [ "4", "3" ], "maxspeed": "50", "name": "Bürgerweide", "oneway": true, "ref": "B 75", "reversed": "False", "length": 49.764670623514462, "bridge": "", "width": "", "tunnel": "", "access": "" }, "geometry": { "type": "LineString", "coordinates": [ [ 10.0255363, 53.5522592 ], [ 10.0256021, 53.5519796 ], [ 10.0256149, 53.551925 ], [ 10.0256509, 53.551817 ] ] } },
{ "type": "Feature", "properties": { "u": 570105755, "v": 33324489, "key": 0, "osmid": [ 458320756, 44964346, 707218964, 45892527 ], "highway": "primary", "lanes": [ "4", "3" ], "maxspeed": "50", "name": "Spaldingstraße", "oneway": true, "ref": "", "reversed": "False", "length": 311.24329994280504, "bridge": "", "width": "", "tunnel": "", "access": "" }, "geometry": { "type": "LineString", "coordinates": [ [ 10.0250461, 53.551647 ], [ 10.0248017, 53.5515787 ], [ 10.0246358, 53.5515337 ], [ 10.0244158, 53.5514741 ], [ 10.0240528, 53.551374 ], [ 10.0239217, 53.5513379 ], [ 10.0233713, 53.5511818 ], [ 10.0228257, 53.5510294 ], [ 10.0227946, 53.5510209 ], [ 10.0224893, 53.5509355 ], [ 10.0222548, 53.5508684 ], [ 10.0220329, 53.550808 ], [ 10.0217324, 53.5507229 ], [ 10.0212653, 53.5505896 ], [ 10.0210161, 53.5505195 ], [ 10.0209741, 53.5505077 ], [ 10.020784, 53.5504542 ] ] } },
{ "type": "Feature", "properties": { "u": 570105756, "v": 26729007, "key": 0, "osmid": "143586226", "highway": "primary", "lanes": "5", "maxspeed": "50", "name": "Anckelmannsplatz", "oneway": true, "ref": "B 75", "reversed": "False", "length": 24.29619727759335, "bridge": "", "width": "", "tunnel": "", "access": "" }, "geometry": { "type": "LineString", "coordinates": [ [ 10.026279, 53.5517389 ], [ 10.0262307, 53.5517767 ], [ 10.0260653, 53.5519167 ] ] } },
{ "type": "Feature", "properties": { "u": 570105760, "v": 570105751, "key": 0, "osmid": [ 44964338, 1451139996 ], "highway": "primary_link", "lanes": "1", "maxspeed": "50", "name": "Anckelmannsplatz", "oneway": true, "ref": "", "reversed": "False", "length": 81.038264810462422, "bridge": "", "width": "", "tunnel": "", "access": "" }, "geometry": { "type": "LineString", "coordinates": [ [ 10.0269033, 53.5519665 ], [ 10.0267118, 53.5520224 ], [ 10.0264876, 53.5520507 ], [ 10.0262844, 53.5520933 ], [ 10.0262304, 53.5521075 ], [ 10.026176, 53.5521217 ], [ 10.0260783, 53.552155 ], [ 10.0260024, 53.5521854 ], [ 10.0259203, 53.5522235 ], [ 10.0258212, 53.5522838 ] ] } },
{ "type": "Feature", "properties": { "u": 570105760, "v": 26729007, "key": 0, "osmid": "44964343", "highway": "primary", "lanes": "5", "maxspeed": "50", "name": "Anckelmannsplatz", "oneway": true, "ref": "", "reversed": "False", "length": 55.674016733836517, "bridge": "", "width": "", "tunnel": "", "access": "" }, "geometry": { "type": "LineString", "coordinates": [ [ 10.0269033, 53.5519665 ], [ 10.0263622, 53.5519409 ], [ 10.0262848, 53.551938 ], [ 10.0260653, 53.5519167 ] ] } },
{ "type": "Feature", "properties": { "u": 583203501, "v": 21654999, "key": 0, "osmid": [ 46102586, 23138318 ], "highway": "unclassified", "lanes": "", "maxspeed": "30", "name": [ "Klostertor", "Hühnerposten" ], "oneway": false, "ref": "", "reversed": "True", "length": 247.23089082532215, "bridge": "", "width": "", "tunnel": "", "access": "" }, "geometry": { "type": "LineString", "coordinates": [ [ 10.009269, 53.5496822 ], [ 10.0088149, 53.5495219 ], [ 10.0086026, 53.5494435 ], [ 10.0084003, 53.5493688 ], [ 10.008287, 53.549327 ], [ 10.0077963, 53.5491557 ], [ 10.0077224, 53.5490933 ], [ 10.0077044, 53.5490235 ], [ 10.0078972, 53.5486212 ], [ 10.0080623, 53.5483929 ], [ 10.0082103, 53.54822 ], [ 10.0082416, 53.548164 ], [ 10.0082511, 53.5481307 ], [ 10.0082525, 53.5481115 ], [ 10.0082544, 53.548029 ] ] } },
{ "type": "Feature", "properties": { "u": 583203501, "v": 91761568, "key": 0, "osmid": "143586350", "highway": "unclassified", "lanes": "1", "maxspeed": "30", "name": "Schultzweg", "oneway": false, "ref": "", "reversed": "False", "length": 141.8510753055545, "bridge": "", "width": "5.5", "tunnel": "", "access": "" }, "geometry": { "type": "LineString", "coordinates": [ [ 10.009269, 53.5496822 ], [ 10.0093776, 53.5495473 ], [ 10.0096603, 53.5491664 ], [ 10.0097632, 53.5490174 ], [ 10.0100609, 53.5486267 ], [ 10.010074, 53.548609 ], [ 10.0101714, 53.5485267 ] ] } },
{ "type": "Feature", "properties": { "u": 583203501, "v": 92741846, "key": 0, "osmid": [ 23156856, 261130501 ], "highway": "unclassified", "lanes": "", "maxspeed": "30", "name": "Hühnerposten", "oneway": false, "ref": "", "reversed": [ false, true ], "length": 46.807769149538522, "bridge": "", "width": "10", "tunnel": "", "access": "" }, "geometry": { "type": "LineString", "coordinates": [ [ 10.009269, 53.5496822 ], [ 10.0093334, 53.5497143 ], [ 10.0093952, 53.5497525 ], [ 10.0096911, 53.5499276 ], [ 10.009768, 53.5499805 ] ] } },
{ "type": "Feature", "properties": { "u": 620388579, "v": 3722049722, "key": 0, "osmid": "528961145", "highway": "unclassified", "lanes": "1", "maxspeed": "", "name": "Berliner Tor", "oneway": true, "ref": "", "reversed": "False", "length": 23.924384251710482, "bridge": "", "width": "", "tunnel": "", "access": "" }, "geometry": { "type": "LineString", "coordinates": [ [ 10.0240601, 53.5534466 ], [ 10.0243381, 53.5535414 ], [ 10.0243717, 53.553556 ] ] } },
{ "type": "Feature", "properties": { "u": 620388579, "v": 14469670, "key": 0, "osmid": [ 934967213, 886634007 ], "highway": "secondary", "lanes": "2", "maxspeed": "50", "name": "Berlinertordamm", "oneway": true, "ref": "", "reversed": "False", "length": 40.079440975076913, "bridge": "", "width": "", "tunnel": "", "access": "" }, "geometry": { "type": "LineString", "coordinates": [ [ 10.0240601, 53.5534466 ], [ 10.0241579, 53.5534569 ], [ 10.0246577, 53.5535089 ] ] } },
{ "type": "Feature", "properties": { "u": 678283427, "v": 279544908, "key": 0, "osmid": "53724238", "highway": "primary", "lanes": "4", "maxspeed": "", "name": "Eiffestraße", "oneway": false, "ref": "", "reversed": "True", "length": 13.521621212662954, "bridge": "", "width": "", "tunnel": "", "access": "" }, "geometry": { "type": "LineString", "coordinates": [ [ 10.0300705, 53.552192 ], [ 10.030275, 53.5521972 ] ] } },
{ "type": "Feature", "properties": { "u": 678283427, "v": 8713995998, "key": 0, "osmid": "6068530", "highway": "primary", "lanes": "3", "maxspeed": "50", "name": "Eiffestraße", "oneway": true, "ref": "", "reversed": "False", "length": 58.621162274869967, "bridge": "", "width": "", "tunnel": "", "access": "" }, "geometry": { "type": "LineString", "coordinates": [ [ 10.0300705, 53.552192 ], [ 10.0297023, 53.5522205 ], [ 10.0296184, 53.5522202 ], [ 10.0295353, 53.5522196 ], [ 10.0294605, 53.5522196 ], [ 10.0293853, 53.5522211 ], [ 10.0293271, 53.5522238 ], [ 10.0292538, 53.5522299 ], [ 10.0291884, 53.5522375 ] ] } },
{ "type": "Feature", "properties": { "u": 689962598, "v": 13124726767, "key": 0, "osmid": "23049815", "highway": "residential", "lanes": "2", "maxspeed": "30", "name": "Borgesch", "oneway": true, "ref": "", "reversed": "False", "length": 20.376250982283956, "bridge": "", "width": "", "tunnel": "", "access": "" }, "geometry": { "type": "LineString", "coordinates": [ [ 10.0093583, 53.5551263 ], [ 10.0093871, 53.5552166 ], [ 10.0094044, 53.5552431 ], [ 10.009424, 53.5552643 ], [ 10.0094617, 53.5552959 ] ] } },
{ "type": "Feature", "properties": { "u": 689962598, "v": 291504274, "key": 0, "osmid": "1427670294", "highway": "residential", "lanes": "3", "maxspeed": "30", "name": "Borgesch", "oneway": false, "ref": "", "reversed": "True", "length": 49.051002689155986, "bridge": "", "width": "", "tunnel": "", "access": "" }, "geometry": { "type": "LineString", "coordinates": [ [ 10.0093583, 53.5551263 ], [ 10.0093878, 53.5550265 ], [ 10.0094491, 53.5548194 ], [ 10.0094597, 53.5547953 ], [ 10.0094701, 53.5547796 ], [ 10.0094859, 53.5547653 ], [ 10.0095007, 53.5547539 ], [ 10.0095191, 53.5547434 ], [ 10.0095475, 53.5547322 ], [ 10.0095815, 53.5547271 ] ] } },
{ "type": "Feature", "properties": { "u": 696802983, "v": 26315794, "key": 0, "osmid": [ 1346878308, 1208522476, 4275532 ], "highway": "residential", "lanes": "", "maxspeed": "30", "name": "Angerstraße", "oneway": false, "ref": "", "reversed": "False", "length": 441.49312172208755, "bridge": "", "width": "", "tunnel": "", "access": "" }, "geometry": { "type": "LineString", "coordinates": [ [ 10.0275176, 53.558913 ], [ 10.0279219, 53.558943 ], [ 10.0284504, 53.5590091 ], [ 10.0286981, 53.5590446 ], [ 10.0293688, 53.5591471 ], [ 10.0302127, 53.5593144 ], [ 10.0306136, 53.5594065 ], [ 10.0309152, 53.5594845 ], [ 10.0310426, 53.5595213 ], [ 10.0313205, 53.5596065 ], [ 10.0325533, 53.5600622 ], [ 10.0332298, 53.5603152 ], [ 10.0334158, 53.5603848 ], [ 10.0334984, 53.560423 ], [ 10.0335672, 53.5604745 ] ] } },
{ "type": "Feature", "properties": { "u": 696803017, "v": 696803024, "key": 0, "osmid": [ 55449811, 55449812 ], "highway": "living_street", "lanes": "", "maxspeed": "", "name": "Wandsbeker Stieg", "oneway": false, "ref": "", "reversed": "False", "length": 100.9415198027111, "bridge": "", "width": [ "2.4", "7" ], "tunnel": "", "access": "" }, "geometry": { "type": "LineString", "coordinates": [ [ 10.0290083, 53.561162 ], [ 10.0287284, 53.5619379 ], [ 10.0289164, 53.5619622 ] ] } },
{ "type": "Feature", "properties": { "u": 696803017, "v": 25066467, "key": 0, "osmid": "1270418606", "highway": "residential", "lanes": "", "maxspeed": "30", "name": "Wandsbeker Stieg", "oneway": false, "ref": "", "reversed": "False", "length": 79.614671539604331, "bridge": "", "width": "5.3", "tunnel": "", "access": "" }, "geometry": { "type": "LineString", "coordinates": [ [ 10.0290083, 53.561162 ], [ 10.0294339, 53.5613115 ], [ 10.0300411, 53.5615312 ] ] } },
{ "type": "Feature", "properties": { "u": 696803017, "v": 25066459, "key": 0, "osmid": [ 142928833, 1270418606 ], "highway": "residential", "lanes": "", "maxspeed": "30", "name": "Wandsbeker Stieg", "oneway": false, "ref": "", "reversed": "True", "length": 119.0489251952429, "bridge": "", "width": "5.3", "tunnel": "", "access": "" }, "geometry": { "type": "LineString", "coordinates": [ [ 10.0290083, 53.561162 ], [ 10.0288095, 53.5610865 ], [ 10.0285432, 53.5609945 ], [ 10.0283888, 53.5609396 ], [ 10.0282404, 53.5608894 ], [ 10.0277526, 53.5607238 ], [ 10.0275723, 53.5606607 ], [ 10.0274546, 53.5606195 ] ] } },
{ "type": "Feature", "properties": { "u": 696803024, "v": 696803017, "key": 0, "osmid": [ 55449811, 55449812 ], "highway": "living_street", "lanes": "", "maxspeed": "", "name": "Wandsbeker Stieg", "oneway": false, "ref": "", "reversed": "True", "length": 100.9415198027111, "bridge": "", "width": [ "2.4", "7" ], "tunnel": "", "access": "" }, "geometry": { "type": "LineString", "coordinates": [ [ 10.0289164, 53.5619622 ], [ 10.0287284, 53.5619379 ], [ 10.0290083, 53.561162 ] ] } },
{ "type": "Feature", "properties": { "u": 773545395, "v": 93195007, "key": 0, "osmid": [ 143586320, 164117025, 54800853, 54800854 ], "highway": "residential", "lanes": "", "maxspeed": "30", "name": [ "Kirchenweg", "Zimmerpforte" ], "oneway": false, "ref": "", "reversed": [ false, true ], "length": 217.83016129229549, "bridge": "", "width": "", "tunnel": "building_passage", "access": "" }, "geometry": { "type": "LineString", "coordinates": [ [ 10.012247, 53.5553554 ], [ 10.0121509, 53.5556262 ], [ 10.0120805, 53.5557869 ], [ 10.0119514, 53.5557622 ], [ 10.0114807, 53.5556686 ], [ 10.010656, 53.5554991 ], [ 10.0106329, 53.5554953 ], [ 10.0103012, 53.5554307 ], [ 10.0102143, 53.5554133 ], [ 10.0101647, 53.5553863 ], [ 10.0100412, 53.5552933 ], [ 10.0098484, 53.5551444 ] ] } },
{ "type": "Feature", "properties": { "u": 775202868, "v": 2592319863, "key": 0, "osmid": "253280385", "highway": "residential", "lanes": "2", "maxspeed": "30", "name": "Stralsunder Straße", "oneway": false, "ref": "", "reversed": "True", "length": 60.508561095977889, "bridge": "", "width": "", "tunnel": "", "access": "" }, "geometry": { "type": "LineString", "coordinates": [ [ 10.0128168, 53.5544468 ], [ 10.0131651, 53.5541711 ], [ 10.0132097, 53.5541355 ], [ 10.0132817, 53.5540958 ], [ 10.0133394, 53.5540735 ], [ 10.0134194, 53.5540442 ] ] } },
{ "type": "Feature", "properties": { "u": 775202877, "v": 20997905, "key": 0, "osmid": "26627309", "highway": "residential", "lanes": "", "maxspeed": "30", "name": "Brennerstraße", "oneway": false, "ref": "", "reversed": "True", "length": 193.71742088060799, "bridge": "", "width": "", "tunnel": "", "access": "" }, "geometry": { "type": "LineString", "coordinates": [ [ 10.0129073, 53.5546018 ], [ 10.0152394, 53.5556581 ] ] } },
{ "type": "Feature", "properties": { "u": 789307229, "v": 26678244, "key": 0, "osmid": "232013419", "highway": "residential", "lanes": "", "maxspeed": "30", "name": "Alexanderstraße", "oneway": false, "ref": "", "reversed": "False", "length": 133.53519863963234, "bridge": "", "width": "", "tunnel": "", "access": "" }, "geometry": { "type": "LineString", "coordinates": [ [ 10.0210361, 53.5560191 ], [ 10.0205646, 53.5558088 ], [ 10.0204896, 53.5557756 ], [ 10.0201171, 53.5556094 ], [ 10.020047, 53.5555781 ], [ 10.0195123, 53.5553345 ], [ 10.019424, 53.5552945 ] ] } },
{ "type": "Feature", "properties": { "u": 812872279, "v": 18128901, "key": 0, "osmid": "26622847", "highway": "residential", "lanes": "", "maxspeed": "30", "name": "Rostocker Straße", "oneway": false, "ref": "", "reversed": "True", "length": 164.58133509032817, "bridge": "", "width": "", "tunnel": "", "access": "" }, "geometry": { "type": "LineString", "coordinates": [ [ 10.0125101, 53.5552212 ], [ 10.0129055, 53.555492 ], [ 10.0130814, 53.5555814 ], [ 10.0133884, 53.5557955 ], [ 10.0140819, 53.5562591 ], [ 10.0141606, 53.5563273 ] ] } },
{ "type": "Feature", "properties": { "u": 1026367580, "v": 8596263101, "key": 0, "osmid": [ 190163825, 887471967 ], "highway": "primary", "lanes": "6", "maxspeed": "50", "name": "Lübecker Straße", "oneway": false, "ref": "B 75", "reversed": "True", "length": 223.28303324628297, "bridge": "", "width": "", "tunnel": "", "access": "" }, "geometry": { "type": "LineString", "coordinates": [ [ 10.0297152, 53.560544 ], [ 10.0289191, 53.5601866 ], [ 10.0288716, 53.5601649 ], [ 10.0288516, 53.5601558 ], [ 10.0287074, 53.5600899 ], [ 10.0286586, 53.5600677 ], [ 10.0286214, 53.5600507 ], [ 10.0283337, 53.5599193 ], [ 10.0270182, 53.5593333 ] ] } },
{ "type": "Feature", "properties": { "u": 1026367580, "v": 8659417419, "key": 0, "osmid": "934325500", "highway": "primary", "lanes": "3", "maxspeed": "50", "name": "Lübecker Straße", "oneway": true, "ref": "B 75", "reversed": "False", "length": 49.064082857377038, "bridge": "", "width": "", "tunnel": "", "access": "" }, "geometry": { "type": "LineString", "coordinates": [ [ 10.0297152, 53.560544 ], [ 10.0300882, 53.5606543 ], [ 10.0301545, 53.5606851 ], [ 10.0303451, 53.5607737 ] ] } },
{ "type": "Feature", "properties": { "u": 1130748921, "v": 91758432, "key": 0, "osmid": "33041313", "highway": "residential", "lanes": "2", "maxspeed": "50", "name": "Spaldingstraße", "oneway": false, "ref": "", "reversed": "True", "length": 32.346582351340281, "bridge": "", "width": "", "tunnel": "", "access": "" }, "geometry": { "type": "LineString", "coordinates": [ [ 10.0136876, 53.5481699 ], [ 10.0135353, 53.5483543 ], [ 10.0134559, 53.5484256 ] ] } },
{ "type": "Feature", "properties": { "u": 1130748921, "v": 250283226, "key": 0, "osmid": [ 143586336, 692095709, 636875414 ], "highway": [ "residential", "unclassified" ], "lanes": [ "1", "2" ], "maxspeed": "50", "name": "Spaldingstraße", "oneway": true, "ref": "", "reversed": "False", "length": 157.3394877034948, "bridge": "", "width": "5.6", "tunnel": "", "access": "" }, "geometry": { "type": "LineString", "coordinates": [ [ 10.0136876, 53.5481699 ], [ 10.0137577, 53.5480843 ], [ 10.0137815, 53.5480706 ], [ 10.0138023, 53.5480637 ], [ 10.0138432, 53.5480555 ], [ 10.0138801, 53.5480591 ], [ 10.0140713, 53.5480991 ], [ 10.0143569, 53.5481659 ], [ 10.014558, 53.5482231 ], [ 10.0149141, 53.5483245 ], [ 10.0151755, 53.5483963 ], [ 10.0154436, 53.5484711 ], [ 10.0156302, 53.5484996 ], [ 10.0158044, 53.5485253 ] ] } },
{ "type": "Feature", "properties": { "u": 1412415634, "v": 1412415640, "key": 0, "osmid": "127657279", "highway": "residential", "lanes": "", "maxspeed": "30", "name": "Jungestraße", "oneway": false, "ref": "", "reversed": "False", "length": 106.53378777841203, "bridge": "", "width": "", "tunnel": "", "access": "" }, "geometry": { "type": "LineString", "coordinates": [ [ 10.0281105, 53.5548294 ], [ 10.0277266, 53.5553031 ], [ 10.0275934, 53.5554675 ], [ 10.0274446, 53.5556642 ], [ 10.027422, 53.5556957 ] ] } },
{ "type": "Feature", "properties": { "u": 1412415634, "v": 60488284, "key": 0, "osmid": [ 1265582632, 1265582633, 1265582672, 1265582674, 1265582617, 1265582618, 1265582621 ], "highway": "residential", "lanes": "", "maxspeed": "30", "name": "Klaus-Groth-Straße", "oneway": false, "ref": "", "reversed": "False", "length": 289.75006780336412, "bridge": "", "width": "", "tunnel": "", "access": "" }, "geometry": { "type": "LineString", "coordinates": [ [ 10.0281105, 53.5548294 ], [ 10.0286266, 53.5549148 ], [ 10.0286985, 53.5549267 ], [ 10.0294545, 53.5550521 ], [ 10.0297646, 53.5551019 ], [ 10.0301831, 53.5551747 ], [ 10.0302296, 53.5551833 ], [ 10.0303038, 53.5551962 ], [ 10.0307846, 53.5552867 ], [ 10.0313776, 53.5554062 ], [ 10.0315207, 53.5554312 ], [ 10.0318089, 53.5554766 ], [ 10.032138, 53.5555285 ], [ 10.0323239, 53.5555503 ] ] } },
{ "type": "Feature", "properties": { "u": 1412415634, "v": 13278530906, "key": 0, "osmid": [ 1265582617, 1265582613, 1265582614, 35576865 ], "highway": "residential", "lanes": "", "maxspeed": "30", "name": "Klaus-Groth-Straße", "oneway": false, "ref": "", "reversed": "True", "length": 120.13557741463623, "bridge": "", "width": "", "tunnel": "", "access": "" }, "geometry": { "type": "LineString", "coordinates": [ [ 10.0281105, 53.5548294 ], [ 10.0280717, 53.5548221 ], [ 10.0278981, 53.5547896 ], [ 10.0278132, 53.5547737 ], [ 10.0275966, 53.5547331 ], [ 10.0274102, 53.5546982 ], [ 10.027344, 53.5546805 ], [ 10.0272302, 53.5546501 ], [ 10.0270955, 53.554601 ], [ 10.0270189, 53.5545644 ], [ 10.0269403, 53.5545129 ], [ 10.026887, 53.5544666 ], [ 10.0267734, 53.5543292 ], [ 10.0267512, 53.5542857 ], [ 10.0267413, 53.5542604 ], [ 10.0267319, 53.5542365 ] ] } },
{ "type": "Feature", "properties": { "u": 1412415640, "v": 1412415634, "key": 0, "osmid": "127657279", "highway": "residential", "lanes": "", "maxspeed": "30", "name": "Jungestraße", "oneway": false, "ref": "", "reversed": "True", "length": 106.53378777841203, "bridge": "", "width": "", "tunnel": "", "access": "" }, "geometry": { "type": "LineString", "coordinates": [ [ 10.027422, 53.5556957 ], [ 10.0274446, 53.5556642 ], [ 10.0275934, 53.5554675 ], [ 10.0277266, 53.5553031 ], [ 10.0281105, 53.5548294 ] ] } },
{ "type": "Feature", "properties": { "u": 1490425214, "v": 16566383, "key": 0, "osmid": "82932012", "highway": "primary", "lanes": "4", "maxspeed": "50", "name": "An der Alster", "oneway": false, "ref": "", "reversed": "True", "length": 74.679253369257893, "bridge": "", "width": "", "tunnel": "", "access": "" }, "geometry": { "type": "LineString", "coordinates": [ [ 10.0134012, 53.5611509 ], [ 10.0132618, 53.5610505 ], [ 10.0126509, 53.5606486 ] ] } },
{ "type": "Feature", "properties": { "u": 1490425214, "v": 259597482, "key": 0, "osmid": [ 798518154, 15090571 ], "highway": "primary", "lanes": [ "5", "4" ], "maxspeed": "50", "name": "An der Alster", "oneway": false, "ref": "", "reversed": "False", "length": 66.44937080201737, "bridge": "", "width": "", "tunnel": "", "access": "" }, "geometry": { "type": "LineString", "coordinates": [ [ 10.0134012, 53.5611509 ], [ 10.0135701, 53.5612685 ], [ 10.0136218, 53.5613054 ], [ 10.0140288, 53.5616178 ] ] } },
{ "type": "Feature", "properties": { "u": 1508604393, "v": 9989047036, "key": 0, "osmid": "137538316", "highway": "residential", "lanes": "", "maxspeed": "30", "name": "Bremer Reihe", "oneway": true, "ref": "", "reversed": "False", "length": 84.373671777756954, "bridge": "", "width": "", "tunnel": "", "access": "" }, "geometry": { "type": "LineString", "coordinates": [ [ 10.0097667, 53.5536354 ], [ 10.0085112, 53.5534959 ] ] } },
{ "type": "Feature", "properties": { "u": 1508604393, "v": 93195000, "key": 0, "osmid": "137538317", "highway": "residential", "lanes": "", "maxspeed": "30", "name": "Bremer Reihe", "oneway": false, "ref": "", "reversed": "False", "length": 136.76702939590302, "bridge": "", "width": "", "tunnel": "", "access": "" }, "geometry": { "type": "LineString", "coordinates": [ [ 10.0097667, 53.5536354 ], [ 10.0105197, 53.5538447 ], [ 10.0106613, 53.553887 ], [ 10.0116267, 53.5541754 ] ] } },
{ "type": "Feature", "properties": { "u": 1508604393, "v": 1508604416, "key": 0, "osmid": "137538322", "highway": "residential", "lanes": "", "maxspeed": "30", "name": "Robert-Nhil-Straße", "oneway": false, "ref": "", "reversed": "True", "length": 72.789001864077377, "bridge": "", "width": "", "tunnel": "", "access": "" }, "geometry": { "type": "LineString", "coordinates": [ [ 10.0097667, 53.5536354 ], [ 10.0097769, 53.5537071 ], [ 10.0096397, 53.5541641 ], [ 10.0096047, 53.5542807 ] ] } },
{ "type": "Feature", "properties": { "u": 1508604416, "v": 292006406, "key": 0, "osmid": "137538319", "highway": "residential", "lanes": "", "maxspeed": "30", "name": "Ellmenreichstraße", "oneway": false, "ref": "", "reversed": "False", "length": 71.368543159105627, "bridge": "", "width": "", "tunnel": "", "access": "" }, "geometry": { "type": "LineString", "coordinates": [ [ 10.0096047, 53.5542807 ], [ 10.0097528, 53.5543315 ], [ 10.0100477, 53.5544247 ], [ 10.0105556, 53.5545853 ] ] } },
{ "type": "Feature", "properties": { "u": 1508604416, "v": 517871429, "key": 0, "osmid": "137538319", "highway": "residential", "lanes": "", "maxspeed": "30", "name": "Ellmenreichstraße", "oneway": false, "ref": "", "reversed": "True", "length": 86.245682027147637, "bridge": "", "width": "", "tunnel": "", "access": "" }, "geometry": { "type": "LineString", "coordinates": [ [ 10.0096047, 53.5542807 ], [ 10.0093619, 53.554252 ], [ 10.0085055, 53.5541507 ], [ 10.0083234, 53.5541318 ] ] } },
{ "type": "Feature", "properties": { "u": 1508604416, "v": 1508604393, "key": 0, "osmid": "137538322", "highway": "residential", "lanes": "", "maxspeed": "30", "name": "Robert-Nhil-Straße", "oneway": false, "ref": "", "reversed": "False", "length": 72.789001864077377, "bridge": "", "width": "", "tunnel": "", "access": "" }, "geometry": { "type": "LineString", "coordinates": [ [ 10.0096047, 53.5542807 ], [ 10.0096397, 53.5541641 ], [ 10.0097769, 53.5537071 ], [ 10.0097667, 53.5536354 ] ] } },
{ "type": "Feature", "properties": { "u": 1561539014, "v": 18703876, "key": 0, "osmid": "4005359", "highway": "residential", "lanes": "", "maxspeed": "30", "name": "St. Georgs Kirchhof", "oneway": false, "ref": "", "reversed": "False", "length": 50.714947323696208, "bridge": "", "width": "", "tunnel": "", "access": "" }, "geometry": { "type": "LineString", "coordinates": [ [ 10.0084679, 53.5566007 ], [ 10.0080904, 53.5567878 ], [ 10.0080342, 53.5568118 ], [ 10.0079962, 53.55682 ], [ 10.0079665, 53.5568199 ], [ 10.0079296, 53.5568147 ], [ 10.0078624, 53.5567967 ], [ 10.0078395, 53.5567905 ] ] } },
{ "type": "Feature", "properties": { "u": 1561539014, "v": 18703873, "key": 0, "osmid": "573181937", "highway": "residential", "lanes": "", "maxspeed": "30", "name": "Koppel", "oneway": false, "ref": "", "reversed": "True", "length": 53.277435233273515, "bridge": "", "width": "", "tunnel": "", "access": "" }, "geometry": { "type": "LineString", "coordinates": [ [ 10.0084679, 53.5566007 ], [ 10.0084112, 53.5565623 ], [ 10.0083134, 53.5564867 ], [ 10.0082214, 53.5564082 ], [ 10.0080184, 53.5562041 ] ] } },
{ "type": "Feature", "properties": { "u": 1561539014, "v": 21033587, "key": 0, "osmid": [ 573181936, 311128872, 1344407087 ], "highway": "residential", "lanes": "", "maxspeed": "30", "name": "Koppel", "oneway": true, "ref": "", "reversed": "False", "length": 180.38587657030897, "bridge": "", "width": "", "tunnel": "", "access": "" }, "geometry": { "type": "LineString", "coordinates": [ [ 10.0084679, 53.5566007 ], [ 10.0086239, 53.5567035 ], [ 10.0086426, 53.5567165 ], [ 10.0086619, 53.5567302 ], [ 10.0090669, 53.5570165 ], [ 10.0091172, 53.5570609 ], [ 10.0093577, 53.5572332 ], [ 10.0093974, 53.5572499 ], [ 10.009432, 53.5572655 ], [ 10.0096114, 53.557398 ], [ 10.0100092, 53.5576945 ], [ 10.0101748, 53.5578084 ], [ 10.0102172, 53.5578435 ] ] } },
{ "type": "Feature", "properties": { "u": 1561539048, "v": 16566383, "key": 0, "osmid": "82932009", "highway": "primary", "lanes": "4", "maxspeed": "50", "name": "An der Alster", "oneway": false, "ref": "", "reversed": "False", "length": 71.169423362217088, "bridge": "", "width": "", "tunnel": "", "access": "" }, "geometry": { "type": "LineString", "coordinates": [ [ 10.0117693, 53.560283 ], [ 10.0120232, 53.560372 ], [ 10.0123016, 53.560481 ], [ 10.0125126, 53.5605764 ], [ 10.0126509, 53.5606486 ] ] } },
{ "type": "Feature", "properties": { "u": 1571348041, "v": 35138369, "key": 0, "osmid": "143586280", "highway": "unclassified", "lanes": "2", "maxspeed": "50", "name": "Frankenstraße", "oneway": false, "ref": "", "reversed": "False", "length": 363.13578423817216, "bridge": "", "width": "", "tunnel": "", "access": "" }, "geometry": { "type": "LineString", "coordinates": [ [ 10.0228068, 53.5479713 ], [ 10.0232034, 53.5480741 ], [ 10.0234944, 53.5481495 ], [ 10.0239338, 53.5482634 ], [ 10.0243329, 53.5483726 ], [ 10.0250762, 53.5485761 ], [ 10.0251851, 53.5486041 ], [ 10.0253138, 53.5486383 ], [ 10.0254253, 53.5486655 ], [ 10.0256097, 53.5487164 ], [ 10.0265427, 53.5489715 ], [ 10.0266042, 53.5490273 ], [ 10.0266121, 53.5490721 ], [ 10.0265773, 53.5491295 ], [ 10.0263753, 53.549385 ], [ 10.0263434, 53.5494254 ], [ 10.0262849, 53.5494993 ], [ 10.0261063, 53.5497253 ] ] } },
{ "type": "Feature", "properties": { "u": 1571348041, "v": 11206076, "key": 0, "osmid": [ 25485673, 143586308, 21594797 ], "highway": "tertiary", "lanes": [ "3", "2" ], "maxspeed": "50", "name": "Hammerbrookstraße", "oneway": false, "ref": "", "reversed": "True", "length": 175.88148001345269, "bridge": "yes", "width": "", "tunnel": "", "access": "" }, "geometry": { "type": "LineString", "coordinates": [ [ 10.0228068, 53.5479713 ], [ 10.0229488, 53.5477898 ], [ 10.0230255, 53.5476918 ], [ 10.0230538, 53.5476557 ], [ 10.0231705, 53.5475065 ], [ 10.0232352, 53.5474238 ], [ 10.0234278, 53.5471745 ], [ 10.0234896, 53.5470947 ], [ 10.0239244, 53.5465357 ] ] } },
{ "type": "Feature", "properties": { "u": 1571348041, "v": 35138371, "key": 0, "osmid": [ 752852916, 752852917 ], "highway": "tertiary", "lanes": [ "3", "2" ], "maxspeed": "50", "name": "Hammerbrookstraße", "oneway": false, "ref": "", "reversed": "False", "length": 85.894724096576226, "bridge": "", "width": "", "tunnel": "", "access": "" }, "geometry": { "type": "LineString", "coordinates": [ [ 10.0228068, 53.5479713 ], [ 10.0225679, 53.5482748 ], [ 10.0222527, 53.5486701 ] ] } },
{ "type": "Feature", "properties": { "u": 1609393291, "v": 274771983, "key": 0, "osmid": "45748889", "highway": "secondary", "lanes": "4", "maxspeed": "50", "name": "Borgfelder Straße", "oneway": false, "ref": "", "reversed": "True", "length": 18.43849933392071, "bridge": "", "width": "", "tunnel": "", "access": "" }, "geometry": { "type": "LineString", "coordinates": [ [ 10.0348522, 53.5548205 ], [ 10.0346438, 53.5547934 ], [ 10.0345795, 53.5547851 ] ] } },
{ "type": "Feature", "properties": { "u": 1609393417, "v": 3669780073, "key": 0, "osmid": [ 1462417977, 147756947 ], "highway": "residential", "lanes": "2", "maxspeed": "30", "name": "Ifflandstraße", "oneway": true, "ref": "", "reversed": "False", "length": 57.128472037949116, "bridge": "", "width": "5.4", "tunnel": "", "access": "" }, "geometry": { "type": "LineString", "coordinates": [ [ 10.0226866, 53.5588456 ], [ 10.0226833, 53.5588873 ], [ 10.0226854, 53.5589709 ], [ 10.0226898, 53.5590068 ], [ 10.0226985, 53.5590349 ], [ 10.0227122, 53.5590591 ], [ 10.0227371, 53.5590826 ], [ 10.0227707, 53.5591059 ], [ 10.0228106, 53.5591241 ], [ 10.022905, 53.5591539 ], [ 10.0231274, 53.5592172 ] ] } },
{ "type": "Feature", "properties": { "u": 1609393417, "v": 34629961, "key": 0, "osmid": "190163834", "highway": "primary", "lanes": "2", "maxspeed": "50", "name": "Sechslingspforte", "oneway": true, "ref": "", "reversed": "False", "length": 41.992368160142732, "bridge": "", "width": "", "tunnel": "", "access": "" }, "geometry": { "type": "LineString", "coordinates": [ [ 10.0226866, 53.5588456 ], [ 10.0225198, 53.5589174 ], [ 10.022193, 53.5590832 ] ] } },
{ "type": "Feature", "properties": { "u": 1640544008, "v": 1640544018, "key": 0, "osmid": "31023188", "highway": "tertiary", "lanes": "4", "maxspeed": "50", "name": "Wendenstraße", "oneway": false, "ref": "", "reversed": "False", "length": 16.388930678724517, "bridge": "", "width": "", "tunnel": "", "access": "" }, "geometry": { "type": "LineString", "coordinates": [ [ 10.0285082, 53.547789 ], [ 10.0287341, 53.5478499 ] ] } },
{ "type": "Feature", "properties": { "u": 1640544008, "v": 14469666, "key": 0, "osmid": [ 131675656, 190417294 ], "highway": "tertiary", "lanes": "3", "maxspeed": "50", "name": "Wendenstraße", "oneway": false, "ref": "", "reversed": "True", "length": 110.17381640955348, "bridge": "", "width": "", "tunnel": "", "access": "" }, "geometry": { "type": "LineString", "coordinates": [ [ 10.0285082, 53.547789 ], [ 10.0283572, 53.5477477 ], [ 10.0282036, 53.5477057 ], [ 10.028053, 53.5476645 ], [ 10.0276163, 53.5475451 ], [ 10.027481, 53.5475081 ], [ 10.0269933, 53.5473748 ] ] } },
{ "type": "Feature", "properties": { "u": 1640544018, "v": 1640544008, "key": 0, "osmid": "31023188", "highway": "tertiary", "lanes": "4", "maxspeed": "50", "name": "Wendenstraße", "oneway": false, "ref": "", "reversed": "True", "length": 16.388930678724517, "bridge": "", "width": "", "tunnel": "", "access": "" }, "geometry": { "type": "LineString", "coordinates": [ [ 10.0287341, 53.5478499 ], [ 10.0285082, 53.547789 ] ] } },
{ "type": "Feature", "properties": { "u": 1640544018, "v": 2010527468, "key": 0, "osmid": [ 31023168, 143586315, 44964345, 1117128687, 21595353, 190417276 ], "highway": "primary", "lanes": [ "6", "5", "3" ], "maxspeed": "50", "name": "Heidenkampsweg", "oneway": true, "ref": "B 75", "reversed": "False", "length": 388.86789840173452, "bridge": "yes", "width": "", "tunnel": "", "access": "" }, "geometry": { "type": "LineString", "coordinates": [ [ 10.0287341, 53.5478499 ], [ 10.02864, 53.5479703 ], [ 10.0282409, 53.5484812 ], [ 10.0282299, 53.5484953 ], [ 10.0280409, 53.5487374 ], [ 10.0275637, 53.5493483 ], [ 10.0271755, 53.5498777 ], [ 10.0270313, 53.5501128 ], [ 10.026953, 53.5502677 ], [ 10.0269062, 53.5503815 ], [ 10.0268198, 53.5506233 ], [ 10.0267851, 53.5507419 ], [ 10.02675, 53.5508913 ], [ 10.0266955, 53.5511092 ] ] } },
{ "type": "Feature", "properties": { "u": 1655891797, "v": 35835218, "key": 0, "osmid": "152813931", "highway": "secondary", "lanes": "", "maxspeed": "50", "name": "Anckelmannstraße", "oneway": true, "ref": "", "reversed": "False", "length": 34.253230646584001, "bridge": "", "width": "", "tunnel": "", "access": "" }, "geometry": { "type": "LineString", "coordinates": [ [ 10.029155, 53.5525008 ], [ 10.0290493, 53.5524584 ], [ 10.0290148, 53.5524414 ], [ 10.0289764, 53.5524224 ], [ 10.0289325, 53.5523969 ], [ 10.028877, 53.5523601 ], [ 10.028782, 53.5522899 ] ] } },
{ "type": "Feature", "properties": { "u": 1655891797, "v": 35835381, "key": 0, "osmid": [ 943481757, 251851462 ], "highway": "secondary", "lanes": [ "3", "2" ], "maxspeed": "50", "name": "Anckelmannstraße", "oneway": false, "ref": "", "reversed": "False", "length": 337.57682997674243, "bridge": "", "width": "", "tunnel": "", "access": "" }, "geometry": { "type": "LineString", "coordinates": [ [ 10.029155, 53.5525008 ], [ 10.0291881, 53.5525126 ], [ 10.0296433, 53.5526366 ], [ 10.0302447, 53.5527984 ], [ 10.0305073, 53.5528697 ], [ 10.0310885, 53.5530274 ], [ 10.0313647, 53.5531353 ], [ 10.0314328, 53.5531787 ], [ 10.0325898, 53.5539163 ], [ 10.0326879, 53.5539788 ], [ 10.0328236, 53.554054 ], [ 10.0329571, 53.554128 ], [ 10.0330116, 53.5541517 ], [ 10.0332344, 53.5542484 ] ] } },
{ "type": "Feature", "properties": { "u": 1677782598, "v": 13879914, "key": 0, "osmid": "78797028", "highway": "tertiary", "lanes": "1", "maxspeed": "50", "name": "Kirchenallee", "oneway": true, "ref": "", "reversed": "False", "length": 11.783920770297042, "bridge": "", "width": "", "tunnel": "", "access": "" }, "geometry": { "type": "LineString", "coordinates": [ [ 10.0087829, 53.5521454 ], [ 10.0088528, 53.5520479 ] ] } },
{ "type": "Feature", "properties": { "u": 1677782598, "v": 220414616, "key": 0, "osmid": [ 477932757, 78797022 ], "highway": "secondary", "lanes": "1", "maxspeed": "50", "name": "Steintordamm", "oneway": true, "ref": "", "reversed": "False", "length": 51.657129139389113, "bridge": "", "width": "", "tunnel": "", "access": "no" }, "geometry": { "type": "LineString", "coordinates": [ [ 10.0087829, 53.5521454 ], [ 10.0086074, 53.5521302 ], [ 10.0082667, 53.5521056 ], [ 10.0081941, 53.5520973 ], [ 10.0081629, 53.5520865 ], [ 10.0080461, 53.5520293 ] ] } },
{ "type": "Feature", "properties": { "u": 1677782599, "v": 1677782598, "key": 0, "osmid": "78797046", "highway": "secondary", "lanes": "1", "maxspeed": "50", "name": "Steintorplatz", "oneway": true, "ref": "", "reversed": "False", "length": 6.5702663999455275, "bridge": "", "width": "", "tunnel": "", "access": "no" }, "geometry": { "type": "LineString", "coordinates": [ [ 10.0088813, 53.552154 ], [ 10.0087829, 53.5521454 ] ] } },
{ "type": "Feature", "properties": { "u": 1677782599, "v": 517871438, "key": 0, "osmid": "78797055", "highway": "tertiary", "lanes": "1", "maxspeed": "50", "name": "Kirchenallee", "oneway": true, "ref": "", "reversed": "False", "length": 6.331223443790484, "bridge": "", "width": "", "tunnel": "", "access": "" }, "geometry": { "type": "LineString", "coordinates": [ [ 10.0088813, 53.552154 ], [ 10.0088778, 53.5522109 ] ] } },
{ "type": "Feature", "properties": { "u": 1709289471, "v": 150077754, "key": 0, "osmid": "379723614", "highway": "residential", "lanes": "", "maxspeed": "", "name": "Alfredstraße", "oneway": false, "ref": "", "reversed": "False", "length": 16.823131208086274, "bridge": "", "width": "6", "tunnel": "", "access": "" }, "geometry": { "type": "LineString", "coordinates": [ [ 10.0325779, 53.557345 ], [ 10.0324646, 53.5574805 ] ] } },
{ "type": "Feature", "properties": { "u": 1709289471, "v": 60488300, "key": 0, "osmid": "76468122", "highway": "primary", "lanes": "2", "maxspeed": "50", "name": "Bürgerweide", "oneway": true, "ref": "", "reversed": "False", "length": 98.583491823444803, "bridge": "", "width": "", "tunnel": "", "access": "" }, "geometry": { "type": "LineString", "coordinates": [ [ 10.0325779, 53.557345 ], [ 10.0327827, 53.55739 ], [ 10.0331472, 53.5574719 ], [ 10.0339745, 53.5576577 ] ] } },
{ "type": "Feature", "properties": { "u": 1709289471, "v": 60488281, "key": 0, "osmid": "146485416", "highway": "residential", "lanes": "", "maxspeed": "30", "name": "Alfredstraße", "oneway": false, "ref": "", "reversed": "True", "length": 196.03971187487736, "bridge": "", "width": "9.7", "tunnel": "", "access": "" }, "geometry": { "type": "LineString", "coordinates": [ [ 10.0325779, 53.557345 ], [ 10.032636, 53.5572729 ], [ 10.0326922, 53.5572084 ], [ 10.0336541, 53.5559446 ], [ 10.033798, 53.5557381 ] ] } },
{ "type": "Feature", "properties": { "u": 1973693001, "v": 259597482, "key": 0, "osmid": "28262107", "highway": "primary", "lanes": "5", "maxspeed": "50", "name": "An der Alster", "oneway": false, "ref": "", "reversed": "True", "length": 2.8314702236297431, "bridge": "", "width": "", "tunnel": "", "access": "" }, "geometry": { "type": "LineString", "coordinates": [ [ 10.0140528, 53.5616389 ], [ 10.0140288, 53.5616178 ] ] } },
{ "type": "Feature", "properties": { "u": 1973693001, "v": 148876848, "key": 0, "osmid": "186624433", "highway": "primary", "lanes": "4", "maxspeed": "50", "name": "An der Alster", "oneway": true, "ref": "", "reversed": "False", "length": 40.989383078591104, "bridge": "", "width": "", "tunnel": "", "access": "" }, "geometry": { "type": "LineString", "coordinates": [ [ 10.0140528, 53.5616389 ], [ 10.0144775, 53.5619077 ] ] } },
{ "type": "Feature", "properties": { "u": 1973693033, "v": 18128907, "key": 0, "osmid": "1266104814", "highway": "primary", "lanes": "3", "maxspeed": "50", "name": "Sechslingspforte", "oneway": true, "ref": "", "reversed": "False", "length": 19.222269875300643, "bridge": "", "width": "", "tunnel": "", "access": "" }, "geometry": { "type": "LineString", "coordinates": [ [ 10.0153664, 53.5626801 ], [ 10.0152533, 53.5626681 ], [ 10.0151789, 53.5626552 ], [ 10.0150994, 53.5626205 ] ] } },
{ "type": "Feature", "properties": { "u": 1973693033, "v": 9208605775, "key": 0, "osmid": "1337207669", "highway": "primary", "lanes": "2", "maxspeed": "50", "name": "Sechslingspforte", "oneway": true, "ref": "", "reversed": "False", "length": 13.179083645324946, "bridge": "", "width": "", "tunnel": "", "access": "" }, "geometry": { "type": "LineString", "coordinates": [ [ 10.0153664, 53.5626801 ], [ 10.01537, 53.5626473 ], [ 10.0153859, 53.5626095 ], [ 10.0154177, 53.5625668 ] ] } },
{ "type": "Feature", "properties": { "u": 1973911688, "v": 13414569800, "key": 0, "osmid": "186624442", "highway": "residential", "lanes": "1", "maxspeed": "50", "name": "Graumannsweg", "oneway": true, "ref": "", "reversed": "False", "length": 7.4816277640279196, "bridge": "", "width": "", "tunnel": "", "access": "" }, "geometry": { "type": "LineString", "coordinates": [ [ 10.017811, 53.5627996 ], [ 10.0176985, 53.5627917 ] ] } },
{ "type": "Feature", "properties": { "u": 1973911688, "v": 10718408319, "key": 0, "osmid": "142928779", "highway": "residential", "lanes": "1", "maxspeed": "50", "name": "Buchtstraße", "oneway": true, "ref": "", "reversed": "False", "length": 18.8790743618578, "bridge": "", "width": "", "tunnel": "", "access": "" }, "geometry": { "type": "LineString", "coordinates": [ [ 10.017811, 53.5627996 ], [ 10.0178021, 53.5628322 ], [ 10.0177881, 53.5628627 ], [ 10.01777, 53.5628956 ], [ 10.0177175, 53.5629286 ], [ 10.0176885, 53.5629469 ] ] } },
{ "type": "Feature", "properties": { "u": 2000132751, "v": 25066464, "key": 0, "osmid": [ 1270418608, 142928819 ], "highway": "residential", "lanes": "", "maxspeed": "30", "name": "Richardallee", "oneway": false, "ref": "", "reversed": "False", "length": 105.47368691083699, "bridge": "", "width": "", "tunnel": "", "access": "" }, "geometry": { "type": "LineString", "coordinates": [ [ 10.026453, 53.5612923 ], [ 10.0266613, 53.5606324 ], [ 10.0267473, 53.56036 ] ] } },
{ "type": "Feature", "properties": { "u": 2007741864, "v": 150401477, "key": 0, "osmid": [ 190163841, 190163842 ], "highway": "primary", "lanes": "3", "maxspeed": "50", "name": "Wallstraße", "oneway": true, "ref": "", "reversed": "False", "length": 184.35021390979588, "bridge": "", "width": "", "tunnel": "", "access": "" }, "geometry": { "type": "LineString", "coordinates": [ [ 10.0256157, 53.5571793 ], [ 10.0250488, 53.5575059 ], [ 10.0246333, 53.5577404 ], [ 10.0242808, 53.5579528 ], [ 10.0241581, 53.5580441 ], [ 10.0239634, 53.5582334 ], [ 10.0239306, 53.5582653 ], [ 10.0237658, 53.5584092 ] ] } },
{ "type": "Feature", "properties": { "u": 2007741869, "v": 21299489, "key": 0, "osmid": "48832122", "highway": "secondary", "lanes": "4", "maxspeed": "50", "name": "Mühlendamm", "oneway": false, "ref": "", "reversed": "True", "length": 45.791702159026897, "bridge": "", "width": "", "tunnel": "", "access": "" }, "geometry": { "type": "LineString", "coordinates": [ [ 10.0257071, 53.559559 ], [ 10.0256014, 53.559966 ] ] } },
{ "type": "Feature", "properties": { "u": 2007741869, "v": 8596263096, "key": 0, "osmid": [ 926327561, 926327570 ], "highway": "secondary", "lanes": [ "4", "2" ], "maxspeed": "50", "name": "Mühlendamm", "oneway": true, "ref": "", "reversed": "False", "length": 72.985653379691001, "bridge": "", "width": "", "tunnel": "", "access": "" }, "geometry": { "type": "LineString", "coordinates": [ [ 10.0257071, 53.559559 ], [ 10.0257044, 53.5593498 ], [ 10.0257762, 53.559057 ], [ 10.0257877, 53.5590101 ], [ 10.0258129, 53.5589073 ] ] } },
{ "type": "Feature", "properties": { "u": 2010527468, "v": 35835220, "key": 0, "osmid": "6068533", "highway": "primary_link", "lanes": "1", "maxspeed": "50", "name": "Anckelmannsplatz", "oneway": true, "ref": "", "reversed": "False", "length": 56.493144351559238, "bridge": "", "width": "", "tunnel": "", "access": "" }, "geometry": { "type": "LineString", "coordinates": [ [ 10.0266955, 53.5511092 ], [ 10.0267646, 53.5512983 ], [ 10.0267974, 53.5513962 ], [ 10.0268208, 53.5514576 ], [ 10.0268413, 53.5514946 ], [ 10.0268594, 53.5515235 ], [ 10.0268845, 53.5515542 ], [ 10.0269266, 53.551595 ] ] } },
{ "type": "Feature", "properties": { "u": 2010527468, "v": 14473318, "key": 0, "osmid": "190417273", "highway": "primary", "lanes": "5", "maxspeed": "50", "name": "Heidenkampsweg", "oneway": true, "ref": "B 75", "reversed": "False", "length": 43.65663820305609, "bridge": "", "width": "", "tunnel": "", "access": "" }, "geometry": { "type": "LineString", "coordinates": [ [ 10.0266955, 53.5511092 ], [ 10.0266181, 53.5513181 ], [ 10.026601, 53.5513694 ], [ 10.0265311, 53.5514888 ] ] } },
{ "type": "Feature", "properties": { "u": 2366427226, "v": 274771983, "key": 0, "osmid": "925514592", "highway": "secondary", "lanes": "2", "maxspeed": "50", "name": "Borgfelder Straße", "oneway": true, "ref": "", "reversed": "False", "length": 51.405897911392806, "bridge": "", "width": "", "tunnel": "", "access": "" }, "geometry": { "type": "LineString", "coordinates": [ [ 10.0338654, 53.5546029 ], [ 10.0341635, 53.5546662 ], [ 10.0345795, 53.5547851 ] ] } },
{ "type": "Feature", "properties": { "u": 2471652288, "v": 2471652297, "key": 0, "osmid": "243547280", "highway": "secondary_link", "lanes": "2", "maxspeed": "50", "name": "Ausschläger Weg", "oneway": true, "ref": "", "reversed": "False", "length": 6.0487678152199926, "bridge": "", "width": "", "tunnel": "", "access": "" }, "geometry": { "type": "LineString", "coordinates": [ [ 10.0332708, 53.5545698 ], [ 10.0332023, 53.5546059 ] ] } },
{ "type": "Feature", "properties": { "u": 2471652288, "v": 2366427226, "key": 0, "osmid": "243547282", "highway": "secondary", "lanes": "2", "maxspeed": "50", "name": "Borgfelder Straße", "oneway": true, "ref": "", "reversed": "False", "length": 39.545927019597286, "bridge": "", "width": "", "tunnel": "", "access": "" }, "geometry": { "type": "LineString", "coordinates": [ [ 10.0332708, 53.5545698 ], [ 10.0334198, 53.5545673 ], [ 10.0338654, 53.5546029 ] ] } },
{ "type": "Feature", "properties": { "u": 2471652297, "v": 25677546, "key": 0, "osmid": "243547279", "highway": "secondary_link", "lanes": "2", "maxspeed": "50", "name": "Ausschläger Weg", "oneway": true, "ref": "", "reversed": "False", "length": 6.6124047125561907, "bridge": "", "width": "", "tunnel": "", "access": "" }, "geometry": { "type": "LineString", "coordinates": [ [ 10.0332023, 53.5546059 ], [ 10.0331238, 53.554569 ] ] } },
{ "type": "Feature", "properties": { "u": 2471652297, "v": 2471652308, "key": 0, "osmid": "243547280", "highway": "secondary_link", "lanes": "2", "maxspeed": "50", "name": "Ausschläger Weg", "oneway": true, "ref": "", "reversed": "False", "length": 15.264216536219147, "bridge": "", "width": "", "tunnel": "", "access": "" }, "geometry": { "type": "LineString", "coordinates": [ [ 10.0332023, 53.5546059 ], [ 10.0330311, 53.5546981 ] ] } },
{ "type": "Feature", "properties": { "u": 2471652307, "v": 2471652297, "key": 0, "osmid": "8160201", "highway": "secondary_link", "lanes": "2", "maxspeed": "50", "name": "Ausschläger Weg", "oneway": true, "ref": "", "reversed": "False", "length": 14.924601362593286, "bridge": "", "width": "", "tunnel": "", "access": "" }, "geometry": { "type": "LineString", "coordinates": [ [ 10.0333899, 53.5546807 ], [ 10.0332023, 53.5546059 ] ] } },
{ "type": "Feature", "properties": { "u": 2471652307, "v": 2471652308, "key": 0, "osmid": "756661406", "highway": "secondary", "lanes": "2", "maxspeed": "50", "name": "Borgfelder Straße", "oneway": true, "ref": "", "reversed": "False", "length": 23.807180023140774, "bridge": "", "width": "", "tunnel": "", "access": "" }, "geometry": { "type": "LineString", "coordinates": [ [ 10.0333899, 53.5546807 ], [ 10.0331547, 53.554697 ], [ 10.0330311, 53.5546981 ] ] } },
{ "type": "Feature", "properties": { "u": 2471652308, "v": 7302014260, "key": 0, "osmid": "252773238", "highway": "secondary", "lanes": "2", "maxspeed": "50", "name": "Borgfelder Straße", "oneway": true, "ref": "", "reversed": "False", "length": 86.735894587652723, "bridge": "", "width": "", "tunnel": "", "access": "" }, "geometry": { "type": "LineString", "coordinates": [ [ 10.0330311, 53.5546981 ], [ 10.0328217, 53.5547005 ], [ 10.0326365, 53.5546945 ], [ 10.0324598, 53.5546877 ], [ 10.0322858, 53.5546765 ], [ 10.0319915, 53.5546455 ], [ 10.0317523, 53.5545748 ] ] } },
{ "type": "Feature", "properties": { "u": 2562256039, "v": 7246371245, "key": 0, "osmid": "15090712", "highway": "unclassified", "lanes": "2", "maxspeed": "30", "name": "Westphalensweg", "oneway": false, "ref": "", "reversed": "True", "length": 40.15115700794054, "bridge": "", "width": "", "tunnel": "", "access": "" }, "geometry": { "type": "LineString", "coordinates": [ [ 10.0262913, 53.5566132 ], [ 10.0262118, 53.556544 ], [ 10.0259605, 53.5563103 ] ] } },
{ "type": "Feature", "properties": { "u": 2562256039, "v": 10212423646, "key": 0, "osmid": [ 26104512, 265687928, 143586396 ], "highway": "primary", "lanes": "5", "maxspeed": "50", "name": "Wallstraße", "oneway": true, "ref": "B 75", "reversed": "False", "length": 59.537061502699672, "bridge": "yes", "width": "", "tunnel": "", "access": "" }, "geometry": { "type": "LineString", "coordinates": [ [ 10.0262913, 53.5566132 ], [ 10.0264635, 53.5565022 ], [ 10.0268219, 53.5562711 ], [ 10.026847, 53.5562548 ], [ 10.026902, 53.5562194 ] ] } },
{ "type": "Feature", "properties": { "u": 2592319863, "v": 18128903, "key": 0, "osmid": "143586370", "highway": "residential", "lanes": "1", "maxspeed": "30", "name": "Stralsunder Straße", "oneway": false, "ref": "", "reversed": "True", "length": 9.9747419995677777, "bridge": "", "width": "", "tunnel": "", "access": "" }, "geometry": { "type": "LineString", "coordinates": [ [ 10.0134194, 53.5540442 ], [ 10.0135476, 53.5539968 ] ] } },
{ "type": "Feature", "properties": { "u": 2592319863, "v": 775202868, "key": 0, "osmid": "253280385", "highway": "residential", "lanes": "2", "maxspeed": "30", "name": "Stralsunder Straße", "oneway": false, "ref": "", "reversed": "False", "length": 60.508561095977896, "bridge": "", "width": "", "tunnel": "", "access": "" }, "geometry": { "type": "LineString", "coordinates": [ [ 10.0134194, 53.5540442 ], [ 10.0133394, 53.5540735 ], [ 10.0132817, 53.5540958 ], [ 10.0132097, 53.5541355 ], [ 10.0131651, 53.5541711 ], [ 10.0128168, 53.5544468 ] ] } },
{ "type": "Feature", "properties": { "u": 2592319863, "v": 305286882, "key": 0, "osmid": [ 253280380, 147936465, 27805066, 609135788 ], "highway": "secondary", "lanes": [ "4", "2" ], "maxspeed": "50", "name": "Kreuzweg", "oneway": true, "ref": "", "reversed": "False", "length": 172.6387599120998, "bridge": "", "width": "", "tunnel": "", "access": "" }, "geometry": { "type": "LineString", "coordinates": [ [ 10.0134194, 53.5540442 ], [ 10.0133434, 53.5539723 ], [ 10.0133108, 53.5539304 ], [ 10.0132737, 53.5538735 ], [ 10.0132428, 53.5538209 ], [ 10.0132012, 53.5537349 ], [ 10.0131725, 53.5536543 ], [ 10.013153, 53.5535715 ], [ 10.0131394, 53.5534755 ], [ 10.0131369, 53.5534186 ], [ 10.0131445, 53.5533331 ], [ 10.0131767, 53.5531082 ], [ 10.0131986, 53.5529541 ], [ 10.0132294, 53.5527277 ], [ 10.0132393, 53.5526545 ], [ 10.0132542, 53.5525253 ] ] } },
{ "type": "Feature", "properties": { "u": 2592319863, "v": 305286817, "key": 0, "osmid": [ 640967467, 1207286612, 143586359 ], "highway": "unclassified", "lanes": "1", "maxspeed": "20", "name": "Steindamm", "oneway": true, "ref": "", "reversed": "False", "length": 306.37972757518793, "bridge": "", "width": "", "tunnel": "", "access": "" }, "geometry": { "type": "LineString", "coordinates": [ [ 10.0134194, 53.5540442 ], [ 10.0133273, 53.5540312 ], [ 10.0132531, 53.5540171 ], [ 10.0131792, 53.5539927 ], [ 10.0131486, 53.5539805 ], [ 10.0130438, 53.5539334 ], [ 10.0126763, 53.5537689 ], [ 10.0101463, 53.5526339 ], [ 10.0100902, 53.5526035 ], [ 10.0100641, 53.5525842 ], [ 10.0100467, 53.5525649 ], [ 10.0100191, 53.5524895 ], [ 10.0100149, 53.552479 ], [ 10.0100005, 53.552443 ], [ 10.0099544, 53.5523168 ] ] } },
{ "type": "Feature", "properties": { "u": 3380818382, "v": 150151496, "key": 0, "osmid": "190417288", "highway": "primary", "lanes": "3", "maxspeed": "50", "name": "Steinhauerdamm", "oneway": true, "ref": "B 75", "reversed": "False", "length": 34.417645388106024, "bridge": "", "width": "", "tunnel": "", "access": "" }, "geometry": { "type": "LineString", "coordinates": [ [ 10.026137, 53.5572622 ], [ 10.0260735, 53.5571135 ], [ 10.0260514, 53.5570619 ], [ 10.0260194, 53.5569608 ] ] } },
{ "type": "Feature", "properties": { "u": 3380818382, "v": 2007741864, "key": 0, "osmid": "331032437", "highway": "primary_link", "lanes": "", "maxspeed": "", "name": "", "oneway": true, "ref": "", "reversed": "False", "length": 38.61511746582508, "bridge": "", "width": "", "tunnel": "", "access": "" }, "geometry": { "type": "LineString", "coordinates": [ [ 10.026137, 53.5572622 ], [ 10.0260794, 53.5572161 ], [ 10.0260087, 53.5571853 ], [ 10.025922, 53.5571677 ], [ 10.0258585, 53.5571646 ], [ 10.0257386, 53.5571656 ], [ 10.0256157, 53.5571793 ] ] } },
{ "type": "Feature", "properties": { "u": 3474147854, "v": 248728375, "key": 0, "osmid": "26627293", "highway": "residential", "lanes": "", "maxspeed": "30", "name": "Danziger Straße", "oneway": true, "ref": "", "reversed": "False", "length": 37.145640961423432, "bridge": "", "width": "", "tunnel": "", "access": "" }, "geometry": { "type": "LineString", "coordinates": [ [ 10.0125992, 53.5572896 ], [ 10.0122361, 53.5575065 ], [ 10.0122027, 53.5575265 ] ] } },
{ "type": "Feature", "properties": { "u": 3669780073, "v": 21299497, "key": 0, "osmid": "190163821", "highway": "residential", "lanes": "2", "maxspeed": "30", "name": "Ifflandstraße", "oneway": false, "ref": "", "reversed": "True", "length": 9.5403443633665876, "bridge": "", "width": "", "tunnel": "", "access": "" }, "geometry": { "type": "LineString", "coordinates": [ [ 10.0231274, 53.5592172 ], [ 10.023062, 53.5592937 ] ] } },
{ "type": "Feature", "properties": { "u": 3669780073, "v": 21299490, "key": 0, "osmid": "4018075", "highway": "residential", "lanes": "", "maxspeed": "30", "name": "Bozenhardweg", "oneway": false, "ref": "", "reversed": "False", "length": 125.55807421707354, "bridge": "", "width": "6.1", "tunnel": "", "access": "" }, "geometry": { "type": "LineString", "coordinates": [ [ 10.0231274, 53.5592172 ], [ 10.0232384, 53.559106 ], [ 10.0232928, 53.55908 ], [ 10.0233799, 53.5590549 ], [ 10.0234327, 53.5590517 ], [ 10.0235364, 53.5590484 ], [ 10.0240457, 53.559283 ], [ 10.0241124, 53.5593128 ], [ 10.0244589, 53.5594735 ], [ 10.0246395, 53.5595126 ] ] } },
{ "type": "Feature", "properties": { "u": 3673068120, "v": 18128907, "key": 0, "osmid": "363104439", "highway": "primary", "lanes": "2", "maxspeed": "50", "name": "Schwanenwik", "oneway": true, "ref": "", "reversed": "False", "length": 46.317063568492202, "bridge": "", "width": "", "tunnel": "", "access": "" }, "geometry": { "type": "LineString", "coordinates": [ [ 10.0155513, 53.5629356 ], [ 10.0154113, 53.5628617 ], [ 10.0152274, 53.5627413 ], [ 10.0150994, 53.5626205 ] ] } },
{ "type": "Feature", "properties": { "u": 3673068120, "v": 1973693033, "key": 0, "osmid": "1266104813", "highway": "primary", "lanes": "2", "maxspeed": "50", "name": "Sechslingspforte", "oneway": true, "ref": "", "reversed": "False", "length": 31.275748224312114, "bridge": "", "width": "", "tunnel": "", "access": "" }, "geometry": { "type": "LineString", "coordinates": [ [ 10.0155513, 53.5629356 ], [ 10.0154129, 53.5627875 ], [ 10.0153885, 53.5627531 ], [ 10.0153716, 53.5627187 ], [ 10.0153664, 53.5626801 ] ] } },
{ "type": "Feature", "properties": { "u": 3692819581, "v": 305286859, "key": 0, "osmid": "528961146", "highway": "secondary", "lanes": "3", "maxspeed": "50", "name": "Berlinertordamm", "oneway": true, "ref": "", "reversed": "False", "length": 9.3164381484318977, "bridge": "", "width": "", "tunnel": "", "access": "" }, "geometry": { "type": "LineString", "coordinates": [ [ 10.0244424, 53.5536096 ], [ 10.0243027, 53.5535981 ] ] } },
{ "type": "Feature", "properties": { "u": 3692819581, "v": 14469672, "key": 0, "osmid": "365244736", "highway": "unclassified", "lanes": "1", "maxspeed": "50", "name": "Berliner Tor", "oneway": true, "ref": "", "reversed": "False", "length": 34.610777994275466, "bridge": "", "width": "", "tunnel": "", "access": "" }, "geometry": { "type": "LineString", "coordinates": [ [ 10.0244424, 53.5536096 ], [ 10.0244516, 53.5536395 ], [ 10.0244443, 53.5536684 ], [ 10.0244162, 53.553713 ], [ 10.024284, 53.5538475 ], [ 10.0242135, 53.5538715 ] ] } },
{ "type": "Feature", "properties": { "u": 3722049722, "v": 14469670, "key": 0, "osmid": "776635598", "highway": "unclassified", "lanes": "1", "maxspeed": "50", "name": "Berliner Tor", "oneway": true, "ref": "", "reversed": "False", "length": 19.88539425478098, "bridge": "", "width": "", "tunnel": "", "access": "" }, "geometry": { "type": "LineString", "coordinates": [ [ 10.0243717, 53.553556 ], [ 10.0244472, 53.5535295 ], [ 10.0246577, 53.5535089 ] ] } },
{ "type": "Feature", "properties": { "u": 3722049722, "v": 3692819581, "key": 0, "osmid": "776635599", "highway": "unclassified", "lanes": "1", "maxspeed": "50", "name": "Berliner Tor", "oneway": true, "ref": "", "reversed": "False", "length": 7.7085370713570818, "bridge": "", "width": "", "tunnel": "", "access": "" }, "geometry": { "type": "LineString", "coordinates": [ [ 10.0243717, 53.553556 ], [ 10.0244158, 53.5535789 ], [ 10.0244424, 53.5536096 ] ] } },
{ "type": "Feature", "properties": { "u": 3822697270, "v": 155491551, "key": 0, "osmid": "188228393", "highway": "primary", "lanes": "2", "maxspeed": "50", "name": "Amsinckstraße", "oneway": true, "ref": "B 4", "reversed": "False", "length": 27.277119192672021, "bridge": "", "width": "", "tunnel": "", "access": "" }, "geometry": { "type": "LineString", "coordinates": [ [ 10.0120082, 53.5478599 ], [ 10.0123966, 53.5477767 ] ] } },
{ "type": "Feature", "properties": { "u": 3822697270, "v": 5480699380, "key": 0, "osmid": "570009190", "highway": "residential", "lanes": "1", "maxspeed": "50", "name": "Woltmanstraße", "oneway": true, "ref": "", "reversed": "False", "length": 11.676384160292109, "bridge": "", "width": "", "tunnel": "", "access": "" }, "geometry": { "type": "LineString", "coordinates": [ [ 10.0120082, 53.5478599 ], [ 10.0120811, 53.547806 ], [ 10.012109, 53.5477742 ] ] } },
{ "type": "Feature", "properties": { "u": 4272450389, "v": 33324491, "key": 0, "osmid": [ 143586337, 636100258 ], "highway": "residential", "lanes": "", "maxspeed": "50", "name": "Repsoldstraße", "oneway": false, "ref": "", "reversed": "False", "length": 28.113188741373641, "bridge": "", "width": "7", "tunnel": "", "access": "" }, "geometry": { "type": "LineString", "coordinates": [ [ 10.0112305, 53.550763 ], [ 10.0111811, 53.5508088 ], [ 10.0111561, 53.5508403 ], [ 10.0111409, 53.5508739 ], [ 10.0111122, 53.5509409 ], [ 10.0111091, 53.5509509 ], [ 10.0110941, 53.5509996 ] ] } },
{ "type": "Feature", "properties": { "u": 4272450389, "v": 257879646, "key": 0, "osmid": "143586337", "highway": "residential", "lanes": "", "maxspeed": "50", "name": "Repsoldstraße", "oneway": false, "ref": "", "reversed": "True", "length": 29.975650592854279, "bridge": "", "width": "7", "tunnel": "", "access": "" }, "geometry": { "type": "LineString", "coordinates": [ [ 10.0112305, 53.550763 ], [ 10.011303, 53.5507129 ], [ 10.0114539, 53.5506323 ], [ 10.0115496, 53.5505719 ] ] } },
{ "type": "Feature", "properties": { "u": 4398736916, "v": 21271853, "key": 0, "osmid": "959805461", "highway": "residential", "lanes": "", "maxspeed": "50", "name": "Schweimlerstraße", "oneway": false, "ref": "", "reversed": "True", "length": 11.647027806660113, "bridge": "", "width": "", "tunnel": "", "access": "" }, "geometry": { "type": "LineString", "coordinates": [ [ 10.0179886, 53.5610965 ], [ 10.0181042, 53.5611756 ] ] } },
{ "type": "Feature", "properties": { "u": 4398736916, "v": 9445940433, "key": 0, "osmid": [ 4015576, 765746477 ], "highway": "residential", "lanes": "", "maxspeed": "50", "name": "Schweimlerstraße", "oneway": true, "ref": "", "reversed": "False", "length": 160.03517230587494, "bridge": "", "width": "", "tunnel": "", "access": "" }, "geometry": { "type": "LineString", "coordinates": [ [ 10.0179886, 53.5610965 ], [ 10.017938, 53.5610671 ], [ 10.0179106, 53.5610565 ], [ 10.0178694, 53.5610451 ], [ 10.0178253, 53.561036 ], [ 10.0177867, 53.5610291 ], [ 10.0177394, 53.5610251 ], [ 10.0176914, 53.5610234 ], [ 10.0176554, 53.5610241 ], [ 10.017563, 53.5610375 ], [ 10.0172519, 53.5611036 ], [ 10.0171701, 53.5611227 ], [ 10.0171441, 53.5611301 ], [ 10.0171035, 53.5611417 ], [ 10.0170546, 53.5611594 ], [ 10.01698, 53.561191 ], [ 10.0169098, 53.5612244 ], [ 10.0168683, 53.5612512 ], [ 10.0168143, 53.5612873 ], [ 10.0167653, 53.5613246 ], [ 10.0167007, 53.5613804 ], [ 10.0165542, 53.5615124 ], [ 10.0165073, 53.5615495 ], [ 10.0164513, 53.56159 ], [ 10.0164011, 53.5616174 ], [ 10.0163416, 53.5616489 ], [ 10.0162601, 53.56169 ], [ 10.0161095, 53.5617731 ] ] } },
{ "type": "Feature", "properties": { "u": 5258212049, "v": 215252774, "key": 0, "osmid": "142944218", "highway": "secondary", "lanes": "1", "maxspeed": "50", "name": "Altmannbrücke", "oneway": true, "ref": "", "reversed": "False", "length": 11.614124855298174, "bridge": "", "width": "", "tunnel": "", "access": "" }, "geometry": { "type": "LineString", "coordinates": [ [ 10.0067096, 53.5502888 ], [ 10.0065385, 53.5502648 ] ] } },
{ "type": "Feature", "properties": { "u": 5258212049, "v": 9592363211, "key": 0, "osmid": "1020536055", "highway": "secondary_link", "lanes": "2", "maxspeed": "50", "name": "", "oneway": true, "ref": "", "reversed": "False", "length": 12.328354324962335, "bridge": "", "width": "", "tunnel": "", "access": "" }, "geometry": { "type": "LineString", "coordinates": [ [ 10.0067096, 53.5502888 ], [ 10.0065439, 53.5502378 ] ] } },
{ "type": "Feature", "properties": { "u": 5445518010, "v": 279544886, "key": 0, "osmid": "53724239", "highway": "primary", "lanes": "4", "maxspeed": "50", "name": "Eiffestraße", "oneway": false, "ref": "", "reversed": "False", "length": 104.70678631683225, "bridge": "", "width": "", "tunnel": "", "access": "" }, "geometry": { "type": "LineString", "coordinates": [ [ 10.033115, 53.5522978 ], [ 10.031533, 53.5522396 ] ] } },
{ "type": "Feature", "properties": { "u": 5445518010, "v": 8713901990, "key": 0, "osmid": "940905386", "highway": "primary", "lanes": "4", "maxspeed": "50", "name": "Eiffestraße", "oneway": true, "ref": "", "reversed": "False", "length": 105.23990864957351, "bridge": "", "width": "", "tunnel": "", "access": "" }, "geometry": { "type": "LineString", "coordinates": [ [ 10.033115, 53.5522978 ], [ 10.0338006, 53.5522846 ], [ 10.0342663, 53.5523024 ], [ 10.0343668, 53.5523057 ], [ 10.0347062, 53.5523158 ] ] } },
{ "type": "Feature", "properties": { "u": 5480699380, "v": 155491551, "key": 0, "osmid": "143586186", "highway": "unclassified", "lanes": "", "maxspeed": "50", "name": "Amsinckstraße", "oneway": true, "ref": "", "reversed": "False", "length": 19.002849107338974, "bridge": "", "width": "", "tunnel": "", "access": "" }, "geometry": { "type": "LineString", "coordinates": [ [ 10.012109, 53.5477742 ], [ 10.0123966, 53.5477767 ] ] } },
{ "type": "Feature", "properties": { "u": 5480699380, "v": 155480263, "key": 0, "osmid": "570009190", "highway": "residential", "lanes": "1", "maxspeed": "50", "name": "Woltmanstraße", "oneway": true, "ref": "", "reversed": "False", "length": 28.113768837424498, "bridge": "", "width": "", "tunnel": "", "access": "" }, "geometry": { "type": "LineString", "coordinates": [ [ 10.012109, 53.5477742 ], [ 10.0121665, 53.5477086 ], [ 10.0122545, 53.5476066 ], [ 10.0123044, 53.5475496 ] ] } },
{ "type": "Feature", "properties": { "u": 5717520501, "v": 8659417434, "key": 0, "osmid": "4327836", "highway": "residential", "lanes": "", "maxspeed": "30", "name": "Elisenstraße", "oneway": false, "ref": "", "reversed": "False", "length": 20.828771743014713, "bridge": "", "width": "", "tunnel": "", "access": "" }, "geometry": { "type": "LineString", "coordinates": [ [ 10.0320047, 53.5613976 ], [ 10.0322242, 53.5612631 ] ] } },
{ "type": "Feature", "properties": { "u": 5717520501, "v": 8659417431, "key": 0, "osmid": "934325508", "highway": "residential", "lanes": "", "maxspeed": "50", "name": "Elisenstraße", "oneway": true, "ref": "", "reversed": "False", "length": 19.300447765749226, "bridge": "", "width": "", "tunnel": "", "access": "" }, "geometry": { "type": "LineString", "coordinates": [ [ 10.0320047, 53.5613976 ], [ 10.0319873, 53.5614393 ], [ 10.031929, 53.5614815 ], [ 10.0318379, 53.5615349 ] ] } },
{ "type": "Feature", "properties": { "u": 6208826411, "v": 6208826411, "key": 0, "osmid": [ 1235588961, 242358010, 1235588963 ], "highway": "residential", "lanes": "", "maxspeed": "", "name": "Borgfelder Allee", "oneway": false, "ref": "", "reversed": [ false, true ], "length": 60.407245095653352, "bridge": "", "width": "", "tunnel": "", "access": "" }, "geometry": { "type": "LineString", "coordinates": [ [ 10.0277287, 53.5525788 ], [ 10.0276517, 53.552598 ], [ 10.0275535, 53.5526352 ], [ 10.027534, 53.5526752 ], [ 10.0275296, 53.5526947 ], [ 10.0275332, 53.5527209 ], [ 10.0275438, 53.5527484 ], [ 10.0275571, 53.5527665 ], [ 10.0275778, 53.5527776 ], [ 10.027603, 53.5527855 ], [ 10.0276354, 53.5527884 ], [ 10.0276658, 53.5527865 ], [ 10.0276825, 53.5527805 ], [ 10.0276951, 53.5527684 ], [ 10.0277279, 53.5526742 ], [ 10.0277352, 53.5526236 ], [ 10.0277287, 53.5525788 ] ] } },
{ "type": "Feature", "properties": { "u": 6208826411, "v": 6208826411, "key": 1, "osmid": [ 1235588961, 242358010, 1235588963 ], "highway": "residential", "lanes": "", "maxspeed": "", "name": "Borgfelder Allee", "oneway": false, "ref": "", "reversed": [ false, true ], "length": 60.407245095653337, "bridge": "", "width": "", "tunnel": "", "access": "" }, "geometry": { "type": "LineString", "coordinates": [ [ 10.0277287, 53.5525788 ], [ 10.0277352, 53.5526236 ], [ 10.0277279, 53.5526742 ], [ 10.0276951, 53.5527684 ], [ 10.0276825, 53.5527805 ], [ 10.0276658, 53.5527865 ], [ 10.0276354, 53.5527884 ], [ 10.027603, 53.5527855 ], [ 10.0275778, 53.5527776 ], [ 10.0275571, 53.5527665 ], [ 10.0275438, 53.5527484 ], [ 10.0275332, 53.5527209 ], [ 10.0275296, 53.5526947 ], [ 10.027534, 53.5526752 ], [ 10.0275535, 53.5526352 ], [ 10.0276517, 53.552598 ], [ 10.0277287, 53.5525788 ] ] } },
{ "type": "Feature", "properties": { "u": 6208826411, "v": 259794340, "key": 0, "osmid": [ 1292820752, 23964671 ], "highway": "residential", "lanes": "", "maxspeed": "", "name": "Borgfelder Allee", "oneway": false, "ref": "", "reversed": "True", "length": 48.126671771894422, "bridge": "", "width": "", "tunnel": "", "access": "" }, "geometry": { "type": "LineString", "coordinates": [ [ 10.0277287, 53.5525788 ], [ 10.0278236, 53.5524949 ], [ 10.0279234, 53.5524298 ], [ 10.0279665, 53.5523993 ], [ 10.0280577, 53.5523347 ], [ 10.0281112, 53.5522836 ], [ 10.0281661, 53.552234 ] ] } },
{ "type": "Feature", "properties": { "u": 7151680440, "v": 34629964, "key": 0, "osmid": "765746471", "highway": "primary", "lanes": "5", "maxspeed": "50", "name": "Sechslingspforte", "oneway": false, "ref": "", "reversed": "False", "length": 40.527634023881198, "bridge": "", "width": "", "tunnel": "", "access": "" }, "geometry": { "type": "LineString", "coordinates": [ [ 10.0185935, 53.5609099 ], [ 10.0190648, 53.5606765 ] ] } },
{ "type": "Feature", "properties": { "u": 7151680440, "v": 21271853, "key": 0, "osmid": "177430166", "highway": "primary", "lanes": "5", "maxspeed": "50", "name": "Sechslingspforte", "oneway": false, "ref": "", "reversed": "True", "length": 43.844798263821204, "bridge": "", "width": "", "tunnel": "", "access": "" }, "geometry": { "type": "LineString", "coordinates": [ [ 10.0185935, 53.5609099 ], [ 10.0183318, 53.5610382 ], [ 10.0181042, 53.5611756 ] ] } },
{ "type": "Feature", "properties": { "u": 7151680450, "v": 18699706, "key": 0, "osmid": "53334014", "highway": "residential", "lanes": "2", "maxspeed": "30", "name": "Ackermannstraße", "oneway": false, "ref": "", "reversed": "False", "length": 9.133915880952566, "bridge": "", "width": "", "tunnel": "", "access": "" }, "geometry": { "type": "LineString", "coordinates": [ [ 10.0189828, 53.5610232 ], [ 10.018948, 53.5611027 ] ] } },
{ "type": "Feature", "properties": { "u": 7151680450, "v": 7151680440, "key": 0, "osmid": [ 765746472, 1342523298 ], "highway": "residential", "lanes": "1", "maxspeed": "30", "name": "Ackermannstraße", "oneway": true, "ref": "", "reversed": "False", "length": 33.052071524940075, "bridge": "", "width": "3.9", "tunnel": "", "access": "" }, "geometry": { "type": "LineString", "coordinates": [ [ 10.0189828, 53.5610232 ], [ 10.0189715, 53.5609966 ], [ 10.0189486, 53.5609685 ], [ 10.0189203, 53.560944 ], [ 10.0188959, 53.5609291 ], [ 10.018865, 53.5609177 ], [ 10.0188302, 53.5609081 ], [ 10.0187794, 53.5609001 ], [ 10.0187099, 53.5608959 ], [ 10.0186496, 53.5608991 ], [ 10.0185935, 53.5609099 ] ] } },
{ "type": "Feature", "properties": { "u": 7156549505, "v": 21271853, "key": 0, "osmid": "186624445", "highway": "primary", "lanes": "5", "maxspeed": "50", "name": "Sechslingspforte", "oneway": false, "ref": "", "reversed": "False", "length": 109.85572799141015, "bridge": "", "width": "", "tunnel": "", "access": "" }, "geometry": { "type": "LineString", "coordinates": [ [ 10.0169402, 53.5618812 ], [ 10.0175926, 53.5614956 ], [ 10.0181042, 53.5611756 ] ] } },
{ "type": "Feature", "properties": { "u": 7156549505, "v": 59744169, "key": 0, "osmid": "1082517561", "highway": "primary", "lanes": "3", "maxspeed": "50", "name": "Sechslingspforte", "oneway": true, "ref": "", "reversed": "False", "length": 29.301255030146425, "bridge": "", "width": "", "tunnel": "", "access": "" }, "geometry": { "type": "LineString", "coordinates": [ [ 10.0169402, 53.5618812 ], [ 10.0168823, 53.5619731 ], [ 10.0168183, 53.5620101 ], [ 10.016685, 53.5620898 ] ] } },
{ "type": "Feature", "properties": { "u": 7246371245, "v": 2562256039, "key": 0, "osmid": "15090712", "highway": "unclassified", "lanes": "2", "maxspeed": "30", "name": "Westphalensweg", "oneway": false, "ref": "", "reversed": "False", "length": 40.15115700794054, "bridge": "", "width": "", "tunnel": "", "access": "" }, "geometry": { "type": "LineString", "coordinates": [ [ 10.0259605, 53.5563103 ], [ 10.0262118, 53.556544 ], [ 10.0262913, 53.5566132 ] ] } },
{ "type": "Feature", "properties": { "u": 7246371245, "v": 148887327, "key": 0, "osmid": "27869809", "highway": "unclassified", "lanes": "1", "maxspeed": "30", "name": "Westphalensweg", "oneway": true, "ref": "", "reversed": "False", "length": 115.44192783239129, "bridge": "", "width": "", "tunnel": "", "access": "" }, "geometry": { "type": "LineString", "coordinates": [ [ 10.0259605, 53.5563103 ], [ 10.0260032, 53.55629 ], [ 10.0260179, 53.5562791 ], [ 10.0260285, 53.5562669 ], [ 10.0260344, 53.5562539 ], [ 10.0260367, 53.556244 ], [ 10.0260364, 53.5562298 ], [ 10.0260326, 53.556215 ], [ 10.0260255, 53.5562018 ], [ 10.0259737, 53.5561392 ], [ 10.025909, 53.5560597 ], [ 10.0258024, 53.5559229 ], [ 10.0257167, 53.5558072 ], [ 10.0256676, 53.5557332 ], [ 10.0255775, 53.5555917 ], [ 10.0255157, 53.5554693 ], [ 10.025458, 53.5553567 ] ] } },
{ "type": "Feature", "properties": { "u": 7246371258, "v": 14469672, "key": 0, "osmid": [ 1270418761, 3042247 ], "highway": "unclassified", "lanes": "2", "maxspeed": "30", "name": "Westphalensweg", "oneway": false, "ref": "", "reversed": "True", "length": 59.096250896381207, "bridge": "", "width": "", "tunnel": "", "access": "" }, "geometry": { "type": "LineString", "coordinates": [ [ 10.02478, 53.5542758 ], [ 10.0247235, 53.5542163 ], [ 10.0246514, 53.5541518 ], [ 10.0245472, 53.554063 ], [ 10.0244598, 53.5539975 ], [ 10.0242999, 53.5539049 ], [ 10.0242135, 53.5538715 ] ] } },
{ "type": "Feature", "properties": { "u": 7246371258, "v": 14469675, "key": 0, "osmid": "231449241", "highway": "unclassified", "lanes": "1", "maxspeed": "30", "name": "Westphalensweg", "oneway": true, "ref": "", "reversed": "False", "length": 132.10403684747089, "bridge": "", "width": "", "tunnel": "", "access": "" }, "geometry": { "type": "LineString", "coordinates": [ [ 10.02478, 53.5542758 ], [ 10.0248591, 53.5543687 ], [ 10.0249263, 53.5544547 ], [ 10.0249876, 53.5545621 ], [ 10.0250317, 53.5546526 ], [ 10.0250647, 53.5547355 ], [ 10.0253281, 53.555414 ] ] } },
{ "type": "Feature", "properties": { "u": 7302014260, "v": 305286851, "key": 0, "osmid": "48657278", "highway": "secondary", "lanes": "4", "maxspeed": "50", "name": "Borgfelder Straße", "oneway": false, "ref": "", "reversed": "True", "length": 290.81484827863898, "bridge": "", "width": "", "tunnel": "", "access": "" }, "geometry": { "type": "LineString", "coordinates": [ [ 10.0317523, 53.5545748 ], [ 10.0315426, 53.5545457 ], [ 10.030874, 53.5544279 ], [ 10.0295421, 53.5541953 ], [ 10.0290825, 53.5541109 ], [ 10.0285866, 53.5540201 ], [ 10.0280855, 53.5539357 ], [ 10.0275223, 53.5538517 ] ] } },
{ "type": "Feature", "properties": { "u": 7302014260, "v": 25677546, "key": 0, "osmid": [ 168802241, 243547281 ], "highway": "secondary", "lanes": [ "3", "2" ], "maxspeed": "50", "name": "Borgfelder Straße", "oneway": true, "ref": "", "reversed": "False", "length": 91.137813675350202, "bridge": "", "width": "", "tunnel": "", "access": "" }, "geometry": { "type": "LineString", "coordinates": [ [ 10.0317523, 53.5545748 ], [ 10.0320129, 53.5545774 ], [ 10.0321386, 53.5545917 ], [ 10.0322134, 53.5545995 ], [ 10.0322915, 53.5546034 ], [ 10.0323562, 53.5546052 ], [ 10.0324685, 53.5546076 ], [ 10.0325365, 53.5546079 ], [ 10.0326481, 53.5546056 ], [ 10.0327796, 53.5545994 ], [ 10.0329493, 53.5545826 ], [ 10.0331238, 53.554569 ] ] } },
{ "type": "Feature", "properties": { "u": 8426668690, "v": 371195935, "key": 0, "osmid": "1041989576", "highway": "secondary", "lanes": "2", "maxspeed": "50", "name": "Altmannbrücke", "oneway": true, "ref": "", "reversed": "False", "length": 11.36844423323527, "bridge": "", "width": "", "tunnel": "", "access": "" }, "geometry": { "type": "LineString", "coordinates": [ [ 10.0064013, 53.5501071 ], [ 10.0065319, 53.5501232 ], [ 10.0065696, 53.5501284 ] ] } },
{ "type": "Feature", "properties": { "u": 8596101587, "v": 8596101588, "key": 0, "osmid": "926311954", "highway": "residential", "lanes": "", "maxspeed": "50", "name": "", "oneway": false, "ref": "", "reversed": "True", "length": 12.991360760686009, "bridge": "", "width": "22", "tunnel": "", "access": "" }, "geometry": { "type": "LineString", "coordinates": [ [ 10.0204992, 53.5571719 ], [ 10.0203601, 53.5572545 ] ] } },
{ "type": "Feature", "properties": { "u": 8596101587, "v": 258524139, "key": 0, "osmid": "190163818", "highway": "residential", "lanes": "", "maxspeed": "50", "name": "Berliner Tor", "oneway": false, "ref": "", "reversed": "True", "length": 88.919948931156682, "bridge": "", "width": "", "tunnel": "", "access": "" }, "geometry": { "type": "LineString", "coordinates": [ [ 10.0204992, 53.5571719 ], [ 10.0206397, 53.5570907 ], [ 10.0206977, 53.557055 ], [ 10.0207442, 53.5570256 ], [ 10.0208178, 53.5569774 ], [ 10.0212211, 53.5566582 ], [ 10.0213571, 53.5565575 ] ] } },
{ "type": "Feature", "properties": { "u": 8596101587, "v": 8596185870, "key": 0, "osmid": [ 926315048, 926311950, 1116898354, 926320052, 15660029 ], "highway": "secondary", "lanes": [ "5", "3", "2" ], "maxspeed": "50", "name": "Lübeckertordamm", "oneway": true, "ref": "", "reversed": "False", "length": 177.95338434315835, "bridge": "", "width": "", "tunnel": "", "access": "" }, "geometry": { "type": "LineString", "coordinates": [ [ 10.0204992, 53.5571719 ], [ 10.0206766, 53.557245 ], [ 10.0208876, 53.557342 ], [ 10.0214814, 53.5576219 ], [ 10.0220985, 53.557897 ], [ 10.0222686, 53.557977 ], [ 10.0223956, 53.5580326 ], [ 10.0225165, 53.5580791 ], [ 10.0226574, 53.5581279 ] ] } },
{ "type": "Feature", "properties": { "u": 8596101588, "v": 8596101587, "key": 0, "osmid": "926311954", "highway": "residential", "lanes": "", "maxspeed": "50", "name": "", "oneway": false, "ref": "", "reversed": "False", "length": 12.991360760686009, "bridge": "", "width": "22", "tunnel": "", "access": "" }, "geometry": { "type": "LineString", "coordinates": [ [ 10.0203601, 53.5572545 ], [ 10.0204992, 53.5571719 ] ] } },
{ "type": "Feature", "properties": { "u": 8596101588, "v": 8596101604, "key": 0, "osmid": "253280383", "highway": "secondary", "lanes": "2", "maxspeed": "50", "name": "Steindamm", "oneway": true, "ref": "", "reversed": "False", "length": 191.36004057914127, "bridge": "", "width": "", "tunnel": "", "access": "" }, "geometry": { "type": "LineString", "coordinates": [ [ 10.0203601, 53.5572545 ], [ 10.0201946, 53.557185 ], [ 10.0199005, 53.5570562 ], [ 10.0197738, 53.5569912 ], [ 10.0195405, 53.5568462 ], [ 10.0194816, 53.5568132 ], [ 10.0193864, 53.5567679 ], [ 10.0187621, 53.5564906 ], [ 10.018624, 53.5564452 ], [ 10.0184631, 53.556399 ], [ 10.0181716, 53.5562791 ], [ 10.0181157, 53.5562538 ], [ 10.0180551, 53.5562227 ] ] } },
{ "type": "Feature", "properties": { "u": 8596101588, "v": 18128895, "key": 0, "osmid": [ 1174230710, 28643183 ], "highway": "residential", "lanes": [ "3", "2" ], "maxspeed": [ "30", "50" ], "name": "Lohmühlenstraße", "oneway": false, "ref": "", "reversed": "True", "length": 91.827387425067542, "bridge": "", "width": "", "tunnel": "", "access": "" }, "geometry": { "type": "LineString", "coordinates": [ [ 10.0203601, 53.5572545 ], [ 10.0202292, 53.5573284 ], [ 10.0201847, 53.5573566 ], [ 10.0201113, 53.5573932 ], [ 10.020061, 53.5574119 ], [ 10.0200006, 53.5574302 ], [ 10.0199242, 53.557445 ], [ 10.0198404, 53.5574645 ], [ 10.0197863, 53.5574836 ], [ 10.0196459, 53.5575597 ], [ 10.0194279, 53.5576831 ], [ 10.0192854, 53.557764 ] ] } },
{ "type": "Feature", "properties": { "u": 8596101604, "v": 18128897, "key": 0, "osmid": "23783534", "highway": "residential", "lanes": "", "maxspeed": "30", "name": "Stiftstraße", "oneway": true, "ref": "", "reversed": "False", "length": 76.338713065321812, "bridge": "", "width": "", "tunnel": "", "access": "" }, "geometry": { "type": "LineString", "coordinates": [ [ 10.0180551, 53.5562227 ], [ 10.0179311, 53.5563022 ], [ 10.0177198, 53.5564461 ], [ 10.0172982, 53.5567414 ] ] } },
{ "type": "Feature", "properties": { "u": 8596101604, "v": 8596109027, "key": 0, "osmid": "253280383", "highway": "secondary", "lanes": "2", "maxspeed": "50", "name": "Steindamm", "oneway": true, "ref": "", "reversed": "False", "length": 136.16285728969714, "bridge": "", "width": "", "tunnel": "", "access": "" }, "geometry": { "type": "LineString", "coordinates": [ [ 10.0180551, 53.5562227 ], [ 10.0180171, 53.556204 ], [ 10.0179373, 53.5561523 ], [ 10.0178634, 53.5560998 ], [ 10.0177485, 53.5560329 ], [ 10.017631, 53.555978 ], [ 10.0168208, 53.5556121 ], [ 10.0166407, 53.5555391 ], [ 10.0165782, 53.5555115 ], [ 10.016454, 53.5554567 ] ] } },
{ "type": "Feature", "properties": { "u": 8596109026, "v": 8596109027, "key": 0, "osmid": "926311971", "highway": "residential", "lanes": "", "maxspeed": "50", "name": "Lindenstraße", "oneway": false, "ref": "", "reversed": "True", "length": 8.6674778091692026, "bridge": "", "width": "", "tunnel": "", "access": "" }, "geometry": { "type": "LineString", "coordinates": [ [ 10.0165315, 53.5553938 ], [ 10.016454, 53.5554567 ] ] } },
{ "type": "Feature", "properties": { "u": 8596109026, "v": 500829364, "key": 0, "osmid": "41073069", "highway": "residential", "lanes": "", "maxspeed": "30", "name": "Lindenstraße", "oneway": false, "ref": "", "reversed": "False", "length": 121.1110094816199, "bridge": "", "width": "", "tunnel": "", "access": "" }, "geometry": { "type": "LineString", "coordinates": [ [ 10.0165315, 53.5553938 ], [ 10.0166291, 53.5553145 ], [ 10.0166734, 53.5552786 ], [ 10.0170963, 53.5549289 ], [ 10.0171799, 53.5548597 ], [ 10.0174575, 53.5546301 ], [ 10.0176028, 53.5545099 ] ] } },
{ "type": "Feature", "properties": { "u": 8596109026, "v": 8596101587, "key": 0, "osmid": [ 51049322, 926315047 ], "highway": "secondary", "lanes": "2", "maxspeed": "50", "name": "Steindamm", "oneway": true, "ref": "", "reversed": "False", "length": 328.60688442700263, "bridge": "", "width": "", "tunnel": "", "access": "" }, "geometry": { "type": "LineString", "coordinates": [ [ 10.0165315, 53.5553938 ], [ 10.0166568, 53.55545 ], [ 10.0173897, 53.5557784 ], [ 10.0178078, 53.5559691 ], [ 10.017931, 53.5560376 ], [ 10.0180143, 53.5560862 ], [ 10.0180983, 53.5561278 ], [ 10.0182078, 53.5561782 ], [ 10.0182842, 53.5562119 ], [ 10.0184204, 53.5562734 ], [ 10.0185622, 53.5563247 ], [ 10.0186671, 53.5563593 ], [ 10.0187621, 53.5563959 ], [ 10.0198, 53.5568636 ], [ 10.0200537, 53.5569803 ], [ 10.0202389, 53.5570652 ], [ 10.0203085, 53.557095 ], [ 10.0204992, 53.5571719 ] ] } },
{ "type": "Feature", "properties": { "u": 8596109027, "v": 8596109026, "key": 0, "osmid": "926311971", "highway": "residential", "lanes": "", "maxspeed": "50", "name": "Lindenstraße", "oneway": false, "ref": "", "reversed": "False", "length": 8.6674778091692026, "bridge": "", "width": "", "tunnel": "", "access": "" }, "geometry": { "type": "LineString", "coordinates": [ [ 10.016454, 53.5554567 ], [ 10.0165315, 53.5553938 ] ] } },
{ "type": "Feature", "properties": { "u": 8596109027, "v": 8596249380, "key": 0, "osmid": "1207286637", "highway": "secondary", "lanes": "2", "maxspeed": "50", "name": "Steindamm", "oneway": true, "ref": "", "reversed": "False", "length": 45.455796601203254, "bridge": "", "width": "", "tunnel": "", "access": "" }, "geometry": { "type": "LineString", "coordinates": [ [ 10.016454, 53.5554567 ], [ 10.016324, 53.5553992 ], [ 10.0159109, 53.5552057 ] ] } },
{ "type": "Feature", "properties": { "u": 8596185868, "v": 8083276, "key": 0, "osmid": "1116898357", "highway": "primary", "lanes": "4", "maxspeed": "50", "name": "Sechslingspforte", "oneway": true, "ref": "", "reversed": "False", "length": 9.0013400380381476, "bridge": "", "width": "", "tunnel": "", "access": "" }, "geometry": { "type": "LineString", "coordinates": [ [ 10.0231568, 53.5583149 ], [ 10.0232732, 53.5582728 ] ] } },
{ "type": "Feature", "properties": { "u": 8596185868, "v": 266269406, "key": 0, "osmid": "15660433", "highway": "secondary_link", "lanes": "2", "maxspeed": "50", "name": "", "oneway": true, "ref": "", "reversed": "False", "length": 35.405838863122121, "bridge": "", "width": "", "tunnel": "", "access": "" }, "geometry": { "type": "LineString", "coordinates": [ [ 10.0231568, 53.5583149 ], [ 10.0232089, 53.5583302 ], [ 10.0232631, 53.5583504 ], [ 10.0233067, 53.5583751 ], [ 10.0233419, 53.5584006 ], [ 10.0233604, 53.5584199 ], [ 10.0233868, 53.5584585 ], [ 10.0233918, 53.558479 ], [ 10.02339, 53.5585016 ], [ 10.0233866, 53.5585248 ], [ 10.0233655, 53.5585697 ] ] } },
{ "type": "Feature", "properties": { "u": 8596185870, "v": 8083276, "key": 0, "osmid": "190163829", "highway": "secondary", "lanes": "3", "maxspeed": "50", "name": "Lübeckertordamm", "oneway": true, "ref": "", "reversed": "False", "length": 43.7758362041005, "bridge": "", "width": "", "tunnel": "", "access": "" }, "geometry": { "type": "LineString", "coordinates": [ [ 10.0226574, 53.5581279 ], [ 10.0229932, 53.5582001 ], [ 10.0231074, 53.5582278 ], [ 10.0232732, 53.5582728 ] ] } },
{ "type": "Feature", "properties": { "u": 8596185870, "v": 8596185868, "key": 0, "osmid": "926320053", "highway": "secondary_link", "lanes": "2", "maxspeed": "50", "name": "", "oneway": true, "ref": "", "reversed": "False", "length": 39.190467210137484, "bridge": "", "width": "", "tunnel": "", "access": "" }, "geometry": { "type": "LineString", "coordinates": [ [ 10.0226574, 53.5581279 ], [ 10.0229044, 53.5582408 ], [ 10.0230102, 53.5582747 ], [ 10.0231568, 53.5583149 ] ] } },
{ "type": "Feature", "properties": { "u": 8596249380, "v": 20997905, "key": 0, "osmid": "6068524", "highway": "residential", "lanes": "", "maxspeed": "50", "name": "Danziger Straße", "oneway": false, "ref": "", "reversed": "False", "length": 67.160790238915098, "bridge": "", "width": "", "tunnel": "", "access": "" }, "geometry": { "type": "LineString", "coordinates": [ [ 10.0159109, 53.5552057 ], [ 10.0158647, 53.5552478 ], [ 10.0157893, 53.5553038 ], [ 10.0154849, 53.5555076 ], [ 10.0152394, 53.5556581 ] ] } },
{ "type": "Feature", "properties": { "u": 8596249380, "v": 2592319863, "key": 0, "osmid": "926311972", "highway": "secondary", "lanes": "2", "maxspeed": "50", "name": "Steindamm", "oneway": true, "ref": "", "reversed": "False", "length": 209.70805173387748, "bridge": "", "width": "", "tunnel": "", "access": "" }, "geometry": { "type": "LineString", "coordinates": [ [ 10.0159109, 53.5552057 ], [ 10.0155768, 53.5550528 ], [ 10.0139607, 53.5543254 ], [ 10.0138658, 53.5542868 ], [ 10.0137803, 53.5542561 ], [ 10.0136841, 53.5542175 ], [ 10.013613, 53.5541778 ], [ 10.0135445, 53.5541317 ], [ 10.013499, 53.5541013 ], [ 10.0134194, 53.5540442 ] ] } },
{ "type": "Feature", "properties": { "u": 8596249383, "v": 8596249384, "key": 0, "osmid": "609180636", "highway": "secondary", "lanes": "2", "maxspeed": "50", "name": "Steindamm", "oneway": true, "ref": "", "reversed": "False", "length": 53.569502274914193, "bridge": "", "width": "", "tunnel": "", "access": "" }, "geometry": { "type": "LineString", "coordinates": [ [ 10.0147091, 53.5545725 ], [ 10.0153549, 53.5548639 ] ] } },
{ "type": "Feature", "properties": { "u": 8596249384, "v": 11186694543, "key": 0, "osmid": [ 609180636, 1207286638 ], "highway": "secondary", "lanes": [ "3", "2" ], "maxspeed": "50", "name": "Steindamm", "oneway": true, "ref": "", "reversed": "False", "length": 48.411221218963114, "bridge": "", "width": "", "tunnel": "", "access": "" }, "geometry": { "type": "LineString", "coordinates": [ [ 10.0153549, 53.5548639 ], [ 10.015607, 53.5549736 ], [ 10.0157451, 53.5550304 ], [ 10.015948, 53.5551196 ] ] } },
{ "type": "Feature", "properties": { "u": 8596263096, "v": 8596263108, "key": 0, "osmid": "926327563", "highway": "primary", "lanes": "3", "maxspeed": "50", "name": "Steinhauerdamm", "oneway": true, "ref": "B 75", "reversed": "False", "length": 13.704587209170313, "bridge": "", "width": "", "tunnel": "", "access": "" }, "geometry": { "type": "LineString", "coordinates": [ [ 10.0258129, 53.5589073 ], [ 10.0258372, 53.5587849 ] ] } },
{ "type": "Feature", "properties": { "u": 8596263096, "v": 156145292, "key": 0, "osmid": [ 15665066, 926327557, 190163826 ], "highway": "secondary", "lanes": [ "4", "3" ], "maxspeed": "50", "name": "Lübecker Straße", "oneway": true, "ref": "", "reversed": "False", "length": 159.98775671593492, "bridge": "", "width": "", "tunnel": "", "access": "" }, "geometry": { "type": "LineString", "coordinates": [ [ 10.0258129, 53.5589073 ], [ 10.0257123, 53.5588784 ], [ 10.02563, 53.5588581 ], [ 10.0255871, 53.5588475 ], [ 10.0254473, 53.558817 ], [ 10.0252405, 53.5587771 ], [ 10.0250773, 53.5587512 ], [ 10.0247481, 53.5587011 ], [ 10.0244894, 53.5586629 ], [ 10.024347, 53.5586468 ], [ 10.0241953, 53.5586341 ], [ 10.0240153, 53.5586216 ], [ 10.0237061, 53.5586129 ], [ 10.0236272, 53.558608 ], [ 10.0234669, 53.5585849 ] ] } },
{ "type": "Feature", "properties": { "u": 8596263097, "v": 8596263096, "key": 0, "osmid": "926327565", "highway": "primary", "lanes": "3", "maxspeed": "50", "name": "Lübecker Straße", "oneway": true, "ref": "B 75", "reversed": "False", "length": 11.960336594499294, "bridge": "", "width": "", "tunnel": "", "access": "" }, "geometry": { "type": "LineString", "coordinates": [ [ 10.0259716, 53.5589591 ], [ 10.0258129, 53.5589073 ] ] } },
{ "type": "Feature", "properties": { "u": 8596263097, "v": 2007741869, "key": 0, "osmid": [ 926327560, 926327572 ], "highway": "secondary", "lanes": "2", "maxspeed": "50", "name": "Mühlendamm", "oneway": true, "ref": "", "reversed": "False", "length": 69.392891991853688, "bridge": "", "width": "", "tunnel": "", "access": "" }, "geometry": { "type": "LineString", "coordinates": [ [ 10.0259716, 53.5589591 ], [ 10.0259593, 53.5590444 ], [ 10.0259545, 53.5590641 ], [ 10.0259481, 53.5590902 ], [ 10.0259258, 53.5591599 ], [ 10.0258788, 53.5592818 ], [ 10.025852, 53.5593521 ], [ 10.0257071, 53.559559 ] ] } },
{ "type": "Feature", "properties": { "u": 8596263101, "v": 1026367580, "key": 0, "osmid": [ 190163825, 887471967 ], "highway": "primary", "lanes": "6", "maxspeed": "50", "name": "Lübecker Straße", "oneway": false, "ref": "B 75", "reversed": "False", "length": 223.28303324628303, "bridge": "", "width": "", "tunnel": "", "access": "" }, "geometry": { "type": "LineString", "coordinates": [ [ 10.0270182, 53.5593333 ], [ 10.0283337, 53.5599193 ], [ 10.0286214, 53.5600507 ], [ 10.0286586, 53.5600677 ], [ 10.0287074, 53.5600899 ], [ 10.0288516, 53.5601558 ], [ 10.0288716, 53.5601649 ], [ 10.0289191, 53.5601866 ], [ 10.0297152, 53.560544 ] ] } },
{ "type": "Feature", "properties": { "u": 8596263101, "v": 8596263097, "key": 0, "osmid": [ 926327532, 926327558, 926327566 ], "highway": "primary", "lanes": [ "4", "5" ], "maxspeed": "50", "name": "Lübecker Straße", "oneway": true, "ref": "B 75", "reversed": "False", "length": 80.944249446686428, "bridge": "", "width": "", "tunnel": "", "access": "" }, "geometry": { "type": "LineString", "coordinates": [ [ 10.0270182, 53.5593333 ], [ 10.0267021, 53.5592509 ], [ 10.0263115, 53.5590949 ], [ 10.0262046, 53.5590522 ], [ 10.026144, 53.559028 ], [ 10.0259716, 53.5589591 ] ] } },
{ "type": "Feature", "properties": { "u": 8596263107, "v": 8596263097, "key": 0, "osmid": "926327562", "highway": "secondary", "lanes": "2", "maxspeed": "50", "name": "Mühlendamm", "oneway": true, "ref": "", "reversed": "False", "length": 16.349585371125574, "bridge": "", "width": "", "tunnel": "", "access": "" }, "geometry": { "type": "LineString", "coordinates": [ [ 10.0259927, 53.5588126 ], [ 10.0259716, 53.5589591 ] ] } },
{ "type": "Feature", "properties": { "u": 8596263107, "v": 8596263101, "key": 0, "osmid": "926327571", "highway": "primary", "lanes": "3", "maxspeed": "50", "name": "Lübecker Straße", "oneway": true, "ref": "B 75", "reversed": "False", "length": 91.227831061628109, "bridge": "", "width": "", "tunnel": "", "access": "" }, "geometry": { "type": "LineString", "coordinates": [ [ 10.0259927, 53.5588126 ], [ 10.0261281, 53.5588392 ], [ 10.0262069, 53.5588618 ], [ 10.0262902, 53.558893 ], [ 10.0263902, 53.5589372 ], [ 10.0266279, 53.5590519 ], [ 10.0268167, 53.559143 ], [ 10.0270182, 53.5593333 ] ] } },
{ "type": "Feature", "properties": { "u": 8596263108, "v": 8596263107, "key": 0, "osmid": "926327567", "highway": "secondary", "lanes": "3", "maxspeed": "50", "name": "Lübecker Straße", "oneway": true, "ref": "", "reversed": "False", "length": 10.722620820603749, "bridge": "", "width": "", "tunnel": "", "access": "" }, "geometry": { "type": "LineString", "coordinates": [ [ 10.0258372, 53.5587849 ], [ 10.0259927, 53.5588126 ] ] } },
{ "type": "Feature", "properties": { "u": 8596263108, "v": 3380818382, "key": 0, "osmid": [ 1116583302, 926327573, 1116583301 ], "highway": "primary", "lanes": [ "3", "2" ], "maxspeed": "50", "name": "Steinhauerdamm", "oneway": true, "ref": "B 75", "reversed": "False", "length": 171.35553722094986, "bridge": "", "width": "", "tunnel": "", "access": "" }, "geometry": { "type": "LineString", "coordinates": [ [ 10.0258372, 53.5587849 ], [ 10.0258567, 53.558688 ], [ 10.0258839, 53.5585962 ], [ 10.0259286, 53.5584607 ], [ 10.0260413, 53.558034 ], [ 10.0261315, 53.5576928 ], [ 10.0261555, 53.5576151 ], [ 10.0261689, 53.5575597 ], [ 10.0261773, 53.5575092 ], [ 10.0261788, 53.5574227 ], [ 10.0261639, 53.5573372 ], [ 10.026137, 53.5572622 ] ] } },
{ "type": "Feature", "properties": { "u": 8659417419, "v": 8659417420, "key": 0, "osmid": "602035755", "highway": "residential", "lanes": "", "maxspeed": "30", "name": "Alfredstraße", "oneway": false, "ref": "", "reversed": "True", "length": 11.75902262904561, "bridge": "", "width": "", "tunnel": "", "access": "" }, "geometry": { "type": "LineString", "coordinates": [ [ 10.0303451, 53.5607737 ], [ 10.0302981, 53.5608757 ] ] } },
{ "type": "Feature", "properties": { "u": 8659417419, "v": 258521920, "key": 0, "osmid": [ 23855097, 1346878309, 1346878310, 934325503 ], "highway": "residential", "lanes": "", "maxspeed": "30", "name": "Alfredstraße", "oneway": false, "ref": "", "reversed": "False", "length": 62.266124503193247, "bridge": "", "width": [ "10.1", "9.8" ], "tunnel": "", "access": "" }, "geometry": { "type": "LineString", "coordinates": [ [ 10.0303451, 53.5607737 ], [ 10.0303807, 53.5607 ], [ 10.0305937, 53.5603923 ], [ 10.0305995, 53.560384 ], [ 10.0306385, 53.5603222 ], [ 10.0306482, 53.5603067 ], [ 10.0306841, 53.5602516 ] ] } },
{ "type": "Feature", "properties": { "u": 8659417419, "v": 8659417428, "key": 0, "osmid": "934325510", "highway": "primary", "lanes": "3", "maxspeed": "50", "name": "Lübecker Straße", "oneway": true, "ref": "B 75", "reversed": "False", "length": 122.8322001899294, "bridge": "", "width": "", "tunnel": "", "access": "" }, "geometry": { "type": "LineString", "coordinates": [ [ 10.0303451, 53.5607737 ], [ 10.0304974, 53.5608446 ], [ 10.0305392, 53.5608655 ], [ 10.0306987, 53.5609456 ], [ 10.0310549, 53.5611169 ], [ 10.0313263, 53.5612445 ], [ 10.0314868, 53.5613279 ], [ 10.0315754, 53.5613744 ], [ 10.0316353, 53.5614071 ], [ 10.0317632, 53.5614869 ] ] } },
{ "type": "Feature", "properties": { "u": 8659417420, "v": 8659417419, "key": 0, "osmid": "602035755", "highway": "residential", "lanes": "", "maxspeed": "30", "name": "Alfredstraße", "oneway": false, "ref": "", "reversed": "False", "length": 11.75902262904561, "bridge": "", "width": "", "tunnel": "", "access": "" }, "geometry": { "type": "LineString", "coordinates": [ [ 10.0302981, 53.5608757 ], [ 10.0303451, 53.5607737 ] ] } },
{ "type": "Feature", "properties": { "u": 8659417420, "v": 25066467, "key": 0, "osmid": [ 4218306, 934298060 ], "highway": "residential", "lanes": "", "maxspeed": "30", "name": "Neubertstraße", "oneway": true, "ref": "", "reversed": "False", "length": 74.841264153672611, "bridge": "", "width": [ "7.6", "7.4" ], "tunnel": "", "access": "" }, "geometry": { "type": "LineString", "coordinates": [ [ 10.0302981, 53.5608757 ], [ 10.0302609, 53.5609622 ], [ 10.0302319, 53.5610368 ], [ 10.0300411, 53.5615312 ] ] } },
{ "type": "Feature", "properties": { "u": 8659417420, "v": 1026367580, "key": 0, "osmid": "934325498", "highway": "primary", "lanes": "3", "maxspeed": "50", "name": "Lübecker Straße", "oneway": true, "ref": "B 75", "reversed": "False", "length": 53.477726808626144, "bridge": "", "width": "", "tunnel": "", "access": "" }, "geometry": { "type": "LineString", "coordinates": [ [ 10.0302981, 53.5608757 ], [ 10.0301345, 53.560799 ], [ 10.0300985, 53.5607821 ], [ 10.0300217, 53.560744 ], [ 10.0297152, 53.560544 ] ] } },
{ "type": "Feature", "properties": { "u": 8659417426, "v": 8659417458, "key": 0, "osmid": "934325504", "highway": "residential", "lanes": "", "maxspeed": "30", "name": "Reismühle", "oneway": true, "ref": "", "reversed": "False", "length": 10.800247077136293, "bridge": "", "width": "", "tunnel": "", "access": "" }, "geometry": { "type": "LineString", "coordinates": [ [ 10.0324598, 53.5621013 ], [ 10.0323193, 53.562151 ] ] } },
{ "type": "Feature", "properties": { "u": 8659417426, "v": 8659417461, "key": 0, "osmid": "934325497", "highway": "primary", "lanes": "3", "maxspeed": "50", "name": "Lübecker Straße", "oneway": true, "ref": "B 75", "reversed": "False", "length": 46.945940216687916, "bridge": "", "width": "", "tunnel": "", "access": "" }, "geometry": { "type": "LineString", "coordinates": [ [ 10.0324598, 53.5621013 ], [ 10.0325828, 53.5622349 ], [ 10.0326227, 53.5622795 ], [ 10.0327383, 53.5624879 ] ] } },
{ "type": "Feature", "properties": { "u": 8659417428, "v": 8659417431, "key": 0, "osmid": "934325502", "highway": "primary", "lanes": "3", "maxspeed": "50", "name": "Lübecker Straße", "oneway": true, "ref": "B 75", "reversed": "False", "length": 7.2682705628600042, "bridge": "", "width": "", "tunnel": "", "access": "" }, "geometry": { "type": "LineString", "coordinates": [ [ 10.0317632, 53.5614869 ], [ 10.0318379, 53.5615349 ] ] } },
{ "type": "Feature", "properties": { "u": 8659417428, "v": 5717520501, "key": 0, "osmid": "934325507", "highway": "residential", "lanes": "", "maxspeed": "50", "name": "Elisenstraße", "oneway": true, "ref": "", "reversed": "False", "length": 19.070981161430712, "bridge": "", "width": "", "tunnel": "", "access": "" }, "geometry": { "type": "LineString", "coordinates": [ [ 10.0317632, 53.5614869 ], [ 10.0318683, 53.5614351 ], [ 10.0319262, 53.5614114 ], [ 10.0320047, 53.5613976 ] ] } },
{ "type": "Feature", "properties": { "u": 8659417431, "v": 8659417426, "key": 0, "osmid": "934325501", "highway": "primary", "lanes": "3", "maxspeed": "50", "name": "Lübecker Straße", "oneway": true, "ref": "B 75", "reversed": "False", "length": 75.44714287009316, "bridge": "", "width": "", "tunnel": "", "access": "" }, "geometry": { "type": "LineString", "coordinates": [ [ 10.0318379, 53.5615349 ], [ 10.0319482, 53.5616062 ], [ 10.0321054, 53.5617338 ], [ 10.0322339, 53.5618656 ], [ 10.0323385, 53.5619694 ], [ 10.0324598, 53.5621013 ] ] } },
{ "type": "Feature", "properties": { "u": 8659417434, "v": 5717520501, "key": 0, "osmid": "4327836", "highway": "residential", "lanes": "", "maxspeed": "30", "name": "Elisenstraße", "oneway": false, "ref": "", "reversed": "True", "length": 20.828771743014713, "bridge": "", "width": "", "tunnel": "", "access": "" }, "geometry": { "type": "LineString", "coordinates": [ [ 10.0322242, 53.5612631 ], [ 10.0320047, 53.5613976 ] ] } },
{ "type": "Feature", "properties": { "u": 8659417434, "v": 26315794, "key": 0, "osmid": [ 1270418584, 934325509, 1270418582, 1270418583 ], "highway": "residential", "lanes": "", "maxspeed": "30", "name": "Elisenstraße", "oneway": true, "ref": "", "reversed": "False", "length": 125.02127992180814, "bridge": "", "width": "", "tunnel": "", "access": "" }, "geometry": { "type": "LineString", "coordinates": [ [ 10.0322242, 53.5612631 ], [ 10.0322676, 53.5612145 ], [ 10.0327471, 53.5609415 ], [ 10.0328745, 53.5608689 ], [ 10.0329829, 53.5608072 ], [ 10.0335672, 53.5604745 ] ] } },
{ "type": "Feature", "properties": { "u": 8659417452, "v": 8659417428, "key": 0, "osmid": "934325506", "highway": "residential", "lanes": "", "maxspeed": "50", "name": "Elisenstraße", "oneway": true, "ref": "", "reversed": "False", "length": 17.718698267718722, "bridge": "", "width": "", "tunnel": "", "access": "" }, "geometry": { "type": "LineString", "coordinates": [ [ 10.0317833, 53.5616458 ], [ 10.0317632, 53.5614869 ] ] } },
{ "type": "Feature", "properties": { "u": 8659417452, "v": 8659417420, "key": 0, "osmid": "934325511", "highway": "primary", "lanes": "3", "maxspeed": "50", "name": "Lübecker Straße", "oneway": true, "ref": "B 75", "reversed": "False", "length": 130.645060812103, "bridge": "", "width": "", "tunnel": "", "access": "" }, "geometry": { "type": "LineString", "coordinates": [ [ 10.0317833, 53.5616458 ], [ 10.0316721, 53.5615683 ], [ 10.031569, 53.5615043 ], [ 10.0315187, 53.5614721 ], [ 10.0313902, 53.5613929 ], [ 10.0312649, 53.5613213 ], [ 10.0311028, 53.5612393 ], [ 10.0308785, 53.5611312 ], [ 10.0306453, 53.5610359 ], [ 10.0305352, 53.5609871 ], [ 10.0304653, 53.5609543 ], [ 10.0302981, 53.5608757 ] ] } },
{ "type": "Feature", "properties": { "u": 8659417457, "v": 25066469, "key": 0, "osmid": [ 26694648, 1270418587 ], "highway": "residential", "lanes": "", "maxspeed": "30", "name": "Wandsbeker Stieg", "oneway": false, "ref": "", "reversed": "True", "length": 78.713190665306826, "bridge": "", "width": "5.5", "tunnel": "", "access": "" }, "geometry": { "type": "LineString", "coordinates": [ [ 10.0320984, 53.5619256 ], [ 10.0319775, 53.5619766 ], [ 10.0318518, 53.5620264 ], [ 10.0317355, 53.5620646 ], [ 10.0316839, 53.562071 ], [ 10.0314752, 53.5620556 ], [ 10.0313342, 53.5620129 ], [ 10.0310329, 53.5619216 ] ] } },
{ "type": "Feature", "properties": { "u": 8659417457, "v": 8659417452, "key": 0, "osmid": "934325499", "highway": "primary", "lanes": "3", "maxspeed": "50", "name": "Lübecker Straße", "oneway": true, "ref": "B 75", "reversed": "False", "length": 37.459186939736789, "bridge": "", "width": "", "tunnel": "", "access": "" }, "geometry": { "type": "LineString", "coordinates": [ [ 10.0320984, 53.5619256 ], [ 10.0320009, 53.5618319 ], [ 10.0319362, 53.5617708 ], [ 10.0318652, 53.5617105 ], [ 10.0318197, 53.5616759 ], [ 10.0317833, 53.5616458 ] ] } },
{ "type": "Feature", "properties": { "u": 8659417458, "v": 8659417457, "key": 0, "osmid": "934325496", "highway": "primary", "lanes": "3", "maxspeed": "50", "name": "Lübecker Straße", "oneway": true, "ref": "B 75", "reversed": "False", "length": 29.000319785396162, "bridge": "", "width": "", "tunnel": "", "access": "" }, "geometry": { "type": "LineString", "coordinates": [ [ 10.0323193, 53.562151 ], [ 10.0320984, 53.5619256 ] ] } },
{ "type": "Feature", "properties": { "u": 8659417461, "v": 8659417458, "key": 0, "osmid": "934325505", "highway": "primary", "lanes": "3", "maxspeed": "50", "name": "Lübecker Straße", "oneway": true, "ref": "B 75", "reversed": "False", "length": 46.877358090074253, "bridge": "", "width": "", "tunnel": "", "access": "" }, "geometry": { "type": "LineString", "coordinates": [ [ 10.0327383, 53.5624879 ], [ 10.0324798, 53.5623202 ], [ 10.0324407, 53.5622781 ], [ 10.0323193, 53.562151 ] ] } },
{ "type": "Feature", "properties": { "u": 8713901989, "v": 8713901990, "key": 0, "osmid": "940905385", "highway": "tertiary", "lanes": "3", "maxspeed": "50", "name": "Ausschläger Weg", "oneway": false, "ref": "", "reversed": "True", "length": 14.729359958980458, "bridge": "", "width": "", "tunnel": "", "access": "" }, "geometry": { "type": "LineString", "coordinates": [ [ 10.0346125, 53.552436 ], [ 10.0347062, 53.5523158 ] ] } },
{ "type": "Feature", "properties": { "u": 8713901989, "v": 35835381, "key": 0, "osmid": [ 940472267, 940472268, 177037597 ], "highway": "tertiary", "lanes": [ "3", "2" ], "maxspeed": "50", "name": "Ausschläger Weg", "oneway": false, "ref": "", "reversed": "True", "length": 221.16154816281278, "bridge": "", "width": "", "tunnel": "", "access": "" }, "geometry": { "type": "LineString", "coordinates": [ [ 10.0346125, 53.552436 ], [ 10.0345414, 53.5525264 ], [ 10.0344986, 53.5525809 ], [ 10.0342711, 53.5528777 ], [ 10.0339438, 53.5533046 ], [ 10.0338779, 53.5533906 ], [ 10.033785, 53.5535117 ], [ 10.0336682, 53.5536724 ], [ 10.0333459, 53.5541157 ], [ 10.033303, 53.5541668 ], [ 10.0332344, 53.5542484 ] ] } },
{ "type": "Feature", "properties": { "u": 8713901989, "v": 5445518010, "key": 0, "osmid": "940905390", "highway": "primary", "lanes": "2", "maxspeed": "50", "name": "Eiffestraße", "oneway": true, "ref": "", "reversed": "False", "length": 100.24692634299275, "bridge": "", "width": "", "tunnel": "", "access": "" }, "geometry": { "type": "LineString", "coordinates": [ [ 10.0346125, 53.552436 ], [ 10.0344673, 53.5524307 ], [ 10.0342845, 53.5524217 ], [ 10.0340111, 53.5524029 ], [ 10.033115, 53.5522978 ] ] } },
{ "type": "Feature", "properties": { "u": 8713901990, "v": 8713901989, "key": 0, "osmid": "940905385", "highway": "tertiary", "lanes": "3", "maxspeed": "50", "name": "Ausschläger Weg", "oneway": false, "ref": "", "reversed": "False", "length": 14.729359958980458, "bridge": "", "width": "", "tunnel": "", "access": "" }, "geometry": { "type": "LineString", "coordinates": [ [ 10.0347062, 53.5523158 ], [ 10.0346125, 53.552436 ] ] } },
{ "type": "Feature", "properties": { "u": 8713901990, "v": 279545053, "key": 0, "osmid": "1292820742", "highway": "tertiary", "lanes": "2", "maxspeed": "50", "name": "Ausschläger Weg", "oneway": false, "ref": "", "reversed": "False", "length": 62.571388617293437, "bridge": "", "width": "", "tunnel": "", "access": "" }, "geometry": { "type": "LineString", "coordinates": [ [ 10.0347062, 53.5523158 ], [ 10.0348298, 53.5521537 ], [ 10.0348892, 53.5520758 ], [ 10.0350977, 53.5518034 ] ] } },
{ "type": "Feature", "properties": { "u": 8713995998, "v": 1655891797, "key": 0, "osmid": "245883029", "highway": "secondary_link", "lanes": "1", "maxspeed": "50", "name": "Eiffestraße", "oneway": true, "ref": "", "reversed": "False", "length": 30.681321915387599, "bridge": "", "width": "", "tunnel": "", "access": "" }, "geometry": { "type": "LineString", "coordinates": [ [ 10.0291884, 53.5522375 ], [ 10.0291585, 53.5522681 ], [ 10.0291419, 53.5522885 ], [ 10.0291268, 53.5523116 ], [ 10.0291164, 53.5523425 ], [ 10.0291143, 53.5523597 ], [ 10.0291143, 53.5523817 ], [ 10.0291162, 53.5524057 ], [ 10.0291211, 53.5524299 ], [ 10.0291271, 53.5524515 ], [ 10.0291404, 53.5524782 ], [ 10.029155, 53.5525008 ] ] } },
{ "type": "Feature", "properties": { "u": 8713995998, "v": 35835218, "key": 0, "osmid": "940906792", "highway": "primary", "lanes": "3", "maxspeed": "50", "name": "Eiffestraße", "oneway": true, "ref": "", "reversed": "False", "length": 27.495646125335536, "bridge": "", "width": "", "tunnel": "", "access": "" }, "geometry": { "type": "LineString", "coordinates": [ [ 10.0291884, 53.5522375 ], [ 10.0291313, 53.5522454 ], [ 10.029043, 53.5522581 ], [ 10.0289577, 53.5522716 ], [ 10.0288857, 53.55228 ], [ 10.028804, 53.5522887 ], [ 10.028782, 53.5522899 ] ] } },
{ "type": "Feature", "properties": { "u": 9208605775, "v": 59744173, "key": 0, "osmid": "1337207670", "highway": "primary", "lanes": "3", "maxspeed": "50", "name": "Schwanenwik", "oneway": true, "ref": "", "reversed": "False", "length": 15.253421750157345, "bridge": "", "width": "", "tunnel": "", "access": "" }, "geometry": { "type": "LineString", "coordinates": [ [ 10.0154177, 53.5625668 ], [ 10.0155643, 53.5626728 ] ] } },
{ "type": "Feature", "properties": { "u": 9208605775, "v": 59744145, "key": 0, "osmid": "51201766", "highway": "primary", "lanes": "2", "maxspeed": "50", "name": "Sechslingspforte", "oneway": true, "ref": "", "reversed": "False", "length": 24.783622041625158, "bridge": "", "width": "", "tunnel": "", "access": "" }, "geometry": { "type": "LineString", "coordinates": [ [ 10.0154177, 53.5625668 ], [ 10.0154728, 53.5625162 ], [ 10.0155255, 53.5624786 ], [ 10.0156635, 53.5623998 ] ] } },
{ "type": "Feature", "properties": { "u": 9445940433, "v": 10073686250, "key": 0, "osmid": "186649521", "highway": "tertiary", "lanes": "3", "maxspeed": "50", "name": "Barcastraße", "oneway": false, "ref": "", "reversed": "True", "length": 39.437326624885088, "bridge": "", "width": "", "tunnel": "", "access": "" }, "geometry": { "type": "LineString", "coordinates": [ [ 10.0161095, 53.5617731 ], [ 10.0163387, 53.5618999 ], [ 10.0163922, 53.5619296 ], [ 10.0164571, 53.5619655 ], [ 10.0165465, 53.5620148 ] ] } },
{ "type": "Feature", "properties": { "u": 9445940433, "v": 296087509, "key": 0, "osmid": [ 1462448032, 1462448033, 602009091 ], "highway": "tertiary", "lanes": [ "3", "2" ], "maxspeed": "50", "name": "Barcastraße", "oneway": false, "ref": "", "reversed": "False", "length": 153.07141231595961, "bridge": "", "width": "", "tunnel": "", "access": "" }, "geometry": { "type": "LineString", "coordinates": [ [ 10.0161095, 53.5617731 ], [ 10.0157689, 53.561575 ], [ 10.0156255, 53.5614783 ], [ 10.0155299, 53.5614069 ], [ 10.0154477, 53.5613373 ], [ 10.0153624, 53.5612524 ], [ 10.015277, 53.5611509 ], [ 10.015223, 53.561076 ], [ 10.0151673, 53.5609893 ], [ 10.0151, 53.5608753 ], [ 10.0149534, 53.5606082 ] ] } },
{ "type": "Feature", "properties": { "u": 9592363211, "v": 215252774, "key": 0, "osmid": "1041989573", "highway": "secondary", "lanes": "2", "maxspeed": "50", "name": "Klosterwall", "oneway": true, "ref": "Ring 1", "reversed": "False", "length": 3.0233875175130458, "bridge": "", "width": "", "tunnel": "", "access": "" }, "geometry": { "type": "LineString", "coordinates": [ [ 10.0065439, 53.5502378 ], [ 10.0065385, 53.5502648 ] ] } },
{ "type": "Feature", "properties": { "u": 9989047036, "v": 20997906, "key": 0, "osmid": "572210290", "highway": "tertiary", "lanes": "3", "maxspeed": "50", "name": "Kirchenallee", "oneway": true, "ref": "", "reversed": "False", "length": 8.8522419542559732, "bridge": "", "width": "", "tunnel": "", "access": "" }, "geometry": { "type": "LineString", "coordinates": [ [ 10.0085112, 53.5534959 ], [ 10.0084889, 53.5535744 ] ] } },
{ "type": "Feature", "properties": { "u": 10050732902, "v": 16808406, "key": 0, "osmid": "1462448038", "highway": "residential", "lanes": "1", "maxspeed": "50", "name": "Graumannsweg", "oneway": true, "ref": "", "reversed": "False", "length": 7.4095123703751717, "bridge": "", "width": "", "tunnel": "", "access": "" }, "geometry": { "type": "LineString", "coordinates": [ [ 10.017707, 53.5627287 ], [ 10.0178189, 53.5627335 ] ] } },
{ "type": "Feature", "properties": { "u": 10050732902, "v": 13414569775, "key": 0, "osmid": [ 186624441, 1097674278 ], "highway": "residential", "lanes": "1", "maxspeed": "50", "name": "Barcastraße", "oneway": true, "ref": "", "reversed": "False", "length": 53.60303906997639, "bridge": "", "width": "", "tunnel": "", "access": "" }, "geometry": { "type": "LineString", "coordinates": [ [ 10.017707, 53.5627287 ], [ 10.0176976, 53.5626961 ], [ 10.0176863, 53.5626748 ], [ 10.0176654, 53.5626494 ], [ 10.0176282, 53.5626148 ], [ 10.0175796, 53.5625827 ], [ 10.0174216, 53.5625018 ], [ 10.0172635, 53.5624188 ], [ 10.0172164, 53.5623602 ] ] } },
{ "type": "Feature", "properties": { "u": 10073686250, "v": 59744169, "key": 0, "osmid": "186624439", "highway": "tertiary", "lanes": "3", "maxspeed": "50", "name": "Barcastraße", "oneway": false, "ref": "", "reversed": "True", "length": 12.378211089360288, "bridge": "", "width": "", "tunnel": "", "access": "" }, "geometry": { "type": "LineString", "coordinates": [ [ 10.0165465, 53.5620148 ], [ 10.016685, 53.5620898 ] ] } },
{ "type": "Feature", "properties": { "u": 10073686250, "v": 9445940433, "key": 0, "osmid": "186649521", "highway": "tertiary", "lanes": "3", "maxspeed": "50", "name": "Barcastraße", "oneway": false, "ref": "", "reversed": "False", "length": 39.437326624885088, "bridge": "", "width": "", "tunnel": "", "access": "" }, "geometry": { "type": "LineString", "coordinates": [ [ 10.0165465, 53.5620148 ], [ 10.0164571, 53.5619655 ], [ 10.0163922, 53.5619296 ], [ 10.0163387, 53.5618999 ], [ 10.0161095, 53.5617731 ] ] } },
{ "type": "Feature", "properties": { "u": 10073686250, "v": 7156549505, "key": 0, "osmid": "1266104811", "highway": "primary", "lanes": "2", "maxspeed": "50", "name": "Sechslingspforte", "oneway": true, "ref": "", "reversed": "False", "length": 30.566682930758809, "bridge": "", "width": "", "tunnel": "", "access": "" }, "geometry": { "type": "LineString", "coordinates": [ [ 10.0165465, 53.5620148 ], [ 10.0167055, 53.5619395 ], [ 10.0167794, 53.5619054 ], [ 10.0169402, 53.5618812 ] ] } },
{ "type": "Feature", "properties": { "u": 10212423646, "v": 34629956, "key": 0, "osmid": "15649455", "highway": "primary", "lanes": "2", "maxspeed": "50", "name": "Bürgerweide", "oneway": true, "ref": "", "reversed": "False", "length": 19.620452360918343, "bridge": "", "width": "", "tunnel": "", "access": "" }, "geometry": { "type": "LineString", "coordinates": [ [ 10.026902, 53.5562194 ], [ 10.027003, 53.5561892 ], [ 10.0270879, 53.5561753 ], [ 10.0271827, 53.5561667 ] ] } },
{ "type": "Feature", "properties": { "u": 10212423646, "v": 26728691, "key": 0, "osmid": "143586391", "highway": "primary", "lanes": "3", "maxspeed": "50", "name": "Bürgerweide", "oneway": true, "ref": "B 75", "reversed": "False", "length": 25.926227710216821, "bridge": "", "width": "", "tunnel": "", "access": "" }, "geometry": { "type": "LineString", "coordinates": [ [ 10.026902, 53.5562194 ], [ 10.026946, 53.5561635 ], [ 10.0269603, 53.5561198 ], [ 10.0269542, 53.5560643 ], [ 10.0269226, 53.5559955 ] ] } },
{ "type": "Feature", "properties": { "u": 10588207462, "v": 92741846, "key": 0, "osmid": [ 55282768, 696163006 ], "highway": "residential", "lanes": "2", "maxspeed": "30", "name": "Münzstraße", "oneway": false, "ref": "", "reversed": "True", "length": 104.20946574503904, "bridge": "", "width": "7", "tunnel": "", "access": "" }, "geometry": { "type": "LineString", "coordinates": [ [ 10.0085283, 53.550526 ], [ 10.0085606, 53.5504722 ], [ 10.0085714, 53.5504523 ], [ 10.0085862, 53.5504336 ], [ 10.0086076, 53.5504144 ], [ 10.0086418, 53.5503951 ], [ 10.0086717, 53.5503806 ], [ 10.0087446, 53.5503504 ], [ 10.0095538, 53.5500587 ], [ 10.009768, 53.5499805 ] ] } },
{ "type": "Feature", "properties": { "u": 10588207462, "v": 33324491, "key": 0, "osmid": [ 1135854784, 640923168, 143586184, 1135854782 ], "highway": "secondary", "lanes": "2", "maxspeed": "30", "name": [ "Altmannbrücke", "Kurt-Schumacher-Allee" ], "oneway": true, "ref": "", "reversed": "False", "length": 177.80309918552032, "bridge": "yes", "width": "", "tunnel": "", "access": "" }, "geometry": { "type": "LineString", "coordinates": [ [ 10.0085283, 53.550526 ], [ 10.0085806, 53.5505354 ], [ 10.0089295, 53.5506027 ], [ 10.0089832, 53.5506134 ], [ 10.009227, 53.5506627 ], [ 10.0093627, 53.5506951 ], [ 10.0094874, 53.5507304 ], [ 10.0097003, 53.5507806 ], [ 10.0098827, 53.5508144 ], [ 10.0101603, 53.5508654 ], [ 10.0102923, 53.550885 ], [ 10.0104543, 53.5509084 ], [ 10.0105108, 53.5509166 ], [ 10.0110941, 53.5509996 ] ] } },
{ "type": "Feature", "properties": { "u": 10718408319, "v": 13414569800, "key": 0, "osmid": "1462448039", "highway": "residential", "lanes": "1", "maxspeed": "50", "name": "Buchtstraße", "oneway": true, "ref": "", "reversed": "False", "length": 17.693940005526773, "bridge": "", "width": "", "tunnel": "", "access": "no" }, "geometry": { "type": "LineString", "coordinates": [ [ 10.0176885, 53.5629469 ], [ 10.017664, 53.5628774 ], [ 10.0176774, 53.5628455 ], [ 10.0176985, 53.5627917 ] ] } },
{ "type": "Feature", "properties": { "u": 11186694543, "v": 8596249380, "key": 0, "osmid": "1207286639", "highway": "residential", "lanes": "", "maxspeed": "50", "name": "Danziger Straße", "oneway": true, "ref": "", "reversed": "False", "length": 9.8825699235975648, "bridge": "", "width": "", "tunnel": "", "access": "" }, "geometry": { "type": "LineString", "coordinates": [ [ 10.015948, 53.5551196 ], [ 10.0159109, 53.5552057 ] ] } },
{ "type": "Feature", "properties": { "u": 11186694543, "v": 8596109026, "key": 0, "osmid": "926311973", "highway": "secondary", "lanes": "2", "maxspeed": "50", "name": "Steindamm", "oneway": true, "ref": "", "reversed": "False", "length": 49.157718858517327, "bridge": "", "width": "", "tunnel": "", "access": "" }, "geometry": { "type": "LineString", "coordinates": [ [ 10.015948, 53.5551196 ], [ 10.0160995, 53.5551965 ], [ 10.016337, 53.5553048 ], [ 10.0164057, 53.5553358 ], [ 10.0165315, 53.5553938 ] ] } },
{ "type": "Feature", "properties": { "u": 13056472846, "v": 26678243, "key": 0, "osmid": "5229521", "highway": "residential", "lanes": "", "maxspeed": "30", "name": "Minenstraße", "oneway": false, "ref": "", "reversed": "True", "length": 126.15804761764619, "bridge": "", "width": "", "tunnel": "", "access": "" }, "geometry": { "type": "LineString", "coordinates": [ [ 10.021779, 53.5554266 ], [ 10.0217587, 53.555418 ], [ 10.0217282, 53.5554039 ], [ 10.0203214, 53.5547704 ], [ 10.0202569, 53.5547413 ] ] } },
{ "type": "Feature", "properties": { "u": 13124726767, "v": 248728377, "key": 0, "osmid": "143586233", "highway": "residential", "lanes": "", "maxspeed": "30", "name": "Baumeisterstraße", "oneway": false, "ref": "", "reversed": "True", "length": 13.624478793461371, "bridge": "", "width": "", "tunnel": "", "access": "" }, "geometry": { "type": "LineString", "coordinates": [ [ 10.0094617, 53.5552959 ], [ 10.0092916, 53.5553652 ] ] } },
{ "type": "Feature", "properties": { "u": 13124726767, "v": 93195007, "key": 0, "osmid": "143586233", "highway": "residential", "lanes": "", "maxspeed": "30", "name": "Baumeisterstraße", "oneway": false, "ref": "", "reversed": "False", "length": 30.600436871886501, "bridge": "", "width": "", "tunnel": "", "access": "" }, "geometry": { "type": "LineString", "coordinates": [ [ 10.0094617, 53.5552959 ], [ 10.0095762, 53.5552493 ], [ 10.0098484, 53.5551444 ] ] } },
{ "type": "Feature", "properties": { "u": 13278530905, "v": 305286849, "key": 0, "osmid": [ 27805080, 1447240597 ], "highway": "residential", "lanes": "", "maxspeed": "30", "name": "Klaus-Groth-Straße", "oneway": false, "ref": "", "reversed": "True", "length": 12.711661973312061, "bridge": "", "width": "6.6", "tunnel": "", "access": "" }, "geometry": { "type": "LineString", "coordinates": [ [ 10.0266064, 53.5539168 ], [ 10.0265893, 53.5538733 ], [ 10.0265681, 53.5538048 ] ] } },
{ "type": "Feature", "properties": { "u": 13278530906, "v": 1412415634, "key": 0, "osmid": [ 35576865, 1265582613, 1265582614, 1265582617 ], "highway": "residential", "lanes": "", "maxspeed": "30", "name": "Klaus-Groth-Straße", "oneway": false, "ref": "", "reversed": "False", "length": 120.13557741463619, "bridge": "", "width": "", "tunnel": "", "access": "" }, "geometry": { "type": "LineString", "coordinates": [ [ 10.0267319, 53.5542365 ], [ 10.0267413, 53.5542604 ], [ 10.0267512, 53.5542857 ], [ 10.0267734, 53.5543292 ], [ 10.026887, 53.5544666 ], [ 10.0269403, 53.5545129 ], [ 10.0270189, 53.5545644 ], [ 10.0270955, 53.554601 ], [ 10.0272302, 53.5546501 ], [ 10.027344, 53.5546805 ], [ 10.0274102, 53.5546982 ], [ 10.0275966, 53.5547331 ], [ 10.0278132, 53.5547737 ], [ 10.0278981, 53.5547896 ], [ 10.0280717, 53.5548221 ], [ 10.0281105, 53.5548294 ] ] } },
{ "type": "Feature", "properties": { "u": 13414569775, "v": 59744169, "key": 0, "osmid": "189764300", "highway": "residential", "lanes": "3", "maxspeed": "50", "name": "Barcastraße", "oneway": false, "ref": "", "reversed": "False", "length": 46.219663604431965, "bridge": "", "width": "", "tunnel": "", "access": "" }, "geometry": { "type": "LineString", "coordinates": [ [ 10.0172164, 53.5623602 ], [ 10.0169034, 53.5622048 ], [ 10.0168362, 53.5621703 ], [ 10.0167745, 53.5621374 ], [ 10.016685, 53.5620898 ] ] } },
{ "type": "Feature", "properties": { "u": 13414569775, "v": 16808406, "key": 0, "osmid": [ 1082517563, 186624443 ], "highway": "residential", "lanes": "1", "maxspeed": "50", "name": "Barcastraße", "oneway": true, "ref": "", "reversed": "False", "length": 60.887062357688301, "bridge": "", "width": "", "tunnel": "", "access": "" }, "geometry": { "type": "LineString", "coordinates": [ [ 10.0172164, 53.5623602 ], [ 10.0173245, 53.5623731 ], [ 10.017489, 53.5624555 ], [ 10.0177078, 53.5625717 ], [ 10.0177555, 53.5626058 ], [ 10.0177935, 53.562646 ], [ 10.0178105, 53.5626759 ], [ 10.0178174, 53.562701 ], [ 10.0178189, 53.5627335 ] ] } },
{ "type": "Feature", "properties": { "u": 13414569800, "v": 10050732902, "key": 0, "osmid": "186624441", "highway": "residential", "lanes": "1", "maxspeed": "50", "name": "Barcastraße", "oneway": true, "ref": "", "reversed": "False", "length": 7.0487534175724065, "bridge": "", "width": "", "tunnel": "", "access": "" }, "geometry": { "type": "LineString", "coordinates": [ [ 10.0176985, 53.5627917 ], [ 10.0177064, 53.5627636 ], [ 10.017707, 53.5627287 ] ] } }
]
}
